Order_ID,Order_Date,Product,Category,Region,City,Sales,Quantity,Discount,Payment_Mode,Customer_Segment,Profit
ORD100001,2024-01-01 00:00:00.000000,Cookware Set,Home & Kitchen,South,Ahmedabad,49793.65,8,0.05,Net Banking,Corporate,11988.24
ORD100002,2024-01-01 03:30:16.923384,Exam Guide,Books,South,Kolkata,44885.37,9,0.02,UPI,Consumer,10825.11
ORD100003,2024-01-01 07:00:33.846769,Shoes,Clothing,East,Kolkata,1249.82,1,0.12,Net Banking,Corporate,253.77
ORD100004,2024-01-01 10:30:50.770154,Business Book,Books,West,Ahmedabad,42960.75,9,0.05,Net Banking,Consumer,8871.01
ORD100005,2024-01-01 14:01:07.693538,Exam Guide,Books,North,Pune,45987.59,7,0.21,Debit Card,Consumer,2803.47
ORD100006,2024-01-01 17:31:24.616923,Table,Furniture,West,Hyderabad,17806.7,1,0.21,UPI,Consumer,4202.45
ORD100007,2024-01-01 21:01:41.540308,Dress,Clothing,West,Pune,36031.18,7,0.23,UPI,Consumer,2504.19
ORD100008,2024-01-02 00:31:58.463692,Jacket,Clothing,East,Chennai,22216.77,5,0.3,Credit Card,Corporate,3095.32
ORD100009,2024-01-02 04:02:15.387077,Shoes,Clothing,West,Bengaluru,32830.58,7,0.39,Debit Card,Corporate,2248.73
ORD100010,2024-01-02 07:32:32.310462,Business Book,Books,West,Hyderabad,17147.81,9,0.35,UPI,Consumer,1027.61
ORD100011,2024-01-02 11:02:49.233846,Air Fryer,Home & Kitchen,North,Pune,16263.45,8,0.05,Debit Card,Consumer,2933.49
ORD100012,2024-01-02 14:33:06.157231,Dress,Clothing,West,Pune,21336.81,6,0.14,Debit Card,Consumer,4754.14
ORD100013,2024-01-02 18:03:23.080616,Novel,Books,North,Delhi,7449.27,2,0.1,Cash on Delivery,Home Office,967.01
ORD100014,2024-01-02 21:33:40.004000,Table,Furniture,East,Hyderabad,41590.72,8,0.07,UPI,Home Office,2680.18
ORD100015,2024-01-03 01:03:56.927385,Dinner Set,Home & Kitchen,North,Bengaluru,17565.16,4,0.22,Cash on Delivery,Corporate,2821.54
ORD100016,2024-01-03 04:34:13.850770,Bookshelf,Furniture,South,Mumbai,20127.45,8,0.22,Net Banking,Home Office,3793.1
ORD100017,2024-01-03 08:04:30.774154,Coffee Maker,Home & Kitchen,South,Mumbai,44723.92,7,0.09,Net Banking,Home Office,5047.51
ORD100018,2024-01-03 11:34:47.697539,Exam Guide,Books,North,Pune,24931.87,4,0.28,Cash on Delivery,Consumer,3996.73
ORD100019,2024-01-03 15:05:04.620924,Smartwatch,Electronics,South,Ahmedabad,27303.84,8,0.29,Net Banking,Consumer,1336.6
ORD100020,2024-01-03 18:35:21.544308,Mixer,Home & Kitchen,East,Bengaluru,47833.61,2,0.01,Cash on Delivery,Home Office,6646.65
ORD100021,2024-01-03 22:05:38.467693,Sofa,Furniture,South,Bengaluru,44358.97,9,0.16,Credit Card,Home Office,6279.79
ORD100022,2024-01-04 01:35:55.391078,Novel,Books,North,Chennai,8639.44,6,0.36,Debit Card,Home Office,1357.38
ORD100023,2024-01-04 05:06:12.314462,Cookware Set,Home & Kitchen,East,Lucknow,23766.11,7,0.21,Credit Card,Consumer,2525.93
ORD100024,2024-01-04 08:36:29.237847,Tablet,Electronics,South,Delhi,48570.55,1,0.14,UPI,Corporate,6826.37
ORD100025,2024-01-04 12:06:46.161232,Smartwatch,Electronics,East,Chennai,18743.84,3,0.1,Credit Card,Home Office,3493.47
ORD100026,2024-01-04 15:37:03.084616,Dress,Clothing,North,Bengaluru,18704.34,5,0.1,Credit Card,Corporate,3468.12
ORD100027,2024-01-04 19:07:20.008001,Jacket,Clothing,South,Jaipur,9912.51,7,0.04,Net Banking,Corporate,1707.55
ORD100028,2024-01-04 22:37:36.931386,Desk,Furniture,East,Ahmedabad,5893.29,1,0.33,Cash on Delivery,Home Office,521.67
ORD100029,2024-01-05 02:07:53.854770,Dinner Set,Home & Kitchen,East,Bengaluru,37067.18,9,0.03,UPI,Corporate,7819.57
ORD100030,2024-01-05 05:38:10.778155,Air Fryer,Home & Kitchen,South,Delhi,38547.52,5,0.12,Net Banking,Consumer,8795.54
ORD100031,2024-01-05 09:08:27.701540,Dress,Clothing,East,Bengaluru,48456.85,3,0.02,UPI,Home Office,4200.46
ORD100032,2024-01-05 12:38:44.624924,Coffee Maker,Home & Kitchen,East,Hyderabad,38716.23,7,0.31,Debit Card,Home Office,3609.5
ORD100033,2024-01-05 16:09:01.548309,Coffee Maker,Home & Kitchen,North,Hyderabad,12318.95,8,0.02,Cash on Delivery,Home Office,2622.01
ORD100034,2024-01-05 19:39:18.471694,Smartwatch,Electronics,North,Kolkata,2197.81,3,0.12,Net Banking,Home Office,462.13
ORD100035,2024-01-05 23:09:35.395079,Shoes,Clothing,North,Delhi,49274.78,7,0.23,Credit Card,Consumer,9309.53
ORD100036,2024-01-06 02:39:52.318463,Programming Book,Books,North,Pune,17154.44,7,0.16,Debit Card,Consumer,3073.85
ORD100037,2024-01-06 06:10:09.241848,Jacket,Clothing,North,Lucknow,15736.18,4,0.11,Credit Card,Corporate,2374.83
ORD100038,2024-01-06 09:40:26.165233,Data Science Book,Books,North,Pune,45316.57,9,0.11,UPI,Home Office,8528.14
ORD100039,2024-01-06 13:10:43.088617,Smartwatch,Electronics,South,Lucknow,29337.97,1,0.32,Debit Card,Home Office,1671.02
ORD100040,2024-01-06 16:41:00.012002,Office Chair,Furniture,North,Lucknow,10900.58,1,0.39,Net Banking,Corporate,677.84
ORD100041,2024-01-06 20:11:16.935387,Coffee Maker,Home & Kitchen,East,Lucknow,44476.99,5,0.14,Credit Card,Consumer,10782.08
ORD100042,2024-01-06 23:41:33.858771,Laptop,Electronics,South,Mumbai,49669.37,3,0.02,Credit Card,Home Office,13655.69
ORD100043,2024-01-07 03:11:50.782156,Coffee Maker,Home & Kitchen,East,Lucknow,4516.59,9,0.01,UPI,Corporate,1032.77
ORD100044,2024-01-07 06:42:07.705541,Desk,Furniture,North,Bengaluru,43140.13,5,0.3,UPI,Consumer,3978.95
ORD100045,2024-01-07 10:12:24.628925,Desk,Furniture,North,Jaipur,19647.68,7,0.22,Cash on Delivery,Corporate,3252.16
ORD100046,2024-01-07 13:42:41.552310,Tablet,Electronics,East,Delhi,26298.81,1,0.31,Cash on Delivery,Corporate,4027.51
ORD100047,2024-01-07 17:12:58.475695,Sofa,Furniture,East,Jaipur,45757.84,2,0.28,UPI,Consumer,5889.98
ORD100048,2024-01-07 20:43:15.399079,Data Science Book,Books,East,Kolkata,48674.28,4,0.36,Cash on Delivery,Home Office,7387.01
ORD100049,2024-01-08 00:13:32.322464,Table,Furniture,West,Bengaluru,13255.76,9,0.35,Credit Card,Consumer,494.77
ORD100050,2024-01-08 03:43:49.245849,Cookware Set,Home & Kitchen,West,Lucknow,10799.97,5,0.32,UPI,Home Office,837.62
ORD100051,2024-01-08 07:14:06.169233,Coffee Maker,Home & Kitchen,West,Mumbai,4209.72,5,0.19,Debit Card,Consumer,847.74
ORD100052,2024-01-08 10:44:23.092618,Dinner Set,Home & Kitchen,West,Chennai,28177.53,9,0.12,UPI,Home Office,7058.87
ORD100053,2024-01-08 14:14:40.016003,Coffee Maker,Home & Kitchen,South,Pune,877.5,8,0.2,Net Banking,Home Office,188.85
ORD100054,2024-01-08 17:44:56.939387,Novel,Books,North,Hyderabad,20712.54,2,0.2,Net Banking,Corporate,3796.58
ORD100055,2024-01-08 21:15:13.862772,Dress,Clothing,East,Delhi,3854.52,7,0.24,UPI,Corporate,267.67
ORD100056,2024-01-09 00:45:30.786157,Smartphone,Electronics,North,Jaipur,20380.24,1,0.07,Debit Card,Home Office,2694.82
ORD100057,2024-01-09 04:15:47.709541,Mixer,Home & Kitchen,East,Bengaluru,2188.62,9,0.26,UPI,Consumer,101.31
ORD100058,2024-01-09 07:46:04.632926,Desk,Furniture,North,Chennai,41793.82,3,0.18,Debit Card,Home Office,7195.71
ORD100059,2024-01-09 11:16:21.556311,Coffee Maker,Home & Kitchen,South,Ahmedabad,10645.0,2,0.25,Credit Card,Consumer,1297.09
ORD100060,2024-01-09 14:46:38.479695,Bookshelf,Furniture,West,Ahmedabad,16549.77,4,0.1,Credit Card,Home Office,2878.46
ORD100061,2024-01-09 18:16:55.403080,Desk,Furniture,North,Hyderabad,43528.39,4,0.17,Debit Card,Consumer,10652.08
ORD100062,2024-01-09 21:47:12.326465,Air Fryer,Home & Kitchen,East,Ahmedabad,37364.05,3,0.08,Cash on Delivery,Corporate,5175.6
ORD100063,2024-01-10 01:17:29.249849,Programming Book,Books,North,Pune,11108.11,2,0.35,Credit Card,Consumer,914.65
ORD100064,2024-01-10 04:47:46.173234,Table,Furniture,South,Kolkata,3780.59,5,0.2,Net Banking,Corporate,265.1
ORD100065,2024-01-10 08:18:03.096619,Table,Furniture,South,Ahmedabad,35840.55,4,0.09,UPI,Consumer,2801.7
ORD100066,2024-01-10 11:48:20.020004,Air Fryer,Home & Kitchen,North,Hyderabad,19656.99,5,0.02,Cash on Delivery,Corporate,3460.62
ORD100067,2024-01-10 15:18:36.943388,Table,Furniture,West,Kolkata,38350.78,8,0.27,Net Banking,Consumer,6643.66
ORD100068,2024-01-10 18:48:53.866773,Desk,Furniture,East,Pune,22375.68,2,0.09,UPI,Home Office,3891.47
ORD100069,2024-01-10 22:19:10.790158,Air Fryer,Home & Kitchen,South,Hyderabad,17430.92,9,0.4,Net Banking,Consumer,2806.27
ORD100070,2024-01-11 01:49:27.713542,Coffee Maker,Home & Kitchen,South,Ahmedabad,22670.03,1,0.21,Cash on Delivery,Corporate,2309.73
ORD100071,2024-01-11 05:19:44.636927,Smartphone,Electronics,North,Lucknow,37478.24,8,0.12,Debit Card,Corporate,6555.33
ORD100072,2024-01-11 08:50:01.560312,Novel,Books,South,Delhi,45130.57,5,0.26,UPI,Consumer,7190.64
ORD100073,2024-01-11 12:20:18.483696,Novel,Books,South,Ahmedabad,2678.41,2,0.11,Net Banking,Home Office,286.47
ORD100074,2024-01-11 15:50:35.407081,Sofa,Furniture,East,Hyderabad,26300.75,8,0.33,Net Banking,Consumer,2626.94
ORD100075,2024-01-11 19:20:52.330466,Programming Book,Books,West,Delhi,1835.2,5,0.12,Cash on Delivery,Consumer,319.34
ORD100076,2024-01-11 22:51:09.253850,Table,Furniture,East,Delhi,23526.8,3,0.4,Cash on Delivery,Corporate,779.67
ORD100077,2024-01-12 02:21:26.177235,Headphones,Electronics,West,Kolkata,44287.08,7,0.24,Cash on Delivery,Home Office,9143.34
ORD100078,2024-01-12 05:51:43.100620,Mixer,Home & Kitchen,East,Pune,18207.2,4,0.34,Debit Card,Home Office,934.49
ORD100079,2024-01-12 09:22:00.024004,Air Fryer,Home & Kitchen,North,Ahmedabad,46636.03,6,0.03,Credit Card,Home Office,2799.69
ORD100080,2024-01-12 12:52:16.947389,Dinner Set,Home & Kitchen,South,Chennai,31604.3,8,0.14,Net Banking,Home Office,2820.13
ORD100081,2024-01-12 16:22:33.870774,Business Book,Books,West,Lucknow,46720.94,1,0.29,Debit Card,Consumer,5824.3
ORD100082,2024-01-12 19:52:50.794158,Smartphone,Electronics,North,Pune,37906.9,2,0.26,Net Banking,Home Office,3707.64
ORD100083,2024-01-12 23:23:07.717543,Novel,Books,South,Chennai,5351.07,8,0.08,Debit Card,Home Office,787.86
ORD100084,2024-01-13 02:53:24.640928,Business Book,Books,South,Chennai,11711.34,7,0.14,UPI,Home Office,715.78
ORD100085,2024-01-13 06:23:41.564312,Laptop,Electronics,South,Jaipur,19829.69,9,0.11,Credit Card,Corporate,1910.9
ORD100086,2024-01-13 09:53:58.487697,Laptop,Electronics,East,Kolkata,8671.32,2,0.25,Net Banking,Corporate,483.96
ORD100087,2024-01-13 13:24:15.411082,Headphones,Electronics,North,Mumbai,24846.6,8,0.14,Cash on Delivery,Corporate,2295.5
ORD100088,2024-01-13 16:54:32.334466,Smartwatch,Electronics,North,Bengaluru,23674.13,6,0.12,Credit Card,Home Office,4704.71
ORD100089,2024-01-13 20:24:49.257851,Mixer,Home & Kitchen,South,Bengaluru,47821.71,1,0.08,Net Banking,Consumer,8527.42
ORD100090,2024-01-13 23:55:06.181236,Shoes,Clothing,West,Kolkata,21799.65,4,0.16,UPI,Consumer,2444.48
ORD100091,2024-01-14 03:25:23.104620,Dress,Clothing,North,Kolkata,39324.21,2,0.08,Net Banking,Corporate,4171.6
ORD100092,2024-01-14 06:55:40.028005,Smartphone,Electronics,East,Chennai,47107.15,7,0.39,Net Banking,Corporate,8602.85
ORD100093,2024-01-14 10:25:56.951390,Jeans,Clothing,West,Kolkata,43874.04,9,0.06,Net Banking,Home Office,9979.1
ORD100094,2024-01-14 13:56:13.874774,Jeans,Clothing,West,Chennai,10591.65,6,0.37,Credit Card,Corporate,1704.96
ORD100095,2024-01-14 17:26:30.798159,Smartwatch,Electronics,West,Pune,24902.29,4,0.17,Net Banking,Corporate,1169.68
ORD100096,2024-01-14 20:56:47.721544,Shoes,Clothing,West,Mumbai,17517.44,5,0.15,Cash on Delivery,Corporate,966.3
ORD100097,2024-01-15 00:27:04.644928,Data Science Book,Books,North,Jaipur,20112.96,1,0.09,Debit Card,Corporate,4175.85
ORD100098,2024-01-15 03:57:21.568313,Desk,Furniture,South,Chennai,18168.18,4,0.25,Cash on Delivery,Consumer,1334.79
ORD100099,2024-01-15 07:27:38.491698,Bookshelf,Furniture,West,Kolkata,41352.69,3,0.27,UPI,Home Office,4721.74
ORD100100,2024-01-15 10:57:55.415083,Smartphone,Electronics,East,Delhi,22716.52,9,0.19,Credit Card,Consumer,1767.2
ORD100101,2024-01-15 14:28:12.338467,Air Fryer,Home & Kitchen,East,Ahmedabad,26279.98,6,0.02,Debit Card,Corporate,2427.81
ORD100102,2024-01-15 17:58:29.261852,Headphones,Electronics,South,Bengaluru,49125.88,4,0.37,Credit Card,Home Office,2391.43
ORD100103,2024-01-15 21:28:46.185237,Dinner Set,Home & Kitchen,North,Mumbai,3186.97,3,0.39,Credit Card,Home Office,386.02
ORD100104,2024-01-16 00:59:03.108621,Bookshelf,Furniture,South,Ahmedabad,24500.29,4,0.17,Net Banking,Consumer,4775.23
ORD100105,2024-01-16 04:29:20.032006,Smartwatch,Electronics,West,Hyderabad,38748.27,8,0.25,Cash on Delivery,Consumer,1866.05
ORD100106,2024-01-16 07:59:36.955391,Data Science Book,Books,North,Kolkata,7727.87,5,0.18,Debit Card,Corporate,753.38
ORD100107,2024-01-16 11:29:53.878775,Jeans,Clothing,North,Chennai,30654.27,1,0.13,Net Banking,Consumer,5723.0
ORD100108,2024-01-16 15:00:10.802160,Air Fryer,Home & Kitchen,West,Jaipur,12125.35,5,0.03,Debit Card,Corporate,1741.64
ORD100109,2024-01-16 18:30:27.725545,T-Shirt,Clothing,East,Delhi,43396.72,8,0.18,Cash on Delivery,Corporate,8048.2
ORD100110,2024-01-16 22:00:44.648929,Jeans,Clothing,West,Jaipur,16489.56,4,0.33,Net Banking,Corporate,2649.39
ORD100111,2024-01-17 01:31:01.572314,Laptop,Electronics,South,Ahmedabad,16587.33,2,0.01,Debit Card,Home Office,953.65
ORD100112,2024-01-17 05:01:18.495699,Jeans,Clothing,West,Delhi,29990.06,3,0.23,Net Banking,Home Office,3353.35
ORD100113,2024-01-17 08:31:35.419083,Business Book,Books,East,Lucknow,9341.43,9,0.35,Credit Card,Consumer,1410.42
ORD100114,2024-01-17 12:01:52.342468,Shoes,Clothing,West,Bengaluru,14387.45,7,0.09,UPI,Consumer,1893.24
ORD100115,2024-01-17 15:32:09.265853,Smartwatch,Electronics,South,Kolkata,20948.27,3,0.07,Debit Card,Home Office,1002.51
ORD100116,2024-01-17 19:02:26.189237,Programming Book,Books,South,Hyderabad,17811.17,5,0.31,Cash on Delivery,Consumer,1647.75
ORD100117,2024-01-17 22:32:43.112622,Table,Furniture,East,Ahmedabad,26338.89,3,0.1,Debit Card,Corporate,6356.81
ORD100118,2024-01-18 02:03:00.036007,Jeans,Clothing,South,Chennai,30062.08,4,0.08,UPI,Corporate,7964.83
ORD100119,2024-01-18 05:33:16.959391,Smartwatch,Electronics,South,Bengaluru,28420.04,8,0.15,Debit Card,Home Office,4592.96
ORD100120,2024-01-18 09:03:33.882776,Desk,Furniture,West,Hyderabad,32777.58,3,0.16,Debit Card,Consumer,3485.42
ORD100121,2024-01-18 12:33:50.806161,Office Chair,Furniture,North,Jaipur,15525.93,3,0.35,Debit Card,Consumer,1680.46
ORD100122,2024-01-18 16:04:07.729545,Dinner Set,Home & Kitchen,South,Bengaluru,6496.03,8,0.25,Cash on Delivery,Home Office,531.3
ORD100123,2024-01-18 19:34:24.652930,Programming Book,Books,South,Hyderabad,38088.22,7,0.16,UPI,Corporate,2944.46
ORD100124,2024-01-18 23:04:41.576315,Jeans,Clothing,East,Hyderabad,42568.86,7,0.21,UPI,Corporate,5830.79
ORD100125,2024-01-19 02:34:58.499699,Tablet,Electronics,East,Jaipur,12998.91,2,0.38,Cash on Delivery,Consumer,1887.26
ORD100126,2024-01-19 06:05:15.423084,Dinner Set,Home & Kitchen,West,Hyderabad,20473.18,7,0.05,Debit Card,Home Office,2054.18
ORD100127,2024-01-19 09:35:32.346469,Programming Book,Books,West,Mumbai,25028.75,3,0.08,Debit Card,Home Office,6387.18
ORD100128,2024-01-19 13:05:49.269853,Coffee Maker,Home & Kitchen,South,Delhi,26759.68,7,0.39,UPI,Corporate,1502.68
ORD100129,2024-01-19 16:36:06.193238,Novel,Books,North,Mumbai,33042.61,4,0.38,Debit Card,Corporate,3884.28
ORD100130,2024-01-19 20:06:23.116623,Data Science Book,Books,North,Jaipur,2271.84,8,0.07,Credit Card,Consumer,515.73
ORD100131,2024-01-19 23:36:40.040008,Jacket,Clothing,West,Pune,36129.56,8,0.06,Debit Card,Home Office,3509.85
ORD100132,2024-01-20 03:06:56.963392,Programming Book,Books,East,Bengaluru,3286.16,6,0.17,Debit Card,Consumer,338.51
ORD100133,2024-01-20 06:37:13.886777,Cookware Set,Home & Kitchen,South,Lucknow,23520.77,3,0.02,Net Banking,Consumer,1449.2
ORD100134,2024-01-20 10:07:30.810162,Novel,Books,South,Chennai,41418.02,6,0.26,UPI,Home Office,8765.31
ORD100135,2024-01-20 13:37:47.733546,T-Shirt,Clothing,North,Chennai,22670.52,6,0.03,UPI,Home Office,3776.7
ORD100136,2024-01-20 17:08:04.656931,Jeans,Clothing,West,Ahmedabad,7624.67,3,0.02,Credit Card,Corporate,493.74
ORD100137,2024-01-20 20:38:21.580316,Coffee Maker,Home & Kitchen,North,Ahmedabad,49254.69,4,0.19,Credit Card,Home Office,10274.56
ORD100138,2024-01-21 00:08:38.503700,Office Chair,Furniture,North,Jaipur,44486.42,2,0.38,Credit Card,Consumer,5304.93
ORD100139,2024-01-21 03:38:55.427085,Sofa,Furniture,West,Ahmedabad,38611.42,1,0.17,UPI,Consumer,2045.31
ORD100140,2024-01-21 07:09:12.350470,Novel,Books,East,Chennai,20693.28,2,0.14,Net Banking,Home Office,2895.87
ORD100141,2024-01-21 10:39:29.273854,Laptop,Electronics,South,Mumbai,9355.52,7,0.4,Net Banking,Consumer,890.28
ORD100142,2024-01-21 14:09:46.197239,Novel,Books,East,Lucknow,47082.28,5,0.21,Cash on Delivery,Home Office,3218.13
ORD100143,2024-01-21 17:40:03.120624,Mixer,Home & Kitchen,West,Chennai,26711.09,9,0.15,UPI,Corporate,3521.3
ORD100144,2024-01-21 21:10:20.044008,Cookware Set,Home & Kitchen,West,Mumbai,42647.3,3,0.15,Cash on Delivery,Corporate,4375.46
ORD100145,2024-01-22 00:40:36.967393,Coffee Maker,Home & Kitchen,South,Pune,17236.33,2,0.08,Debit Card,Home Office,3567.69
ORD100146,2024-01-22 04:10:53.890778,Coffee Maker,Home & Kitchen,East,Jaipur,16897.36,4,0.2,Credit Card,Consumer,694.45
ORD100147,2024-01-22 07:41:10.814162,Cookware Set,Home & Kitchen,South,Kolkata,49279.92,2,0.18,Cash on Delivery,Home Office,3095.13
ORD100148,2024-01-22 11:11:27.737547,T-Shirt,Clothing,North,Pune,26187.29,7,0.11,Cash on Delivery,Home Office,6518.0
ORD100149,2024-01-22 14:41:44.660932,Bookshelf,Furniture,North,Pune,7206.63,6,0.06,UPI,Corporate,1072.59
ORD100150,2024-01-22 18:12:01.584316,Coffee Maker,Home & Kitchen,North,Chennai,11139.8,8,0.12,Credit Card,Home Office,921.93
ORD100151,2024-01-22 21:42:18.507701,Smartwatch,Electronics,East,Jaipur,24200.83,5,0.2,Credit Card,Corporate,4807.38
ORD100152,2024-01-23 01:12:35.431086,Headphones,Electronics,North,Delhi,2315.05,2,0.02,Net Banking,Corporate,596.45
ORD100153,2024-01-23 04:42:52.354470,Smartphone,Electronics,South,Hyderabad,23234.19,4,0.06,Cash on Delivery,Home Office,2245.24
ORD100154,2024-01-23 08:13:09.277855,Laptop,Electronics,East,Pune,21063.25,1,0.38,Net Banking,Home Office,2982.72
ORD100155,2024-01-23 11:43:26.201240,Jeans,Clothing,South,Ahmedabad,39010.95,2,0.22,Cash on Delivery,Home Office,6200.85
ORD100156,2024-01-23 15:13:43.124624,Tablet,Electronics,West,Mumbai,17876.11,4,0.03,UPI,Home Office,4096.78
ORD100157,2024-01-23 18:44:00.048009,Coffee Maker,Home & Kitchen,East,Delhi,49130.93,6,0.28,UPI,Corporate,8736.55
ORD100158,2024-01-23 22:14:16.971394,Exam Guide,Books,South,Jaipur,9202.34,4,0.02,Debit Card,Home Office,1941.04
ORD100159,2024-01-24 01:44:33.894778,Smartwatch,Electronics,South,Kolkata,29631.14,4,0.3,Cash on Delivery,Corporate,5995.5
ORD100160,2024-01-24 05:14:50.818163,Shoes,Clothing,East,Lucknow,4667.02,2,0.3,Cash on Delivery,Corporate,869.18
ORD100161,2024-01-24 08:45:07.741548,Dress,Clothing,West,Delhi,36746.43,9,0.26,Credit Card,Consumer,2916.19
ORD100162,2024-01-24 12:15:24.664932,Tablet,Electronics,East,Kolkata,49738.73,8,0.29,Credit Card,Corporate,9831.25
ORD100163,2024-01-24 15:45:41.588317,Novel,Books,North,Chennai,40993.1,8,0.04,Net Banking,Consumer,5505.51
ORD100164,2024-01-24 19:15:58.511702,Tablet,Electronics,North,Bengaluru,27874.04,5,0.29,Debit Card,Home Office,4584.2
ORD100165,2024-01-24 22:46:15.435087,Jeans,Clothing,West,Hyderabad,24340.12,3,0.05,UPI,Consumer,6058.32
ORD100166,2024-01-25 02:16:32.358471,Desk,Furniture,South,Chennai,41784.49,6,0.14,Cash on Delivery,Home Office,5716.94
ORD100167,2024-01-25 05:46:49.281856,Cookware Set,Home & Kitchen,South,Jaipur,46811.51,9,0.38,Net Banking,Corporate,1824.89
ORD100168,2024-01-25 09:17:06.205241,Shoes,Clothing,South,Bengaluru,49462.48,8,0.2,Debit Card,Consumer,11373.02
ORD100169,2024-01-25 12:47:23.128625,Smartwatch,Electronics,East,Kolkata,19947.65,7,0.39,Credit Card,Home Office,828.89
ORD100170,2024-01-25 16:17:40.052010,Dinner Set,Home & Kitchen,East,Bengaluru,49547.69,8,0.04,Debit Card,Home Office,6517.82
ORD100171,2024-01-25 19:47:56.975395,Smartwatch,Electronics,West,Lucknow,7965.13,4,0.19,Net Banking,Consumer,1284.62
ORD100172,2024-01-25 23:18:13.898779,Tablet,Electronics,North,Ahmedabad,12826.78,6,0.02,UPI,Consumer,997.88
ORD100173,2024-01-26 02:48:30.822164,Sofa,Furniture,South,Ahmedabad,4633.0,5,0.25,Credit Card,Home Office,901.88
ORD100174,2024-01-26 06:18:47.745549,Mixer,Home & Kitchen,North,Chennai,13732.58,2,0.03,Credit Card,Home Office,1343.46
ORD100175,2024-01-26 09:49:04.668933,Mixer,Home & Kitchen,East,Chennai,38443.29,8,0.07,UPI,Corporate,10600.58
ORD100176,2024-01-26 13:19:21.592318,Table,Furniture,East,Jaipur,42675.63,3,0.1,Credit Card,Home Office,10720.01
ORD100177,2024-01-26 16:49:38.515703,Shoes,Clothing,East,Jaipur,38988.85,5,0.3,Net Banking,Consumer,5489.53
ORD100178,2024-01-26 20:19:55.439087,Smartwatch,Electronics,North,Mumbai,31627.08,8,0.07,Credit Card,Home Office,6323.91
ORD100179,2024-01-26 23:50:12.362472,Novel,Books,West,Lucknow,25795.53,9,0.34,Cash on Delivery,Home Office,3122.42
ORD100180,2024-01-27 03:20:29.285857,Headphones,Electronics,West,Jaipur,35493.47,9,0.05,Debit Card,Consumer,4982.83
ORD100181,2024-01-27 06:50:46.209241,Tablet,Electronics,East,Pune,19663.51,5,0.01,Net Banking,Corporate,2685.01
ORD100182,2024-01-27 10:21:03.132626,Jacket,Clothing,South,Lucknow,42097.16,2,0.16,UPI,Home Office,9650.67
ORD100183,2024-01-27 13:51:20.056011,Headphones,Electronics,North,Mumbai,33924.07,7,0.39,Net Banking,Consumer,4017.78
ORD100184,2024-01-27 17:21:36.979395,Table,Furniture,East,Ahmedabad,34950.67,7,0.04,Cash on Delivery,Consumer,8583.55
ORD100185,2024-01-27 20:51:53.902780,Sofa,Furniture,North,Delhi,26889.61,8,0.04,Credit Card,Consumer,4608.26
ORD100186,2024-01-28 00:22:10.826165,Dinner Set,Home & Kitchen,North,Mumbai,44284.4,8,0.3,Credit Card,Consumer,3929.33
ORD100187,2024-01-28 03:52:27.749549,Data Science Book,Books,West,Mumbai,12750.33,5,0.12,Net Banking,Corporate,818.41
ORD100188,2024-01-28 07:22:44.672934,Smartwatch,Electronics,East,Chennai,19181.15,1,0.29,Credit Card,Consumer,1783.01
ORD100189,2024-01-28 10:53:01.596319,Laptop,Electronics,West,Hyderabad,38926.6,4,0.08,Credit Card,Home Office,9670.42
ORD100190,2024-01-28 14:23:18.519703,Dress,Clothing,East,Bengaluru,24738.9,4,0.18,Cash on Delivery,Corporate,4624.99
ORD100191,2024-01-28 17:53:35.443088,Table,Furniture,North,Ahmedabad,44482.86,3,0.11,UPI,Consumer,9757.19
ORD100192,2024-01-28 21:23:52.366473,Business Book,Books,West,Kolkata,17450.69,8,0.18,Debit Card,Home Office,3482.36
ORD100193,2024-01-29 00:54:09.289857,Mixer,Home & Kitchen,North,Kolkata,18592.64,3,0.31,Net Banking,Corporate,1026.23
ORD100194,2024-01-29 04:24:26.213242,Office Chair,Furniture,East,Jaipur,44459.04,5,0.3,UPI,Home Office,2792.05
ORD100195,2024-01-29 07:54:43.136627,Coffee Maker,Home & Kitchen,South,Ahmedabad,23325.64,2,0.21,Debit Card,Corporate,2382.82
ORD100196,2024-01-29 11:25:00.060012,Jeans,Clothing,West,Pune,25903.0,6,0.37,UPI,Consumer,2044.06
ORD100197,2024-01-29 14:55:16.983396,Dress,Clothing,West,Jaipur,16771.63,6,0.11,Net Banking,Home Office,992.93
ORD100198,2024-01-29 18:25:33.906781,Tablet,Electronics,North,Jaipur,13978.16,8,0.1,Cash on Delivery,Consumer,1111.7
ORD100199,2024-01-29 21:55:50.830166,Data Science Book,Books,North,Mumbai,32866.25,8,0.25,Cash on Delivery,Corporate,6508.94
ORD100200,2024-01-30 01:26:07.753550,Coffee Maker,Home & Kitchen,South,Ahmedabad,6168.06,1,0.25,Cash on Delivery,Consumer,912.54
ORD100201,2024-01-30 04:56:24.676935,Bookshelf,Furniture,West,Bengaluru,43987.78,5,0.02,UPI,Consumer,5844.19
ORD100202,2024-01-30 08:26:41.600320,Jacket,Clothing,East,Jaipur,39004.32,2,0.24,Net Banking,Home Office,5383.8
ORD100203,2024-01-30 11:56:58.523704,Laptop,Electronics,East,Hyderabad,9699.26,5,0.15,Credit Card,Consumer,950.81
ORD100204,2024-01-30 15:27:15.447089,Tablet,Electronics,West,Lucknow,34762.19,9,0.3,Credit Card,Consumer,4768.41
ORD100205,2024-01-30 18:57:32.370474,Air Fryer,Home & Kitchen,West,Pune,30211.12,4,0.32,Cash on Delivery,Consumer,1410.47
ORD100206,2024-01-30 22:27:49.293858,T-Shirt,Clothing,West,Pune,9389.85,8,0.22,UPI,Corporate,2018.98
ORD100207,2024-01-31 01:58:06.217243,Business Book,Books,South,Jaipur,13805.53,1,0.0,Credit Card,Home Office,1520.15
ORD100208,2024-01-31 05:28:23.140628,Jacket,Clothing,East,Hyderabad,20567.53,8,0.25,UPI,Home Office,3929.97
ORD100209,2024-01-31 08:58:40.064012,Dinner Set,Home & Kitchen,East,Lucknow,35022.29,6,0.3,Net Banking,Consumer,5270.85
ORD100210,2024-01-31 12:28:56.987397,Air Fryer,Home & Kitchen,North,Delhi,32008.43,8,0.1,Cash on Delivery,Home Office,5207.02
ORD100211,2024-01-31 15:59:13.910782,Shoes,Clothing,North,Chennai,26705.3,6,0.19,Debit Card,Corporate,6109.74
ORD100212,2024-01-31 19:29:30.834166,Air Fryer,Home & Kitchen,West,Chennai,38466.85,3,0.39,Cash on Delivery,Corporate,2093.14
ORD100213,2024-01-31 22:59:47.757551,Dress,Clothing,North,Chennai,37945.3,8,0.12,Debit Card,Consumer,2665.32
ORD100214,2024-02-01 02:30:04.680936,Office Chair,Furniture,South,Mumbai,30969.39,5,0.09,Credit Card,Consumer,3676.78
ORD100215,2024-02-01 06:00:21.604320,Dress,Clothing,East,Pune,39392.11,5,0.08,Debit Card,Corporate,9334.0
ORD100216,2024-02-01 09:30:38.527705,T-Shirt,Clothing,East,Kolkata,16846.32,7,0.22,UPI,Corporate,772.64
ORD100217,2024-02-01 13:00:55.451090,Cookware Set,Home & Kitchen,North,Kolkata,44086.23,6,0.38,Debit Card,Corporate,3002.62
ORD100218,2024-02-01 16:31:12.374474,Dinner Set,Home & Kitchen,West,Mumbai,30822.52,9,0.24,Credit Card,Consumer,3658.43
ORD100219,2024-02-01 20:01:29.297859,Tablet,Electronics,North,Jaipur,41153.7,7,0.12,Credit Card,Corporate,8265.6
ORD100220,2024-02-01 23:31:46.221244,Smartwatch,Electronics,West,Ahmedabad,27404.7,3,0.26,Cash on Delivery,Consumer,2531.45
ORD100221,2024-02-02 03:02:03.144628,Bookshelf,Furniture,South,Ahmedabad,11078.22,5,0.25,Credit Card,Corporate,1346.24
ORD100222,2024-02-02 06:32:20.068013,Laptop,Electronics,East,Chennai,27212.02,9,0.24,UPI,Corporate,2775.67
ORD100223,2024-02-02 10:02:36.991398,T-Shirt,Clothing,South,Ahmedabad,18681.36,2,0.06,Debit Card,Home Office,1282.18
ORD100224,2024-02-02 13:32:53.914782,Coffee Maker,Home & Kitchen,East,Jaipur,34935.45,1,0.25,Net Banking,Corporate,6148.7
ORD100225,2024-02-02 17:03:10.838167,Smartwatch,Electronics,South,Delhi,23894.53,8,0.17,Credit Card,Consumer,3279.2
ORD100226,2024-02-02 20:33:27.761552,Headphones,Electronics,North,Mumbai,41838.42,8,0.01,Debit Card,Corporate,10484.57
ORD100227,2024-02-03 00:03:44.684936,Bookshelf,Furniture,South,Delhi,33968.01,2,0.22,Cash on Delivery,Home Office,5926.23
ORD100228,2024-02-03 03:34:01.608321,Table,Furniture,South,Pune,34290.31,8,0.4,Net Banking,Corporate,1326.08
ORD100229,2024-02-03 07:04:18.531706,Jeans,Clothing,North,Ahmedabad,11014.34,5,0.14,Cash on Delivery,Corporate,1657.84
ORD100230,2024-02-03 10:34:35.455091,Air Fryer,Home & Kitchen,East,Lucknow,49215.64,2,0.39,UPI,Corporate,8937.83
ORD100231,2024-02-03 14:04:52.378475,Sofa,Furniture,East,Chennai,42115.43,7,0.04,Cash on Delivery,Consumer,5133.4
ORD100232,2024-02-03 17:35:09.301860,Headphones,Electronics,North,Mumbai,39492.44,7,0.29,Debit Card,Corporate,4857.57
ORD100233,2024-02-03 21:05:26.225245,Mixer,Home & Kitchen,South,Chennai,16644.72,3,0.05,Net Banking,Corporate,3368.19
ORD100234,2024-02-04 00:35:43.148629,Cookware Set,Home & Kitchen,South,Ahmedabad,26874.46,1,0.11,Cash on Delivery,Corporate,2405.37
ORD100235,2024-02-04 04:06:00.072014,Tablet,Electronics,South,Bengaluru,7027.74,4,0.23,Cash on Delivery,Home Office,1220.95
ORD100236,2024-02-04 07:36:16.995399,Office Chair,Furniture,West,Ahmedabad,27016.1,2,0.24,UPI,Consumer,4413.28
ORD100237,2024-02-04 11:06:33.918783,Laptop,Electronics,East,Mumbai,7465.28,4,0.31,Debit Card,Consumer,740.41
ORD100238,2024-02-04 14:36:50.842168,Cookware Set,Home & Kitchen,South,Kolkata,27741.28,8,0.25,Cash on Delivery,Home Office,2519.81
ORD100239,2024-02-04 18:07:07.765553,Exam Guide,Books,East,Mumbai,32506.35,2,0.24,Debit Card,Consumer,6911.81
ORD100240,2024-02-04 21:37:24.688937,Business Book,Books,South,Hyderabad,19631.76,1,0.36,Credit Card,Home Office,1027.21
ORD100241,2024-02-05 01:07:41.612322,Dress,Clothing,North,Lucknow,25027.53,3,0.18,UPI,Corporate,3242.72
ORD100242,2024-02-05 04:37:58.535707,Headphones,Electronics,North,Ahmedabad,43807.54,7,0.09,UPI,Consumer,9637.17
ORD100243,2024-02-05 08:08:15.459091,Laptop,Electronics,East,Hyderabad,5606.44,6,0.06,UPI,Corporate,458.68
ORD100244,2024-02-05 11:38:32.382476,Jacket,Clothing,East,Kolkata,39628.3,6,0.16,Debit Card,Corporate,9428.16
ORD100245,2024-02-05 15:08:49.305861,Shoes,Clothing,North,Jaipur,8703.58,7,0.29,Cash on Delivery,Consumer,1121.98
ORD100246,2024-02-05 18:39:06.229245,Jacket,Clothing,West,Jaipur,2028.06,8,0.02,Cash on Delivery,Corporate,350.21
ORD100247,2024-02-05 22:09:23.152630,Dinner Set,Home & Kitchen,North,Lucknow,9441.62,3,0.05,Debit Card,Corporate,1399.87
ORD100248,2024-02-06 01:39:40.076015,Headphones,Electronics,South,Pune,38299.15,3,0.04,Debit Card,Home Office,9811.78
ORD100249,2024-02-06 05:09:56.999399,Coffee Maker,Home & Kitchen,West,Lucknow,20375.28,8,0.23,Credit Card,Consumer,4504.46
ORD100250,2024-02-06 08:40:13.922784,Shoes,Clothing,North,Lucknow,43651.52,7,0.1,Net Banking,Corporate,5697.19
ORD100251,2024-02-06 12:10:30.846169,Smartwatch,Electronics,West,Lucknow,26330.44,5,0.07,Net Banking,Home Office,4544.81
ORD100252,2024-02-06 15:40:47.769553,Dinner Set,Home & Kitchen,West,Lucknow,1308.07,4,0.24,UPI,Consumer,128.1
ORD100253,2024-02-06 19:11:04.692938,Coffee Maker,Home & Kitchen,West,Lucknow,35892.34,6,0.3,Cash on Delivery,Corporate,3567.8
ORD100254,2024-02-06 22:41:21.616323,T-Shirt,Clothing,East,Delhi,5689.6,9,0.13,UPI,Corporate,282.56
ORD100255,2024-02-07 02:11:38.539707,Smartwatch,Electronics,North,Kolkata,39511.11,6,0.23,Cash on Delivery,Corporate,7498.92
ORD100256,2024-02-07 05:41:55.463092,Jacket,Clothing,East,Mumbai,8571.51,8,0.04,Cash on Delivery,Corporate,2405.51
ORD100257,2024-02-07 09:12:12.386477,Headphones,Electronics,East,Ahmedabad,17403.23,1,0.37,Credit Card,Corporate,2657.48
ORD100258,2024-02-07 12:42:29.309861,Data Science Book,Books,South,Hyderabad,38111.32,6,0.13,Debit Card,Consumer,5953.41
ORD100259,2024-02-07 16:12:46.233246,Table,Furniture,South,Lucknow,47720.72,2,0.4,Debit Card,Consumer,7355.03
ORD100260,2024-02-07 19:43:03.156631,Bookshelf,Furniture,West,Pune,18697.41,3,0.39,Debit Card,Home Office,3016.39
ORD100261,2024-02-07 23:13:20.080016,Table,Furniture,West,Chennai,41504.13,6,0.31,Net Banking,Home Office,5330.38
ORD100262,2024-02-08 02:43:37.003400,Dress,Clothing,South,Ahmedabad,9701.45,2,0.01,Debit Card,Home Office,2730.44
ORD100263,2024-02-08 06:13:53.926785,Business Book,Books,South,Chennai,40397.55,4,0.22,Net Banking,Consumer,1813.17
ORD100264,2024-02-08 09:44:10.850170,Laptop,Electronics,North,Hyderabad,32943.2,6,0.03,UPI,Consumer,1678.4
ORD100265,2024-02-08 13:14:27.773554,Coffee Maker,Home & Kitchen,West,Hyderabad,9798.63,5,0.36,Net Banking,Consumer,441.27
ORD100266,2024-02-08 16:44:44.696939,Smartwatch,Electronics,West,Ahmedabad,15264.7,6,0.32,Cash on Delivery,Corporate,669.14
ORD100267,2024-02-08 20:15:01.620324,Dinner Set,Home & Kitchen,South,Pune,6762.19,6,0.39,Credit Card,Consumer,644.12
ORD100268,2024-02-08 23:45:18.543708,Tablet,Electronics,North,Delhi,19271.76,8,0.24,Credit Card,Consumer,4175.44
ORD100269,2024-02-09 03:15:35.467093,Data Science Book,Books,South,Jaipur,10341.7,9,0.21,Cash on Delivery,Corporate,1787.63
ORD100270,2024-02-09 06:45:52.390478,Air Fryer,Home & Kitchen,South,Hyderabad,32271.1,5,0.21,UPI,Home Office,5477.76
ORD100271,2024-02-09 10:16:09.313862,Shoes,Clothing,East,Pune,49726.35,6,0.15,Credit Card,Home Office,6180.4
ORD100272,2024-02-09 13:46:26.237247,Smartphone,Electronics,West,Hyderabad,798.06,6,0.19,Cash on Delivery,Home Office,118.58
ORD100273,2024-02-09 17:16:43.160632,Smartphone,Electronics,North,Bengaluru,27137.81,6,0.25,Credit Card,Corporate,2565.41
ORD100274,2024-02-09 20:47:00.084016,Air Fryer,Home & Kitchen,East,Jaipur,28768.6,2,0.37,Net Banking,Corporate,3252.56
ORD100275,2024-02-10 00:17:17.007401,Jeans,Clothing,West,Hyderabad,45727.6,4,0.24,Credit Card,Corporate,8224.82
ORD100276,2024-02-10 03:47:33.930786,Jacket,Clothing,South,Pune,25399.07,1,0.34,Net Banking,Consumer,3179.56
ORD100277,2024-02-10 07:17:50.854170,Exam Guide,Books,North,Hyderabad,27276.33,1,0.35,Net Banking,Home Office,2743.09
ORD100278,2024-02-10 10:48:07.777555,Shoes,Clothing,West,Chennai,23688.31,1,0.21,Credit Card,Corporate,4888.61
ORD100279,2024-02-10 14:18:24.700940,T-Shirt,Clothing,South,Ahmedabad,13591.43,7,0.14,Credit Card,Corporate,1424.38
ORD100280,2024-02-10 17:48:41.624324,Shoes,Clothing,East,Ahmedabad,2990.25,1,0.26,Net Banking,Home Office,377.0
ORD100281,2024-02-10 21:18:58.547709,Bookshelf,Furniture,North,Hyderabad,20551.15,6,0.18,Credit Card,Home Office,4963.52
ORD100282,2024-02-11 00:49:15.471094,Data Science Book,Books,West,Pune,2819.06,2,0.03,UPI,Consumer,798.01
ORD100283,2024-02-11 04:19:32.394478,Smartwatch,Electronics,East,Chennai,27614.52,6,0.15,Debit Card,Home Office,1210.5
ORD100284,2024-02-11 07:49:49.317863,Air Fryer,Home & Kitchen,South,Delhi,15503.22,6,0.4,Debit Card,Corporate,1702.8
ORD100285,2024-02-11 11:20:06.241248,Smartphone,Electronics,South,Delhi,26773.4,3,0.02,Cash on Delivery,Consumer,3521.91
ORD100286,2024-02-11 14:50:23.164632,Novel,Books,West,Chennai,6887.99,8,0.28,Debit Card,Home Office,609.04
ORD100287,2024-02-11 18:20:40.088017,Air Fryer,Home & Kitchen,South,Mumbai,46644.97,4,0.34,UPI,Consumer,6128.29
ORD100288,2024-02-11 21:50:57.011402,Data Science Book,Books,North,Pune,44747.16,7,0.26,Debit Card,Corporate,5350.25
ORD100289,2024-02-12 01:21:13.934786,Jeans,Clothing,West,Delhi,9661.83,4,0.23,Debit Card,Corporate,1735.0
ORD100290,2024-02-12 04:51:30.858171,Air Fryer,Home & Kitchen,East,Mumbai,17303.53,1,0.28,UPI,Corporate,707.44
ORD100291,2024-02-12 08:21:47.781556,Jacket,Clothing,West,Pune,30751.94,6,0.17,Net Banking,Corporate,7190.72
ORD100292,2024-02-12 11:52:04.704940,Smartwatch,Electronics,West,Chennai,4965.17,5,0.04,Debit Card,Consumer,914.7
ORD100293,2024-02-12 15:22:21.628325,Laptop,Electronics,East,Lucknow,17857.48,9,0.38,Cash on Delivery,Consumer,2447.02
ORD100294,2024-02-12 18:52:38.551710,Cookware Set,Home & Kitchen,South,Mumbai,12705.39,9,0.17,Debit Card,Corporate,2121.19
ORD100295,2024-02-12 22:22:55.475095,Coffee Maker,Home & Kitchen,East,Mumbai,45792.73,8,0.27,Debit Card,Consumer,9937.78
ORD100296,2024-02-13 01:53:12.398479,Programming Book,Books,North,Hyderabad,42655.03,7,0.21,UPI,Corporate,9993.82
ORD100297,2024-02-13 05:23:29.321864,Data Science Book,Books,South,Kolkata,29075.67,2,0.02,UPI,Corporate,5769.29
ORD100298,2024-02-13 08:53:46.245249,Jacket,Clothing,West,Kolkata,26113.25,8,0.38,Cash on Delivery,Home Office,3577.89
ORD100299,2024-02-13 12:24:03.168633,Coffee Maker,Home & Kitchen,South,Pune,46550.14,3,0.32,Credit Card,Consumer,6477.77
ORD100300,2024-02-13 15:54:20.092018,Headphones,Electronics,South,Hyderabad,46634.9,6,0.06,UPI,Home Office,5596.66
ORD100301,2024-02-13 19:24:37.015403,Exam Guide,Books,North,Ahmedabad,48472.64,7,0.39,Credit Card,Corporate,2902.23
ORD100302,2024-02-13 22:54:53.938787,Business Book,Books,South,Jaipur,6443.87,6,0.29,Cash on Delivery,Home Office,689.43
ORD100303,2024-02-14 02:25:10.862172,Laptop,Electronics,South,Lucknow,8195.78,5,0.19,Debit Card,Corporate,1465.06
ORD100304,2024-02-14 05:55:27.785557,Business Book,Books,South,Jaipur,33901.49,4,0.24,Debit Card,Corporate,1648.82
ORD100305,2024-02-14 09:25:44.708941,Jeans,Clothing,West,Mumbai,27163.44,2,0.04,Credit Card,Corporate,4656.72
ORD100306,2024-02-14 12:56:01.632326,Coffee Maker,Home & Kitchen,South,Bengaluru,1119.6,9,0.22,Cash on Delivery,Consumer,132.83
ORD100307,2024-02-14 16:26:18.555711,Headphones,Electronics,East,Delhi,3286.36,7,0.03,Cash on Delivery,Corporate,579.76
ORD100308,2024-02-14 19:56:35.479095,Air Fryer,Home & Kitchen,South,Delhi,44426.4,7,0.22,UPI,Corporate,9184.9
ORD100309,2024-02-14 23:26:52.402480,Exam Guide,Books,North,Hyderabad,43469.77,4,0.22,Credit Card,Consumer,2098.89
ORD100310,2024-02-15 02:57:09.325865,Exam Guide,Books,South,Kolkata,17992.09,5,0.35,UPI,Consumer,2817.36
ORD100311,2024-02-15 06:27:26.249249,Tablet,Electronics,South,Bengaluru,44574.32,6,0.29,Credit Card,Corporate,6858.94
ORD100312,2024-02-15 09:57:43.172634,T-Shirt,Clothing,West,Hyderabad,29765.02,2,0.1,UPI,Consumer,2704.62
ORD100313,2024-02-15 13:28:00.096019,Table,Furniture,East,Mumbai,40334.1,4,0.36,UPI,Corporate,6028.71
ORD100314,2024-02-15 16:58:17.019403,Laptop,Electronics,South,Bengaluru,21486.07,4,0.23,Cash on Delivery,Home Office,2880.24
ORD100315,2024-02-15 20:28:33.942788,Table,Furniture,East,Delhi,5847.24,4,0.24,Cash on Delivery,Consumer,756.6
ORD100316,2024-02-15 23:58:50.866173,Office Chair,Furniture,North,Pune,21799.61,7,0.07,Debit Card,Home Office,3462.08
ORD100317,2024-02-16 03:29:07.789557,Shoes,Clothing,West,Mumbai,22973.53,7,0.34,Debit Card,Corporate,4356.32
ORD100318,2024-02-16 06:59:24.712942,Sofa,Furniture,East,Hyderabad,27637.02,7,0.37,Cash on Delivery,Consumer,4981.22
ORD100319,2024-02-16 10:29:41.636327,Bookshelf,Furniture,West,Ahmedabad,5458.02,7,0.31,Cash on Delivery,Consumer,1048.47
ORD100320,2024-02-16 13:59:58.559711,T-Shirt,Clothing,South,Chennai,49571.81,2,0.38,UPI,Corporate,8350.12
ORD100321,2024-02-16 17:30:15.483096,Desk,Furniture,North,Mumbai,12358.01,5,0.12,Debit Card,Consumer,645.95
ORD100322,2024-02-16 21:00:32.406481,Bookshelf,Furniture,West,Mumbai,10087.91,2,0.34,Cash on Delivery,Consumer,999.69
ORD100323,2024-02-17 00:30:49.329865,Sofa,Furniture,South,Ahmedabad,26434.79,5,0.2,Credit Card,Consumer,5788.57
ORD100324,2024-02-17 04:01:06.253250,Laptop,Electronics,East,Lucknow,26952.97,6,0.07,Credit Card,Home Office,5985.36
ORD100325,2024-02-17 07:31:23.176635,Tablet,Electronics,North,Pune,22103.07,3,0.27,Debit Card,Corporate,2648.84
ORD100326,2024-02-17 11:01:40.100020,Smartphone,Electronics,North,Ahmedabad,38640.23,6,0.27,Credit Card,Corporate,6863.23
ORD100327,2024-02-17 14:31:57.023404,Shoes,Clothing,East,Jaipur,25929.39,5,0.11,UPI,Corporate,2354.94
ORD100328,2024-02-17 18:02:13.946789,Data Science Book,Books,East,Jaipur,30562.83,4,0.01,Debit Card,Consumer,6049.92
ORD100329,2024-02-17 21:32:30.870174,Office Chair,Furniture,North,Mumbai,36242.57,9,0.08,Cash on Delivery,Consumer,6110.12
ORD100330,2024-02-18 01:02:47.793558,Desk,Furniture,West,Lucknow,1446.25,8,0.16,Credit Card,Consumer,234.94
ORD100331,2024-02-18 04:33:04.716943,T-Shirt,Clothing,North,Delhi,28618.08,7,0.07,UPI,Corporate,6133.35
ORD100332,2024-02-18 08:03:21.640328,Table,Furniture,East,Lucknow,44232.88,1,0.08,Cash on Delivery,Home Office,11697.58
ORD100333,2024-02-18 11:33:38.563712,Headphones,Electronics,West,Jaipur,1065.96,9,0.16,Net Banking,Corporate,103.87
ORD100334,2024-02-18 15:03:55.487097,Programming Book,Books,South,Lucknow,20378.07,9,0.38,UPI,Corporate,3026.1
ORD100335,2024-02-18 18:34:12.410482,Coffee Maker,Home & Kitchen,North,Lucknow,46326.13,6,0.31,Credit Card,Home Office,6753.74
ORD100336,2024-02-18 22:04:29.333866,Bookshelf,Furniture,East,Pune,17787.09,7,0.13,UPI,Consumer,3463.04
ORD100337,2024-02-19 01:34:46.257251,Smartwatch,Electronics,South,Mumbai,23044.7,3,0.38,Net Banking,Consumer,2246.46
ORD100338,2024-02-19 05:05:03.180636,Mixer,Home & Kitchen,North,Pune,49080.76,5,0.26,Net Banking,Corporate,10392.71
ORD100339,2024-02-19 08:35:20.104020,Data Science Book,Books,North,Delhi,10126.33,7,0.18,UPI,Home Office,1410.9
ORD100340,2024-02-19 12:05:37.027405,Coffee Maker,Home & Kitchen,West,Delhi,3449.71,1,0.19,Cash on Delivery,Corporate,224.65
ORD100341,2024-02-19 15:35:53.950790,Tablet,Electronics,East,Jaipur,42999.25,1,0.16,Cash on Delivery,Corporate,7952.52
ORD100342,2024-02-19 19:06:10.874174,Dinner Set,Home & Kitchen,South,Hyderabad,43449.57,5,0.09,Net Banking,Home Office,3250.8
ORD100343,2024-02-19 22:36:27.797559,T-Shirt,Clothing,North,Ahmedabad,23709.48,9,0.15,Debit Card,Home Office,2633.37
ORD100344,2024-02-20 02:06:44.720944,Air Fryer,Home & Kitchen,West,Kolkata,25807.52,7,0.21,Debit Card,Consumer,2181.54
ORD100345,2024-02-20 05:37:01.644328,Desk,Furniture,South,Mumbai,41823.16,1,0.21,Cash on Delivery,Corporate,6103.65
ORD100346,2024-02-20 09:07:18.567713,Bookshelf,Furniture,South,Hyderabad,36980.26,5,0.3,Debit Card,Home Office,3543.2
ORD100347,2024-02-20 12:37:35.491098,Dress,Clothing,North,Mumbai,13404.42,8,0.14,Cash on Delivery,Home Office,1037.08
ORD100348,2024-02-20 16:07:52.414482,Smartwatch,Electronics,South,Ahmedabad,1041.29,8,0.29,Credit Card,Home Office,183.13
ORD100349,2024-02-20 19:38:09.337867,Desk,Furniture,North,Ahmedabad,24089.07,2,0.23,Cash on Delivery,Home Office,3099.89
ORD100350,2024-02-20 23:08:26.261252,Programming Book,Books,West,Bengaluru,42973.83,7,0.38,Credit Card,Corporate,4359.25
ORD100351,2024-02-21 02:38:43.184636,Desk,Furniture,West,Pune,44812.57,5,0.15,Net Banking,Corporate,10345.08
ORD100352,2024-02-21 06:09:00.108021,Office Chair,Furniture,South,Jaipur,47820.06,9,0.36,Debit Card,Corporate,5652.9
ORD100353,2024-02-21 09:39:17.031406,Smartphone,Electronics,North,Bengaluru,44002.25,3,0.33,Net Banking,Home Office,6706.28
ORD100354,2024-02-21 13:09:33.954790,Mixer,Home & Kitchen,East,Delhi,29086.17,1,0.26,UPI,Consumer,2841.49
ORD100355,2024-02-21 16:39:50.878175,Office Chair,Furniture,West,Kolkata,22341.36,4,0.26,UPI,Home Office,3146.52
ORD100356,2024-02-21 20:10:07.801560,Jeans,Clothing,North,Jaipur,38787.52,7,0.03,Net Banking,Corporate,8713.83
ORD100357,2024-02-21 23:40:24.724944,Cookware Set,Home & Kitchen,North,Delhi,37043.12,1,0.38,Cash on Delivery,Corporate,2850.59
ORD100358,2024-02-22 03:10:41.648329,Programming Book,Books,North,Lucknow,26999.54,2,0.04,Cash on Delivery,Corporate,5757.6
ORD100359,2024-02-22 06:40:58.571714,Tablet,Electronics,South,Pune,4548.9,5,0.23,Debit Card,Consumer,673.18
ORD100360,2024-02-22 10:11:15.495099,Novel,Books,East,Pune,46318.85,9,0.13,Net Banking,Consumer,6389.08
ORD100361,2024-02-22 13:41:32.418483,Air Fryer,Home & Kitchen,South,Pune,22889.01,1,0.17,UPI,Corporate,4336.12
ORD100362,2024-02-22 17:11:49.341868,Coffee Maker,Home & Kitchen,West,Bengaluru,18294.02,4,0.24,Net Banking,Home Office,1796.69
ORD100363,2024-02-22 20:42:06.265253,Mixer,Home & Kitchen,South,Chennai,31552.46,3,0.36,Net Banking,Corporate,4616.77
ORD100364,2024-02-23 00:12:23.188637,Programming Book,Books,North,Hyderabad,33757.13,5,0.18,Debit Card,Corporate,5197.87
ORD100365,2024-02-23 03:42:40.112022,Coffee Maker,Home & Kitchen,South,Ahmedabad,10692.26,5,0.4,Cash on Delivery,Consumer,714.68
ORD100366,2024-02-23 07:12:57.035407,Exam Guide,Books,North,Kolkata,41879.55,2,0.24,UPI,Consumer,6908.97
ORD100367,2024-02-23 10:43:13.958791,Coffee Maker,Home & Kitchen,East,Ahmedabad,14638.87,5,0.06,Debit Card,Consumer,3731.74
ORD100368,2024-02-23 14:13:30.882176,Jeans,Clothing,South,Chennai,9496.86,9,0.08,UPI,Consumer,1114.01
ORD100369,2024-02-23 17:43:47.805561,Coffee Maker,Home & Kitchen,South,Lucknow,20438.71,5,0.29,UPI,Corporate,3672.61
ORD100370,2024-02-23 21:14:04.728945,Programming Book,Books,South,Lucknow,36581.89,2,0.02,Cash on Delivery,Home Office,4805.1
ORD100371,2024-02-24 00:44:21.652330,Sofa,Furniture,North,Lucknow,48279.82,7,0.19,Cash on Delivery,Corporate,9983.16
ORD100372,2024-02-24 04:14:38.575715,Air Fryer,Home & Kitchen,North,Jaipur,40502.21,6,0.06,Debit Card,Corporate,2390.46
ORD100373,2024-02-24 07:44:55.499099,Desk,Furniture,South,Delhi,47029.35,7,0.17,Credit Card,Home Office,2022.13
ORD100374,2024-02-24 11:15:12.422484,Shoes,Clothing,South,Delhi,7202.17,8,0.3,Debit Card,Corporate,394.83
ORD100375,2024-02-24 14:45:29.345869,Laptop,Electronics,East,Lucknow,3744.6,5,0.18,Debit Card,Home Office,824.4
ORD100376,2024-02-24 18:15:46.269253,Jeans,Clothing,East,Kolkata,27973.7,2,0.07,Credit Card,Consumer,4772.04
ORD100377,2024-02-24 21:46:03.192638,Mixer,Home & Kitchen,West,Bengaluru,14656.81,7,0.1,UPI,Consumer,2618.77
ORD100378,2024-02-25 01:16:20.116023,Table,Furniture,East,Kolkata,41437.14,7,0.15,Net Banking,Consumer,9177.03
ORD100379,2024-02-25 04:46:37.039407,Bookshelf,Furniture,East,Kolkata,33665.0,8,0.03,Credit Card,Home Office,2046.21
ORD100380,2024-02-25 08:16:53.962792,Exam Guide,Books,East,Delhi,48542.26,7,0.23,Net Banking,Corporate,5486.15
ORD100381,2024-02-25 11:47:10.886177,Bookshelf,Furniture,North,Pune,12888.66,7,0.24,UPI,Consumer,2064.6
ORD100382,2024-02-25 15:17:27.809561,Business Book,Books,East,Kolkata,24392.05,9,0.02,Credit Card,Consumer,3613.6
ORD100383,2024-02-25 18:47:44.732946,Smartphone,Electronics,East,Kolkata,25161.78,8,0.16,Cash on Delivery,Corporate,1226.57
ORD100384,2024-02-25 22:18:01.656331,Coffee Maker,Home & Kitchen,South,Ahmedabad,12111.0,2,0.17,Debit Card,Consumer,2138.45
ORD100385,2024-02-26 01:48:18.579715,Data Science Book,Books,North,Pune,29586.65,2,0.13,Credit Card,Consumer,3805.72
ORD100386,2024-02-26 05:18:35.503100,Headphones,Electronics,West,Delhi,22275.64,7,0.22,Credit Card,Home Office,952.19
ORD100387,2024-02-26 08:48:52.426485,Bookshelf,Furniture,West,Bengaluru,22446.73,3,0.14,UPI,Corporate,1788.14
ORD100388,2024-02-26 12:19:09.349869,Office Chair,Furniture,East,Hyderabad,18264.29,1,0.17,Cash on Delivery,Home Office,1582.57
ORD100389,2024-02-26 15:49:26.273254,Smartphone,Electronics,West,Delhi,1043.08,9,0.32,Credit Card,Consumer,126.01
ORD100390,2024-02-26 19:19:43.196639,Sofa,Furniture,West,Delhi,26200.34,3,0.06,Cash on Delivery,Consumer,2378.94
ORD100391,2024-02-26 22:50:00.120024,Smartwatch,Electronics,West,Kolkata,16895.34,1,0.25,Net Banking,Corporate,1778.22
ORD100392,2024-02-27 02:20:17.043408,Exam Guide,Books,East,Ahmedabad,265.73,6,0.2,Credit Card,Consumer,50.52
ORD100393,2024-02-27 05:50:33.966793,Data Science Book,Books,West,Chennai,15535.6,4,0.12,Cash on Delivery,Home Office,3444.22
ORD100394,2024-02-27 09:20:50.890178,Headphones,Electronics,East,Lucknow,14075.69,1,0.29,Debit Card,Home Office,2486.97
ORD100395,2024-02-27 12:51:07.813562,Data Science Book,Books,South,Mumbai,19793.72,4,0.22,UPI,Corporate,3454.82
ORD100396,2024-02-27 16:21:24.736947,Business Book,Books,South,Ahmedabad,6766.23,8,0.19,Cash on Delivery,Corporate,1016.4
ORD100397,2024-02-27 19:51:41.660332,Exam Guide,Books,West,Chennai,25482.65,7,0.27,UPI,Consumer,3490.87
ORD100398,2024-02-27 23:21:58.583716,T-Shirt,Clothing,South,Kolkata,34683.53,1,0.32,Credit Card,Corporate,6800.6
ORD100399,2024-02-28 02:52:15.507101,Cookware Set,Home & Kitchen,East,Kolkata,31583.24,9,0.39,Credit Card,Corporate,5191.49
ORD100400,2024-02-28 06:22:32.430486,Office Chair,Furniture,South,Bengaluru,40227.0,6,0.25,Net Banking,Consumer,6409.55
ORD100401,2024-02-28 09:52:49.353870,Shoes,Clothing,West,Chennai,22710.01,2,0.35,UPI,Consumer,2467.0
ORD100402,2024-02-28 13:23:06.277255,Data Science Book,Books,East,Jaipur,26050.77,3,0.0,Debit Card,Home Office,6050.75
ORD100403,2024-02-28 16:53:23.200640,Smartphone,Electronics,North,Lucknow,40558.02,7,0.21,Debit Card,Home Office,2104.41
ORD100404,2024-02-28 20:23:40.124024,Business Book,Books,East,Mumbai,21499.52,3,0.09,Cash on Delivery,Corporate,5598.44
ORD100405,2024-02-28 23:53:57.047409,Coffee Maker,Home & Kitchen,South,Bengaluru,35139.65,3,0.04,Debit Card,Consumer,6304.72
ORD100406,2024-02-29 03:24:13.970794,Business Book,Books,North,Ahmedabad,21843.2,5,0.21,UPI,Corporate,3031.86
ORD100407,2024-02-29 06:54:30.894178,Smartphone,Electronics,East,Ahmedabad,21003.26,3,0.3,Credit Card,Home Office,1804.1
ORD100408,2024-02-29 10:24:47.817563,Cookware Set,Home & Kitchen,North,Chennai,38058.24,3,0.16,UPI,Corporate,1625.54
ORD100409,2024-02-29 13:55:04.740948,Exam Guide,Books,North,Lucknow,8906.88,5,0.27,UPI,Home Office,424.65
ORD100410,2024-02-29 17:25:21.664332,Dinner Set,Home & Kitchen,North,Lucknow,17061.58,5,0.2,Credit Card,Home Office,1579.93
ORD100411,2024-02-29 20:55:38.587717,Office Chair,Furniture,East,Ahmedabad,11363.78,9,0.17,UPI,Corporate,1748.55
ORD100412,2024-03-01 00:25:55.511102,Desk,Furniture,South,Jaipur,18083.68,1,0.12,Debit Card,Home Office,1128.2
ORD100413,2024-03-01 03:56:12.434486,Novel,Books,East,Kolkata,11672.67,1,0.15,Cash on Delivery,Home Office,2907.21
ORD100414,2024-03-01 07:26:29.357871,Cookware Set,Home & Kitchen,South,Lucknow,29054.4,9,0.14,Cash on Delivery,Consumer,3816.49
ORD100415,2024-03-01 10:56:46.281256,Tablet,Electronics,East,Chennai,39948.91,5,0.26,UPI,Corporate,3815.87
ORD100416,2024-03-01 14:27:03.204640,Business Book,Books,East,Ahmedabad,39373.33,4,0.05,Credit Card,Corporate,6781.43
ORD100417,2024-03-01 17:57:20.128025,Bookshelf,Furniture,East,Kolkata,18352.15,2,0.04,Net Banking,Corporate,1167.14
ORD100418,2024-03-01 21:27:37.051410,Table,Furniture,South,Pune,49440.27,9,0.26,UPI,Home Office,9607.89
ORD100419,2024-03-02 00:57:53.974794,Novel,Books,East,Delhi,29773.95,6,0.22,UPI,Home Office,3833.52
ORD100420,2024-03-02 04:28:10.898179,Dinner Set,Home & Kitchen,North,Kolkata,20090.14,9,0.17,Net Banking,Home Office,1577.17
ORD100421,2024-03-02 07:58:27.821564,Office Chair,Furniture,East,Lucknow,41809.86,5,0.06,Cash on Delivery,Corporate,3554.16
ORD100422,2024-03-02 11:28:44.744948,Cookware Set,Home & Kitchen,North,Delhi,36547.73,4,0.16,Cash on Delivery,Consumer,4305.34
ORD100423,2024-03-02 14:59:01.668333,Office Chair,Furniture,West,Lucknow,37513.91,7,0.32,Net Banking,Corporate,4932.02
ORD100424,2024-03-02 18:29:18.591718,Desk,Furniture,West,Chennai,9967.74,5,0.36,Credit Card,Corporate,983.87
ORD100425,2024-03-02 21:59:35.515103,Dress,Clothing,South,Hyderabad,23522.55,8,0.28,UPI,Corporate,3373.69
ORD100426,2024-03-03 01:29:52.438487,Sofa,Furniture,South,Kolkata,43119.04,8,0.02,Debit Card,Consumer,9565.62
ORD100427,2024-03-03 05:00:09.361872,Headphones,Electronics,West,Delhi,25301.09,2,0.27,Cash on Delivery,Corporate,4379.6
ORD100428,2024-03-03 08:30:26.285257,Programming Book,Books,East,Chennai,34235.95,5,0.1,Cash on Delivery,Consumer,4629.21
ORD100429,2024-03-03 12:00:43.208641,Exam Guide,Books,East,Lucknow,29479.1,8,0.13,Cash on Delivery,Consumer,5879.55
ORD100430,2024-03-03 15:31:00.132026,Coffee Maker,Home & Kitchen,East,Kolkata,42149.37,3,0.08,Credit Card,Corporate,3310.66
ORD100431,2024-03-03 19:01:17.055411,Table,Furniture,West,Chennai,14371.13,7,0.31,Net Banking,Corporate,1767.78
ORD100432,2024-03-03 22:31:33.978795,Laptop,Electronics,North,Lucknow,28858.67,3,0.26,Credit Card,Corporate,1454.92
ORD100433,2024-03-04 02:01:50.902180,Air Fryer,Home & Kitchen,South,Hyderabad,6337.09,6,0.24,Cash on Delivery,Home Office,534.72
ORD100434,2024-03-04 05:32:07.825565,Dress,Clothing,North,Hyderabad,34572.5,2,0.27,UPI,Consumer,4941.5
ORD100435,2024-03-04 09:02:24.748949,Cookware Set,Home & Kitchen,West,Mumbai,36652.0,6,0.09,Cash on Delivery,Corporate,7841.54
ORD100436,2024-03-04 12:32:41.672334,Coffee Maker,Home & Kitchen,North,Bengaluru,2333.3,6,0.18,UPI,Consumer,141.25
ORD100437,2024-03-04 16:02:58.595719,Table,Furniture,East,Chennai,33854.39,8,0.25,UPI,Home Office,2583.96
ORD100438,2024-03-04 19:33:15.519103,Shoes,Clothing,East,Bengaluru,20851.57,5,0.25,Cash on Delivery,Home Office,4659.93
ORD100439,2024-03-04 23:03:32.442488,Cookware Set,Home & Kitchen,North,Mumbai,6380.02,1,0.32,Cash on Delivery,Corporate,583.15
ORD100440,2024-03-05 02:33:49.365873,Headphones,Electronics,West,Jaipur,21111.4,8,0.11,UPI,Consumer,2273.68
ORD100441,2024-03-05 06:04:06.289257,Headphones,Electronics,North,Kolkata,9872.8,9,0.31,Credit Card,Home Office,485.81
ORD100442,2024-03-05 09:34:23.212642,Novel,Books,East,Lucknow,20894.86,1,0.18,Credit Card,Home Office,3833.01
ORD100443,2024-03-05 13:04:40.136027,Shoes,Clothing,East,Ahmedabad,19340.08,5,0.27,Credit Card,Consumer,2499.83
ORD100444,2024-03-05 16:34:57.059411,Dress,Clothing,West,Bengaluru,36971.9,6,0.18,Debit Card,Home Office,2709.96
ORD100445,2024-03-05 20:05:13.982796,Novel,Books,North,Bengaluru,38755.93,4,0.38,UPI,Consumer,5003.36
ORD100446,2024-03-05 23:35:30.906181,Mixer,Home & Kitchen,East,Chennai,30430.03,2,0.07,Debit Card,Corporate,5134.74
ORD100447,2024-03-06 03:05:47.829565,Shoes,Clothing,East,Kolkata,1329.8,5,0.27,Debit Card,Consumer,185.64
ORD100448,2024-03-06 06:36:04.752950,Headphones,Electronics,North,Chennai,46564.91,4,0.23,UPI,Corporate,10710.37
ORD100449,2024-03-06 10:06:21.676335,Smartphone,Electronics,North,Hyderabad,34374.42,7,0.07,Debit Card,Consumer,1827.08
ORD100450,2024-03-06 13:36:38.599719,Bookshelf,Furniture,South,Bengaluru,1902.93,6,0.03,UPI,Home Office,514.52
ORD100451,2024-03-06 17:06:55.523104,Shoes,Clothing,West,Kolkata,40977.88,3,0.32,Net Banking,Corporate,7258.06
ORD100452,2024-03-06 20:37:12.446489,Air Fryer,Home & Kitchen,West,Pune,10173.25,9,0.06,Net Banking,Consumer,1471.11
ORD100453,2024-03-07 00:07:29.369873,Novel,Books,North,Jaipur,29045.22,4,0.07,UPI,Corporate,7299.65
ORD100454,2024-03-07 03:37:46.293258,Business Book,Books,West,Lucknow,23438.39,5,0.39,UPI,Consumer,3033.06
ORD100455,2024-03-07 07:08:03.216643,Mixer,Home & Kitchen,East,Mumbai,21107.97,3,0.29,UPI,Consumer,4081.45
ORD100456,2024-03-07 10:38:20.140028,Desk,Furniture,North,Jaipur,44507.74,8,0.1,Credit Card,Corporate,7958.63
ORD100457,2024-03-07 14:08:37.063412,Exam Guide,Books,North,Mumbai,21980.59,7,0.24,UPI,Corporate,1737.97
ORD100458,2024-03-07 17:38:53.986797,Jeans,Clothing,North,Bengaluru,3952.14,7,0.21,Cash on Delivery,Corporate,605.88
ORD100459,2024-03-07 21:09:10.910182,Sofa,Furniture,South,Jaipur,47342.61,8,0.34,Net Banking,Home Office,2961.06
ORD100460,2024-03-08 00:39:27.833566,Jeans,Clothing,West,Jaipur,46042.65,7,0.29,Net Banking,Consumer,2785.44
ORD100461,2024-03-08 04:09:44.756951,Laptop,Electronics,South,Lucknow,34284.75,3,0.33,UPI,Consumer,4904.61
ORD100462,2024-03-08 07:40:01.680336,Office Chair,Furniture,East,Ahmedabad,23501.05,3,0.08,Net Banking,Corporate,6202.39
ORD100463,2024-03-08 11:10:18.603720,Exam Guide,Books,West,Lucknow,4824.4,2,0.26,UPI,Consumer,703.74
ORD100464,2024-03-08 14:40:35.527105,Bookshelf,Furniture,South,Chennai,39579.26,1,0.02,UPI,Consumer,9656.07
ORD100465,2024-03-08 18:10:52.450490,Sofa,Furniture,North,Ahmedabad,3958.8,5,0.03,Net Banking,Consumer,353.63
ORD100466,2024-03-08 21:41:09.373874,Sofa,Furniture,South,Jaipur,3616.33,4,0.29,Net Banking,Corporate,548.32
ORD100467,2024-03-09 01:11:26.297259,Bookshelf,Furniture,North,Ahmedabad,26961.72,2,0.01,Cash on Delivery,Consumer,6225.78
ORD100468,2024-03-09 04:41:43.220644,T-Shirt,Clothing,South,Ahmedabad,8174.39,1,0.23,Debit Card,Consumer,380.2
ORD100469,2024-03-09 08:12:00.144028,Laptop,Electronics,South,Chennai,584.97,3,0.34,Cash on Delivery,Home Office,28.68
ORD100470,2024-03-09 11:42:17.067413,Cookware Set,Home & Kitchen,South,Kolkata,21271.05,6,0.15,Cash on Delivery,Home Office,4436.84
ORD100471,2024-03-09 15:12:33.990798,Table,Furniture,North,Bengaluru,7033.42,2,0.02,Net Banking,Corporate,1102.75
ORD100472,2024-03-09 18:42:50.914182,Exam Guide,Books,South,Kolkata,8193.67,7,0.29,Cash on Delivery,Consumer,880.74
ORD100473,2024-03-09 22:13:07.837567,Table,Furniture,West,Bengaluru,4030.15,7,0.37,Net Banking,Consumer,711.15
ORD100474,2024-03-10 01:43:24.760952,Novel,Books,West,Kolkata,10413.67,3,0.29,Credit Card,Home Office,2203.26
ORD100475,2024-03-10 05:13:41.684336,Dress,Clothing,West,Kolkata,35831.11,1,0.23,UPI,Corporate,6651.83
ORD100476,2024-03-10 08:43:58.607721,Data Science Book,Books,North,Mumbai,40484.58,9,0.09,Debit Card,Corporate,9142.03
ORD100477,2024-03-10 12:14:15.531106,Cookware Set,Home & Kitchen,North,Ahmedabad,22736.18,5,0.01,Credit Card,Consumer,2297.71
ORD100478,2024-03-10 15:44:32.454490,Headphones,Electronics,West,Hyderabad,25426.38,2,0.28,UPI,Home Office,1795.12
ORD100479,2024-03-10 19:14:49.377875,Novel,Books,West,Chennai,1826.22,8,0.09,UPI,Home Office,490.53
ORD100480,2024-03-10 22:45:06.301260,Exam Guide,Books,West,Kolkata,3651.95,4,0.34,Debit Card,Home Office,539.36
ORD100481,2024-03-11 02:15:23.224644,Headphones,Electronics,East,Jaipur,13026.87,7,0.19,Cash on Delivery,Consumer,2339.09
ORD100482,2024-03-11 05:45:40.148029,Air Fryer,Home & Kitchen,West,Pune,27286.14,5,0.21,UPI,Consumer,2620.07
ORD100483,2024-03-11 09:15:57.071414,Bookshelf,Furniture,South,Mumbai,37029.65,3,0.3,Debit Card,Consumer,7040.59
ORD100484,2024-03-11 12:46:13.994798,Novel,Books,East,Pune,30329.15,8,0.31,Net Banking,Home Office,1278.86
ORD100485,2024-03-11 16:16:30.918183,Smartwatch,Electronics,East,Delhi,19727.97,2,0.26,UPI,Corporate,1732.1
ORD100486,2024-03-11 19:46:47.841568,Dress,Clothing,North,Lucknow,6092.54,1,0.38,UPI,Consumer,358.98
ORD100487,2024-03-11 23:17:04.764952,Headphones,Electronics,South,Delhi,39082.51,5,0.39,Cash on Delivery,Consumer,5430.21
ORD100488,2024-03-12 02:47:21.688337,Shoes,Clothing,North,Bengaluru,18316.55,4,0.38,Cash on Delivery,Corporate,2598.74
ORD100489,2024-03-12 06:17:38.611722,Dinner Set,Home & Kitchen,North,Kolkata,36855.49,7,0.33,Net Banking,Corporate,4535.71
ORD100490,2024-03-12 09:47:55.535107,Table,Furniture,South,Chennai,25746.35,9,0.28,UPI,Home Office,951.24
ORD100491,2024-03-12 13:18:12.458491,Headphones,Electronics,North,Jaipur,36985.37,6,0.27,Cash on Delivery,Consumer,7247.67
ORD100492,2024-03-12 16:48:29.381876,Data Science Book,Books,South,Hyderabad,45383.02,1,0.04,Debit Card,Home Office,12586.57
ORD100493,2024-03-12 20:18:46.305261,Cookware Set,Home & Kitchen,South,Hyderabad,46067.27,8,0.11,UPI,Consumer,4123.69
ORD100494,2024-03-12 23:49:03.228645,Smartwatch,Electronics,North,Mumbai,26848.32,2,0.0,Debit Card,Home Office,6995.55
ORD100495,2024-03-13 03:19:20.152030,Business Book,Books,West,Mumbai,25673.12,4,0.05,Credit Card,Home Office,7153.96
ORD100496,2024-03-13 06:49:37.075415,Headphones,Electronics,North,Mumbai,13430.79,3,0.18,Net Banking,Corporate,1450.92
ORD100497,2024-03-13 10:19:53.998799,Dress,Clothing,East,Mumbai,46802.83,6,0.06,Cash on Delivery,Consumer,4235.11
ORD100498,2024-03-13 13:50:10.922184,Headphones,Electronics,North,Ahmedabad,23004.37,2,0.36,Credit Card,Corporate,4334.17
ORD100499,2024-03-13 17:20:27.845569,Tablet,Electronics,South,Kolkata,6554.04,5,0.32,Cash on Delivery,Corporate,289.4
ORD100500,2024-03-13 20:50:44.768953,Tablet,Electronics,East,Pune,21748.7,9,0.03,Credit Card,Corporate,2510.24
ORD100501,2024-03-14 00:21:01.692338,Air Fryer,Home & Kitchen,South,Kolkata,6527.25,3,0.1,Cash on Delivery,Consumer,1383.49
ORD100502,2024-03-14 03:51:18.615723,Laptop,Electronics,West,Kolkata,25226.08,2,0.33,Net Banking,Home Office,3453.62
ORD100503,2024-03-14 07:21:35.539107,Business Book,Books,West,Delhi,28151.52,2,0.32,UPI,Home Office,4233.05
ORD100504,2024-03-14 10:51:52.462492,Dress,Clothing,East,Chennai,17020.24,9,0.38,Debit Card,Consumer,2395.67
ORD100505,2024-03-14 14:22:09.385877,Dress,Clothing,West,Jaipur,3768.2,6,0.4,Credit Card,Consumer,500.88
ORD100506,2024-03-14 17:52:26.309261,Laptop,Electronics,West,Bengaluru,47186.48,2,0.39,Debit Card,Home Office,3901.93
ORD100507,2024-03-14 21:22:43.232646,Cookware Set,Home & Kitchen,North,Chennai,38712.99,3,0.16,Debit Card,Home Office,4158.36
ORD100508,2024-03-15 00:53:00.156031,Mixer,Home & Kitchen,North,Mumbai,41976.28,1,0.1,Cash on Delivery,Corporate,5935.65
ORD100509,2024-03-15 04:23:17.079415,Programming Book,Books,West,Pune,18470.05,2,0.3,UPI,Home Office,3257.09
ORD100510,2024-03-15 07:53:34.002800,Tablet,Electronics,West,Delhi,38089.39,2,0.12,Cash on Delivery,Corporate,9538.33
ORD100511,2024-03-15 11:23:50.926185,Shoes,Clothing,North,Ahmedabad,24371.57,2,0.32,Debit Card,Home Office,2714.79
ORD100512,2024-03-15 14:54:07.849569,Mixer,Home & Kitchen,West,Pune,10213.96,7,0.21,Net Banking,Home Office,576.46
ORD100513,2024-03-15 18:24:24.772954,Smartphone,Electronics,West,Delhi,6396.28,3,0.32,UPI,Home Office,1237.75
ORD100514,2024-03-15 21:54:41.696339,Air Fryer,Home & Kitchen,South,Lucknow,17383.53,4,0.11,UPI,Corporate,1084.65
ORD100515,2024-03-16 01:24:58.619723,Mixer,Home & Kitchen,West,Ahmedabad,7050.1,2,0.2,Debit Card,Corporate,506.35
ORD100516,2024-03-16 04:55:15.543108,T-Shirt,Clothing,East,Mumbai,49913.8,5,0.23,Cash on Delivery,Home Office,10258.68
ORD100517,2024-03-16 08:25:32.466493,Desk,Furniture,South,Bengaluru,2649.61,9,0.38,Net Banking,Corporate,308.62
ORD100518,2024-03-16 11:55:49.389877,Business Book,Books,East,Mumbai,22168.95,9,0.11,Credit Card,Corporate,2726.18
ORD100519,2024-03-16 15:26:06.313262,Programming Book,Books,West,Pune,22714.26,7,0.37,Cash on Delivery,Corporate,4045.82
ORD100520,2024-03-16 18:56:23.236647,T-Shirt,Clothing,North,Mumbai,15171.47,8,0.32,UPI,Corporate,2993.12
ORD100521,2024-03-16 22:26:40.160032,Coffee Maker,Home & Kitchen,South,Lucknow,28653.31,5,0.29,Cash on Delivery,Consumer,2699.44
ORD100522,2024-03-17 01:56:57.083416,Smartphone,Electronics,North,Mumbai,7668.86,5,0.31,Credit Card,Corporate,1413.4
ORD100523,2024-03-17 05:27:14.006801,Mixer,Home & Kitchen,South,Delhi,39238.84,3,0.24,Net Banking,Home Office,6549.77
ORD100524,2024-03-17 08:57:30.930186,Shoes,Clothing,North,Hyderabad,16755.9,6,0.1,Net Banking,Corporate,1788.87
ORD100525,2024-03-17 12:27:47.853570,Programming Book,Books,South,Mumbai,29648.86,1,0.08,Credit Card,Home Office,7783.7
ORD100526,2024-03-17 15:58:04.776955,Air Fryer,Home & Kitchen,South,Lucknow,35838.83,3,0.35,Credit Card,Corporate,1532.06
ORD100527,2024-03-17 19:28:21.700340,Exam Guide,Books,East,Kolkata,44474.3,2,0.29,Debit Card,Home Office,4088.73
ORD100528,2024-03-17 22:58:38.623724,Headphones,Electronics,North,Kolkata,41822.21,7,0.09,UPI,Consumer,5673.16
ORD100529,2024-03-18 02:28:55.547109,Programming Book,Books,East,Bengaluru,30493.79,9,0.25,Debit Card,Home Office,5092.39
ORD100530,2024-03-18 05:59:12.470494,Novel,Books,East,Bengaluru,19541.98,4,0.18,Cash on Delivery,Corporate,955.19
ORD100531,2024-03-18 09:29:29.393878,Table,Furniture,North,Bengaluru,25259.59,7,0.06,Credit Card,Corporate,6468.92
ORD100532,2024-03-18 12:59:46.317263,Bookshelf,Furniture,South,Chennai,38482.99,8,0.21,Debit Card,Home Office,6529.52
ORD100533,2024-03-18 16:30:03.240648,Sofa,Furniture,East,Jaipur,43901.77,2,0.11,UPI,Consumer,4640.09
ORD100534,2024-03-18 20:00:20.164032,Novel,Books,North,Bengaluru,5368.34,7,0.04,UPI,Corporate,1105.89
ORD100535,2024-03-18 23:30:37.087417,Jacket,Clothing,South,Mumbai,19365.84,3,0.19,Credit Card,Corporate,2889.91
ORD100536,2024-03-19 03:00:54.010802,Business Book,Books,East,Bengaluru,38850.61,8,0.24,Debit Card,Home Office,3958.58
ORD100537,2024-03-19 06:31:10.934186,T-Shirt,Clothing,East,Jaipur,21696.26,6,0.02,Net Banking,Home Office,1215.12
ORD100538,2024-03-19 10:01:27.857571,Shoes,Clothing,East,Chennai,16744.94,3,0.16,Credit Card,Consumer,2641.2
ORD100539,2024-03-19 13:31:44.780956,Bookshelf,Furniture,South,Jaipur,20683.87,8,0.1,Cash on Delivery,Home Office,1313.24
ORD100540,2024-03-19 17:02:01.704340,Air Fryer,Home & Kitchen,East,Pune,30221.67,3,0.01,Debit Card,Corporate,7555.98
ORD100541,2024-03-19 20:32:18.627725,Laptop,Electronics,South,Bengaluru,49990.3,9,0.05,Debit Card,Home Office,3425.58
ORD100542,2024-03-20 00:02:35.551110,Sofa,Furniture,West,Bengaluru,24751.02,3,0.06,Credit Card,Consumer,3657.06
ORD100543,2024-03-20 03:32:52.474494,Sofa,Furniture,East,Bengaluru,10583.02,1,0.07,Debit Card,Consumer,1561.35
ORD100544,2024-03-20 07:03:09.397879,Mixer,Home & Kitchen,West,Pune,8309.76,2,0.32,Debit Card,Corporate,1068.26
ORD100545,2024-03-20 10:33:26.321264,Smartwatch,Electronics,North,Jaipur,2309.02,4,0.18,Cash on Delivery,Home Office,113.37
ORD100546,2024-03-20 14:03:43.244648,Programming Book,Books,East,Delhi,28029.1,2,0.06,Cash on Delivery,Corporate,2659.98
ORD100547,2024-03-20 17:34:00.168033,Novel,Books,North,Mumbai,27319.69,4,0.04,Net Banking,Consumer,2619.42
ORD100548,2024-03-20 21:04:17.091418,Bookshelf,Furniture,North,Lucknow,10420.65,4,0.12,Cash on Delivery,Consumer,1831.67
ORD100549,2024-03-21 00:34:34.014802,Smartphone,Electronics,North,Mumbai,34827.4,4,0.32,Net Banking,Home Office,2745.03
ORD100550,2024-03-21 04:04:50.938187,Table,Furniture,West,Bengaluru,37107.13,1,0.15,Cash on Delivery,Home Office,2714.07
ORD100551,2024-03-21 07:35:07.861572,Dress,Clothing,South,Chennai,13103.09,9,0.06,Net Banking,Corporate,672.36
ORD100552,2024-03-21 11:05:24.784956,Table,Furniture,West,Pune,17336.17,7,0.16,Cash on Delivery,Consumer,3788.2
ORD100553,2024-03-21 14:35:41.708341,Office Chair,Furniture,West,Delhi,49525.49,2,0.22,Cash on Delivery,Corporate,11314.19
ORD100554,2024-03-21 18:05:58.631726,Business Book,Books,North,Ahmedabad,18838.37,3,0.01,Credit Card,Corporate,4211.46
ORD100555,2024-03-21 21:36:15.555111,Novel,Books,East,Delhi,38087.92,8,0.25,Cash on Delivery,Corporate,4375.68
ORD100556,2024-03-22 01:06:32.478495,Novel,Books,South,Lucknow,22745.73,7,0.16,Net Banking,Consumer,1538.12
ORD100557,2024-03-22 04:36:49.401880,Jeans,Clothing,North,Mumbai,39708.57,4,0.0,Credit Card,Home Office,6701.86
ORD100558,2024-03-22 08:07:06.325265,Novel,Books,South,Bengaluru,38497.36,4,0.27,Net Banking,Consumer,4618.19
ORD100559,2024-03-22 11:37:23.248649,Tablet,Electronics,West,Hyderabad,33454.25,9,0.28,Cash on Delivery,Corporate,3732.75
ORD100560,2024-03-22 15:07:40.172034,Cookware Set,Home & Kitchen,South,Ahmedabad,42767.96,5,0.25,Cash on Delivery,Consumer,4637.41
ORD100561,2024-03-22 18:37:57.095419,Smartwatch,Electronics,South,Bengaluru,46973.08,5,0.14,Net Banking,Corporate,7036.66
ORD100562,2024-03-22 22:08:14.018803,Tablet,Electronics,East,Pune,29083.17,7,0.21,Debit Card,Corporate,1569.13
ORD100563,2024-03-23 01:38:30.942188,Novel,Books,North,Ahmedabad,12025.95,1,0.15,Credit Card,Home Office,608.97
ORD100564,2024-03-23 05:08:47.865573,Mixer,Home & Kitchen,South,Lucknow,20051.72,3,0.28,Credit Card,Corporate,952.71
ORD100565,2024-03-23 08:39:04.788957,Air Fryer,Home & Kitchen,South,Hyderabad,37963.62,2,0.23,Cash on Delivery,Consumer,2923.19
ORD100566,2024-03-23 12:09:21.712342,Air Fryer,Home & Kitchen,West,Jaipur,32614.0,6,0.03,Credit Card,Home Office,3781.01
ORD100567,2024-03-23 15:39:38.635727,Jacket,Clothing,West,Jaipur,9054.36,6,0.26,Net Banking,Home Office,618.86
ORD100568,2024-03-23 19:09:55.559111,Exam Guide,Books,South,Jaipur,2751.73,1,0.27,Cash on Delivery,Home Office,226.95
ORD100569,2024-03-23 22:40:12.482496,Cookware Set,Home & Kitchen,North,Chennai,34211.49,6,0.15,Credit Card,Home Office,2805.02
ORD100570,2024-03-24 02:10:29.405881,Dress,Clothing,South,Jaipur,12703.74,2,0.35,UPI,Home Office,724.06
ORD100571,2024-03-24 05:40:46.329265,Sofa,Furniture,South,Kolkata,25083.58,4,0.34,Credit Card,Consumer,2040.35
ORD100572,2024-03-24 09:11:03.252650,Office Chair,Furniture,East,Ahmedabad,37387.99,6,0.07,Net Banking,Corporate,5194.0
ORD100573,2024-03-24 12:41:20.176035,T-Shirt,Clothing,North,Hyderabad,28220.81,3,0.36,Credit Card,Corporate,4263.68
ORD100574,2024-03-24 16:11:37.099419,Jacket,Clothing,East,Pune,4348.47,3,0.18,Debit Card,Corporate,1030.1
ORD100575,2024-03-24 19:41:54.022804,Data Science Book,Books,North,Kolkata,9441.9,3,0.29,Debit Card,Corporate,1875.32
ORD100576,2024-03-24 23:12:10.946189,Data Science Book,Books,North,Kolkata,11122.54,4,0.33,Cash on Delivery,Home Office,1259.28
ORD100577,2024-03-25 02:42:27.869573,Desk,Furniture,North,Hyderabad,13041.64,9,0.2,Debit Card,Corporate,1725.0
ORD100578,2024-03-25 06:12:44.792958,Coffee Maker,Home & Kitchen,East,Pune,28357.09,4,0.16,Net Banking,Corporate,1939.53
ORD100579,2024-03-25 09:43:01.716343,Sofa,Furniture,East,Ahmedabad,25297.5,4,0.37,UPI,Home Office,4668.63
ORD100580,2024-03-25 13:13:18.639727,Coffee Maker,Home & Kitchen,East,Mumbai,10317.37,4,0.09,UPI,Home Office,2253.54
ORD100581,2024-03-25 16:43:35.563112,Coffee Maker,Home & Kitchen,West,Bengaluru,3564.23,7,0.1,Cash on Delivery,Home Office,840.1
ORD100582,2024-03-25 20:13:52.486497,Data Science Book,Books,East,Mumbai,8737.32,5,0.14,Cash on Delivery,Corporate,815.59
ORD100583,2024-03-25 23:44:09.409881,Laptop,Electronics,West,Lucknow,49222.19,2,0.34,Debit Card,Home Office,4881.82
ORD100584,2024-03-26 03:14:26.333266,Headphones,Electronics,West,Hyderabad,23533.64,7,0.38,Net Banking,Home Office,1103.96
ORD100585,2024-03-26 06:44:43.256651,Shoes,Clothing,West,Mumbai,43393.81,3,0.09,Debit Card,Consumer,11262.21
ORD100586,2024-03-26 10:15:00.180036,Data Science Book,Books,South,Mumbai,42467.87,1,0.35,Net Banking,Consumer,3352.72
ORD100587,2024-03-26 13:45:17.103420,Coffee Maker,Home & Kitchen,South,Mumbai,25673.67,9,0.1,Net Banking,Corporate,4598.21
ORD100588,2024-03-26 17:15:34.026805,Tablet,Electronics,South,Jaipur,35393.05,5,0.39,UPI,Home Office,1901.09
ORD100589,2024-03-26 20:45:50.950190,Mixer,Home & Kitchen,West,Delhi,9799.05,1,0.24,Net Banking,Corporate,1867.03
ORD100590,2024-03-27 00:16:07.873574,Tablet,Electronics,West,Mumbai,34482.16,1,0.0,Credit Card,Consumer,3330.5
ORD100591,2024-03-27 03:46:24.796959,Smartphone,Electronics,North,Bengaluru,13764.75,1,0.01,Net Banking,Consumer,3438.75
ORD100592,2024-03-27 07:16:41.720344,Headphones,Electronics,West,Hyderabad,41636.69,9,0.06,UPI,Home Office,5888.02
ORD100593,2024-03-27 10:46:58.643728,Novel,Books,South,Lucknow,4369.46,8,0.08,Debit Card,Corporate,781.63
ORD100594,2024-03-27 14:17:15.567113,Bookshelf,Furniture,West,Delhi,38702.31,6,0.31,Net Banking,Consumer,3135.85
ORD100595,2024-03-27 17:47:32.490498,Dinner Set,Home & Kitchen,West,Chennai,5176.86,6,0.09,Credit Card,Home Office,1275.22
ORD100596,2024-03-27 21:17:49.413882,Business Book,Books,North,Bengaluru,44083.22,6,0.39,Cash on Delivery,Corporate,6452.9
ORD100597,2024-03-28 00:48:06.337267,Business Book,Books,West,Bengaluru,15349.39,4,0.25,Debit Card,Home Office,1595.21
ORD100598,2024-03-28 04:18:23.260652,Data Science Book,Books,East,Jaipur,32788.79,5,0.28,Cash on Delivery,Home Office,4635.2
ORD100599,2024-03-28 07:48:40.184036,Business Book,Books,North,Jaipur,24477.61,3,0.09,Credit Card,Consumer,1832.02
ORD100600,2024-03-28 11:18:57.107421,Exam Guide,Books,West,Hyderabad,18441.9,3,0.36,UPI,Corporate,1063.65
ORD100601,2024-03-28 14:49:14.030806,Shoes,Clothing,West,Bengaluru,32343.0,7,0.27,UPI,Consumer,4330.6
ORD100602,2024-03-28 18:19:30.954190,Dinner Set,Home & Kitchen,North,Pune,47386.64,5,0.35,Debit Card,Corporate,6472.89
ORD100603,2024-03-28 21:49:47.877575,Novel,Books,West,Pune,2255.23,8,0.38,Net Banking,Corporate,264.77
ORD100604,2024-03-29 01:20:04.800960,Dinner Set,Home & Kitchen,South,Hyderabad,45958.87,5,0.05,Net Banking,Home Office,8289.11
ORD100605,2024-03-29 04:50:21.724344,T-Shirt,Clothing,East,Mumbai,30532.27,4,0.04,Cash on Delivery,Home Office,6904.86
ORD100606,2024-03-29 08:20:38.647729,T-Shirt,Clothing,East,Kolkata,40404.25,3,0.32,UPI,Corporate,7572.13
ORD100607,2024-03-29 11:50:55.571114,Mixer,Home & Kitchen,South,Chennai,19316.97,2,0.35,Net Banking,Home Office,1844.47
ORD100608,2024-03-29 15:21:12.494498,Headphones,Electronics,West,Lucknow,23697.78,3,0.23,Net Banking,Consumer,3361.76
ORD100609,2024-03-29 18:51:29.417883,Bookshelf,Furniture,West,Jaipur,43468.77,7,0.15,UPI,Corporate,10096.39
ORD100610,2024-03-29 22:21:46.341268,Headphones,Electronics,East,Lucknow,20859.43,8,0.26,UPI,Consumer,2563.45
ORD100611,2024-03-30 01:52:03.264652,Tablet,Electronics,West,Kolkata,26826.05,5,0.12,Credit Card,Home Office,3807.5
ORD100612,2024-03-30 05:22:20.188037,Headphones,Electronics,East,Ahmedabad,1205.71,1,0.1,Cash on Delivery,Corporate,262.2
ORD100613,2024-03-30 08:52:37.111422,Novel,Books,East,Hyderabad,8098.18,3,0.2,UPI,Home Office,1744.84
ORD100614,2024-03-30 12:22:54.034806,T-Shirt,Clothing,South,Mumbai,32155.99,4,0.09,Credit Card,Consumer,6859.53
ORD100615,2024-03-30 15:53:10.958191,Tablet,Electronics,East,Delhi,35905.45,4,0.19,UPI,Corporate,2182.16
ORD100616,2024-03-30 19:23:27.881576,T-Shirt,Clothing,West,Mumbai,29213.53,1,0.38,Debit Card,Home Office,3010.15
ORD100617,2024-03-30 22:53:44.804960,Air Fryer,Home & Kitchen,West,Bengaluru,7336.84,9,0.34,Debit Card,Consumer,498.72
ORD100618,2024-03-31 02:24:01.728345,Table,Furniture,North,Mumbai,22381.19,4,0.38,Debit Card,Consumer,1794.72
ORD100619,2024-03-31 05:54:18.651730,Coffee Maker,Home & Kitchen,West,Bengaluru,17883.72,2,0.32,UPI,Home Office,2033.17
ORD100620,2024-03-31 09:24:35.575115,Cookware Set,Home & Kitchen,North,Lucknow,24883.93,9,0.14,Net Banking,Corporate,2255.2
ORD100621,2024-03-31 12:54:52.498499,Data Science Book,Books,East,Ahmedabad,43542.39,4,0.32,Net Banking,Home Office,5299.49
ORD100622,2024-03-31 16:25:09.421884,Bookshelf,Furniture,West,Jaipur,38837.9,4,0.37,Debit Card,Corporate,5158.29
ORD100623,2024-03-31 19:55:26.345269,Cookware Set,Home & Kitchen,South,Ahmedabad,4382.68,6,0.38,Cash on Delivery,Consumer,730.19
ORD100624,2024-03-31 23:25:43.268653,Cookware Set,Home & Kitchen,South,Bengaluru,44537.4,8,0.27,Credit Card,Consumer,3344.38
ORD100625,2024-04-01 02:56:00.192038,Sofa,Furniture,South,Delhi,23694.0,5,0.08,Debit Card,Consumer,2782.39
ORD100626,2024-04-01 06:26:17.115423,Bookshelf,Furniture,East,Kolkata,37244.33,8,0.02,Credit Card,Home Office,5527.85
ORD100627,2024-04-01 09:56:34.038807,Air Fryer,Home & Kitchen,East,Lucknow,7173.95,1,0.06,Credit Card,Home Office,715.73
ORD100628,2024-04-01 13:26:50.962192,Office Chair,Furniture,North,Lucknow,33601.83,4,0.39,Debit Card,Home Office,2726.32
ORD100629,2024-04-01 16:57:07.885577,Dinner Set,Home & Kitchen,South,Mumbai,11969.04,1,0.18,Net Banking,Consumer,2658.17
ORD100630,2024-04-01 20:27:24.808961,Dinner Set,Home & Kitchen,North,Jaipur,22031.37,3,0.34,Cash on Delivery,Corporate,1231.07
ORD100631,2024-04-01 23:57:41.732346,Programming Book,Books,North,Mumbai,1039.77,7,0.19,Debit Card,Home Office,135.54
ORD100632,2024-04-02 03:27:58.655731,Tablet,Electronics,West,Mumbai,7750.21,1,0.26,Credit Card,Home Office,732.62
ORD100633,2024-04-02 06:58:15.579115,Cookware Set,Home & Kitchen,West,Bengaluru,4785.61,5,0.01,UPI,Home Office,328.28
ORD100634,2024-04-02 10:28:32.502500,Dress,Clothing,South,Kolkata,12139.26,1,0.1,UPI,Consumer,808.82
ORD100635,2024-04-02 13:58:49.425885,Tablet,Electronics,East,Jaipur,5180.9,6,0.17,Credit Card,Corporate,1058.78
ORD100636,2024-04-02 17:29:06.349269,Laptop,Electronics,West,Mumbai,34657.12,9,0.25,Debit Card,Corporate,6838.28
ORD100637,2024-04-02 20:59:23.272654,Smartwatch,Electronics,East,Lucknow,1646.19,3,0.07,Net Banking,Corporate,360.31
ORD100638,2024-04-03 00:29:40.196039,Exam Guide,Books,North,Mumbai,30963.48,6,0.31,Debit Card,Home Office,3948.37
ORD100639,2024-04-03 03:59:57.119423,Dinner Set,Home & Kitchen,North,Chennai,7207.25,4,0.15,Cash on Delivery,Home Office,1489.67
ORD100640,2024-04-03 07:30:14.042808,Business Book,Books,North,Hyderabad,47269.04,6,0.33,UPI,Corporate,2787.11
ORD100641,2024-04-03 11:00:30.966193,Mixer,Home & Kitchen,North,Lucknow,46668.08,2,0.04,Credit Card,Consumer,10978.59
ORD100642,2024-04-03 14:30:47.889577,Business Book,Books,South,Chennai,11430.05,4,0.27,Net Banking,Corporate,1300.56
ORD100643,2024-04-03 18:01:04.812962,Programming Book,Books,North,Hyderabad,30798.18,7,0.12,Debit Card,Home Office,6438.96
ORD100644,2024-04-03 21:31:21.736347,Jeans,Clothing,West,Delhi,1594.66,6,0.32,Cash on Delivery,Corporate,115.96
ORD100645,2024-04-04 01:01:38.659731,Programming Book,Books,North,Chennai,46603.07,9,0.16,Debit Card,Corporate,10105.14
ORD100646,2024-04-04 04:31:55.583116,Desk,Furniture,East,Bengaluru,26244.77,7,0.27,Cash on Delivery,Corporate,3679.03
ORD100647,2024-04-04 08:02:12.506501,Jeans,Clothing,West,Delhi,2352.51,1,0.37,Debit Card,Consumer,76.82
ORD100648,2024-04-04 11:32:29.429885,Programming Book,Books,East,Pune,17256.5,6,0.01,Net Banking,Home Office,3071.98
ORD100649,2024-04-04 15:02:46.353270,Headphones,Electronics,East,Jaipur,4027.1,3,0.0,Net Banking,Home Office,513.74
ORD100650,2024-04-04 18:33:03.276655,Office Chair,Furniture,South,Lucknow,19768.63,8,0.31,Credit Card,Corporate,878.1
ORD100651,2024-04-04 22:03:20.200040,Table,Furniture,South,Pune,33562.33,1,0.26,Net Banking,Home Office,4019.17
ORD100652,2024-04-05 01:33:37.123424,Table,Furniture,East,Lucknow,23600.52,2,0.12,Cash on Delivery,Consumer,2655.61
ORD100653,2024-04-05 05:03:54.046809,Jacket,Clothing,East,Jaipur,19309.36,3,0.2,Credit Card,Corporate,1561.7
ORD100654,2024-04-05 08:34:10.970194,Novel,Books,North,Jaipur,6134.02,3,0.02,Net Banking,Consumer,825.24
ORD100655,2024-04-05 12:04:27.893578,Data Science Book,Books,West,Lucknow,12397.96,7,0.08,UPI,Corporate,1082.46
ORD100656,2024-04-05 15:34:44.816963,Tablet,Electronics,North,Jaipur,5187.14,8,0.17,Cash on Delivery,Corporate,537.96
ORD100657,2024-04-05 19:05:01.740348,Headphones,Electronics,South,Chennai,40413.44,9,0.33,Credit Card,Corporate,2134.58
ORD100658,2024-04-05 22:35:18.663732,Office Chair,Furniture,South,Ahmedabad,6934.94,7,0.19,Cash on Delivery,Consumer,399.27
ORD100659,2024-04-06 02:05:35.587117,Headphones,Electronics,North,Kolkata,29849.59,8,0.23,Credit Card,Home Office,6378.22
ORD100660,2024-04-06 05:35:52.510502,Jeans,Clothing,West,Lucknow,17268.47,6,0.35,Cash on Delivery,Home Office,3094.5
ORD100661,2024-04-06 09:06:09.433886,Programming Book,Books,East,Pune,11453.72,2,0.12,UPI,Home Office,2590.39
ORD100662,2024-04-06 12:36:26.357271,Sofa,Furniture,North,Pune,32045.53,1,0.28,Net Banking,Home Office,2482.2
ORD100663,2024-04-06 16:06:43.280656,Tablet,Electronics,South,Jaipur,22958.72,3,0.34,Debit Card,Consumer,3507.45
ORD100664,2024-04-06 19:37:00.204040,Dress,Clothing,West,Lucknow,20127.24,9,0.08,Debit Card,Home Office,3655.79
ORD100665,2024-04-06 23:07:17.127425,Jacket,Clothing,South,Ahmedabad,29724.03,7,0.14,Debit Card,Home Office,1605.55
ORD100666,2024-04-07 02:37:34.050810,Laptop,Electronics,West,Ahmedabad,24665.13,2,0.39,Credit Card,Corporate,4136.02
ORD100667,2024-04-07 06:07:50.974194,Business Book,Books,West,Kolkata,15313.51,1,0.39,Net Banking,Consumer,2797.66
ORD100668,2024-04-07 09:38:07.897579,Laptop,Electronics,West,Chennai,28041.25,2,0.09,Credit Card,Corporate,5797.08
ORD100669,2024-04-07 13:08:24.820964,Table,Furniture,North,Kolkata,33541.03,3,0.03,Credit Card,Home Office,3509.76
ORD100670,2024-04-07 16:38:41.744348,Laptop,Electronics,North,Bengaluru,1529.32,6,0.11,Credit Card,Corporate,256.71
ORD100671,2024-04-07 20:08:58.667733,Shoes,Clothing,North,Pune,23400.41,9,0.16,Credit Card,Home Office,1520.32
ORD100672,2024-04-07 23:39:15.591118,Headphones,Electronics,West,Ahmedabad,3072.63,8,0.18,Net Banking,Corporate,314.18
ORD100673,2024-04-08 03:09:32.514502,Novel,Books,West,Jaipur,9482.99,9,0.25,Debit Card,Consumer,1630.94
ORD100674,2024-04-08 06:39:49.437887,Mixer,Home & Kitchen,South,Ahmedabad,28113.33,8,0.36,Cash on Delivery,Corporate,2253.9
ORD100675,2024-04-08 10:10:06.361272,Smartphone,Electronics,East,Ahmedabad,43336.21,7,0.13,Credit Card,Corporate,3272.63
ORD100676,2024-04-08 13:40:23.284656,Exam Guide,Books,North,Hyderabad,44163.72,6,0.34,Net Banking,Corporate,1511.85
ORD100677,2024-04-08 17:10:40.208041,Data Science Book,Books,West,Pune,3683.21,8,0.04,UPI,Corporate,682.88
ORD100678,2024-04-08 20:40:57.131426,Jacket,Clothing,South,Bengaluru,21071.43,6,0.02,Cash on Delivery,Home Office,6033.26
ORD100679,2024-04-09 00:11:14.054810,Programming Book,Books,South,Kolkata,29233.72,2,0.2,Credit Card,Corporate,3999.95
ORD100680,2024-04-09 03:41:30.978195,Data Science Book,Books,South,Bengaluru,7524.08,9,0.02,Credit Card,Consumer,760.61
ORD100681,2024-04-09 07:11:47.901580,Programming Book,Books,North,Hyderabad,38318.52,9,0.16,Cash on Delivery,Corporate,5337.34
ORD100682,2024-04-09 10:42:04.824964,Programming Book,Books,North,Chennai,37262.92,3,0.36,Cash on Delivery,Consumer,4782.08
ORD100683,2024-04-09 14:12:21.748349,Desk,Furniture,East,Bengaluru,45186.38,9,0.1,Credit Card,Corporate,10180.85
ORD100684,2024-04-09 17:42:38.671734,Bookshelf,Furniture,South,Ahmedabad,622.6,2,0.28,Net Banking,Home Office,73.14
ORD100685,2024-04-09 21:12:55.595119,T-Shirt,Clothing,North,Delhi,10990.88,3,0.12,UPI,Consumer,901.8
ORD100686,2024-04-10 00:43:12.518503,Smartphone,Electronics,South,Lucknow,41393.9,6,0.02,Net Banking,Consumer,3935.01
ORD100687,2024-04-10 04:13:29.441888,Business Book,Books,West,Bengaluru,33594.89,4,0.22,Debit Card,Corporate,7204.31
ORD100688,2024-04-10 07:43:46.365273,Smartphone,Electronics,South,Lucknow,44740.61,8,0.33,Debit Card,Home Office,3269.22
ORD100689,2024-04-10 11:14:03.288657,Smartphone,Electronics,East,Hyderabad,3047.55,1,0.16,Debit Card,Home Office,593.92
ORD100690,2024-04-10 14:44:20.212042,T-Shirt,Clothing,North,Bengaluru,29928.81,6,0.25,Credit Card,Consumer,2631.58
ORD100691,2024-04-10 18:14:37.135427,Exam Guide,Books,West,Bengaluru,28538.52,2,0.36,UPI,Corporate,4203.44
ORD100692,2024-04-10 21:44:54.058811,Exam Guide,Books,North,Mumbai,1976.59,6,0.32,UPI,Home Office,93.54
ORD100693,2024-04-11 01:15:10.982196,Dinner Set,Home & Kitchen,West,Ahmedabad,25773.4,1,0.08,Credit Card,Home Office,2414.98
ORD100694,2024-04-11 04:45:27.905581,Smartphone,Electronics,South,Jaipur,30554.11,2,0.29,Credit Card,Home Office,3301.2
ORD100695,2024-04-11 08:15:44.828965,Laptop,Electronics,South,Lucknow,9726.4,9,0.2,Credit Card,Corporate,1391.49
ORD100696,2024-04-11 11:46:01.752350,Bookshelf,Furniture,East,Chennai,13811.81,6,0.3,UPI,Corporate,1336.52
ORD100697,2024-04-11 15:16:18.675735,Cookware Set,Home & Kitchen,East,Mumbai,32089.3,8,0.2,Credit Card,Consumer,4964.32
ORD100698,2024-04-11 18:46:35.599119,Desk,Furniture,West,Ahmedabad,23521.39,7,0.05,Cash on Delivery,Corporate,2934.89
ORD100699,2024-04-11 22:16:52.522504,Office Chair,Furniture,East,Hyderabad,42929.08,9,0.23,Cash on Delivery,Home Office,7259.29
ORD100700,2024-04-12 01:47:09.445889,Sofa,Furniture,East,Lucknow,17250.61,9,0.2,Cash on Delivery,Consumer,2453.75
ORD100701,2024-04-12 05:17:26.369273,Jeans,Clothing,East,Kolkata,13479.65,4,0.21,Credit Card,Corporate,2409.61
ORD100702,2024-04-12 08:47:43.292658,Shoes,Clothing,East,Hyderabad,49246.32,7,0.35,Cash on Delivery,Home Office,5049.43
ORD100703,2024-04-12 12:18:00.216043,Sofa,Furniture,South,Jaipur,45574.56,5,0.36,Credit Card,Home Office,7849.76
ORD100704,2024-04-12 15:48:17.139427,Dinner Set,Home & Kitchen,East,Lucknow,1643.84,7,0.18,Cash on Delivery,Consumer,196.17
ORD100705,2024-04-12 19:18:34.062812,Laptop,Electronics,South,Hyderabad,38582.29,4,0.18,Credit Card,Consumer,4019.02
ORD100706,2024-04-12 22:48:50.986197,Coffee Maker,Home & Kitchen,South,Mumbai,5694.67,1,0.21,Net Banking,Corporate,851.49
ORD100707,2024-04-13 02:19:07.909581,Programming Book,Books,North,Hyderabad,1568.76,4,0.21,Debit Card,Corporate,219.72
ORD100708,2024-04-13 05:49:24.832966,Dress,Clothing,South,Jaipur,13830.04,3,0.38,Net Banking,Consumer,1539.36
ORD100709,2024-04-13 09:19:41.756351,Laptop,Electronics,South,Jaipur,13613.42,9,0.26,Debit Card,Consumer,2508.74
ORD100710,2024-04-13 12:49:58.679735,Smartphone,Electronics,East,Delhi,41002.07,5,0.11,Debit Card,Home Office,7194.34
ORD100711,2024-04-13 16:20:15.603120,Business Book,Books,South,Bengaluru,35591.23,4,0.21,Cash on Delivery,Corporate,7628.62
ORD100712,2024-04-13 19:50:32.526505,Programming Book,Books,West,Kolkata,49084.15,8,0.25,Debit Card,Home Office,7538.38
ORD100713,2024-04-13 23:20:49.449889,Bookshelf,Furniture,East,Kolkata,35633.34,5,0.26,Debit Card,Consumer,1461.49
ORD100714,2024-04-14 02:51:06.373274,T-Shirt,Clothing,East,Mumbai,21029.13,3,0.23,Net Banking,Consumer,4333.07
ORD100715,2024-04-14 06:21:23.296659,Shoes,Clothing,East,Jaipur,35006.6,2,0.07,Debit Card,Consumer,8462.84
ORD100716,2024-04-14 09:51:40.220044,Dinner Set,Home & Kitchen,North,Delhi,49973.06,8,0.01,Credit Card,Corporate,3077.86
ORD100717,2024-04-14 13:21:57.143428,Table,Furniture,East,Ahmedabad,35565.07,2,0.14,Credit Card,Consumer,2487.28
ORD100718,2024-04-14 16:52:14.066813,Sofa,Furniture,South,Delhi,38131.73,8,0.17,Cash on Delivery,Consumer,5984.54
ORD100719,2024-04-14 20:22:30.990198,Desk,Furniture,West,Chennai,46930.58,5,0.02,Net Banking,Corporate,2792.32
ORD100720,2024-04-14 23:52:47.913582,Desk,Furniture,East,Hyderabad,5859.83,8,0.33,UPI,Consumer,599.87
ORD100721,2024-04-15 03:23:04.836967,Dress,Clothing,East,Bengaluru,35298.26,5,0.14,Net Banking,Corporate,8919.96
ORD100722,2024-04-15 06:53:21.760352,Dress,Clothing,West,Delhi,42570.14,1,0.37,UPI,Consumer,2499.39
ORD100723,2024-04-15 10:23:38.683736,Sofa,Furniture,East,Hyderabad,47728.05,2,0.06,Debit Card,Corporate,4554.81
ORD100724,2024-04-15 13:53:55.607121,Cookware Set,Home & Kitchen,North,Bengaluru,10706.27,6,0.02,UPI,Corporate,2298.69
ORD100725,2024-04-15 17:24:12.530506,Tablet,Electronics,South,Lucknow,25295.66,3,0.19,Debit Card,Corporate,1249.75
ORD100726,2024-04-15 20:54:29.453890,Smartphone,Electronics,West,Chennai,34091.63,8,0.08,Net Banking,Corporate,8003.28
ORD100727,2024-04-16 00:24:46.377275,Dinner Set,Home & Kitchen,West,Chennai,12523.89,5,0.37,Net Banking,Home Office,787.09
ORD100728,2024-04-16 03:55:03.300660,Office Chair,Furniture,North,Jaipur,30103.55,3,0.0,Cash on Delivery,Corporate,5505.59
ORD100729,2024-04-16 07:25:20.224044,Jacket,Clothing,South,Chennai,13027.42,7,0.17,Cash on Delivery,Corporate,1213.09
ORD100730,2024-04-16 10:55:37.147429,Laptop,Electronics,North,Lucknow,16806.16,8,0.37,Debit Card,Corporate,2273.43
ORD100731,2024-04-16 14:25:54.070814,Exam Guide,Books,South,Jaipur,22187.63,4,0.15,Debit Card,Corporate,3711.62
ORD100732,2024-04-16 17:56:10.994198,Data Science Book,Books,North,Pune,26553.67,9,0.04,Credit Card,Consumer,7306.12
ORD100733,2024-04-16 21:26:27.917583,Air Fryer,Home & Kitchen,East,Ahmedabad,22578.42,6,0.12,Credit Card,Consumer,3206.86
ORD100734,2024-04-17 00:56:44.840968,Table,Furniture,North,Mumbai,24761.14,1,0.2,Credit Card,Corporate,5323.05
ORD100735,2024-04-17 04:27:01.764352,Tablet,Electronics,West,Hyderabad,15069.72,5,0.07,Net Banking,Corporate,2718.25
ORD100736,2024-04-17 07:57:18.687737,Desk,Furniture,West,Ahmedabad,8116.46,5,0.19,UPI,Home Office,1831.71
ORD100737,2024-04-17 11:27:35.611122,Tablet,Electronics,West,Ahmedabad,2558.03,7,0.33,Debit Card,Corporate,210.73
ORD100738,2024-04-17 14:57:52.534506,Coffee Maker,Home & Kitchen,North,Kolkata,9959.74,7,0.35,Cash on Delivery,Corporate,1213.46
ORD100739,2024-04-17 18:28:09.457891,Dinner Set,Home & Kitchen,West,Delhi,29180.79,6,0.02,Debit Card,Corporate,4218.3
ORD100740,2024-04-17 21:58:26.381276,Business Book,Books,West,Chennai,39348.55,8,0.06,UPI,Consumer,2458.73
ORD100741,2024-04-18 01:28:43.304660,Table,Furniture,East,Pune,8628.53,2,0.11,Debit Card,Corporate,1486.47
ORD100742,2024-04-18 04:59:00.228045,Novel,Books,East,Delhi,5606.06,7,0.24,Cash on Delivery,Corporate,1059.0
ORD100743,2024-04-18 08:29:17.151430,Sofa,Furniture,South,Mumbai,37514.66,7,0.14,Cash on Delivery,Home Office,6099.28
ORD100744,2024-04-18 11:59:34.074814,Programming Book,Books,South,Delhi,15396.88,4,0.34,UPI,Consumer,1217.76
ORD100745,2024-04-18 15:29:50.998199,Shoes,Clothing,South,Kolkata,47584.67,2,0.29,Cash on Delivery,Home Office,3917.63
ORD100746,2024-04-18 19:00:07.921584,Jeans,Clothing,North,Mumbai,35773.03,4,0.04,Net Banking,Corporate,3759.07
ORD100747,2024-04-18 22:30:24.844968,Shoes,Clothing,South,Lucknow,16472.45,4,0.25,Cash on Delivery,Home Office,3643.39
ORD100748,2024-04-19 02:00:41.768353,Dress,Clothing,North,Lucknow,14619.23,6,0.05,UPI,Corporate,2080.53
ORD100749,2024-04-19 05:30:58.691738,Tablet,Electronics,North,Jaipur,26280.18,7,0.1,UPI,Corporate,3056.27
ORD100750,2024-04-19 09:01:15.615123,Jeans,Clothing,South,Delhi,4141.4,3,0.07,Debit Card,Consumer,595.51
ORD100751,2024-04-19 12:31:32.538507,Air Fryer,Home & Kitchen,South,Hyderabad,6060.29,1,0.07,Cash on Delivery,Home Office,444.96
ORD100752,2024-04-19 16:01:49.461892,Dinner Set,Home & Kitchen,North,Pune,8957.72,3,0.25,Cash on Delivery,Corporate,665.14
ORD100753,2024-04-19 19:32:06.385277,Laptop,Electronics,East,Kolkata,38781.23,9,0.23,UPI,Home Office,5292.23
ORD100754,2024-04-19 23:02:23.308661,Jeans,Clothing,West,Mumbai,25790.1,1,0.07,Debit Card,Consumer,5989.29
ORD100755,2024-04-20 02:32:40.232046,Shoes,Clothing,West,Pune,726.24,8,0.4,Debit Card,Corporate,117.26
ORD100756,2024-04-20 06:02:57.155431,Shoes,Clothing,West,Delhi,33741.12,2,0.17,Net Banking,Consumer,7463.26
ORD100757,2024-04-20 09:33:14.078815,Programming Book,Books,East,Hyderabad,21299.77,6,0.04,Net Banking,Home Office,5851.9
ORD100758,2024-04-20 13:03:31.002200,Table,Furniture,North,Delhi,25640.45,3,0.05,UPI,Home Office,1983.82
ORD100759,2024-04-20 16:33:47.925585,Novel,Books,South,Chennai,10862.99,7,0.23,Debit Card,Home Office,503.9
ORD100760,2024-04-20 20:04:04.848969,Office Chair,Furniture,North,Chennai,27678.75,2,0.39,Debit Card,Corporate,1290.49
ORD100761,2024-04-20 23:34:21.772354,Dress,Clothing,North,Kolkata,48961.83,4,0.23,Net Banking,Corporate,7547.12
ORD100762,2024-04-21 03:04:38.695739,Jeans,Clothing,South,Mumbai,3857.55,9,0.38,Net Banking,Corporate,452.1
ORD100763,2024-04-21 06:34:55.619123,Business Book,Books,East,Mumbai,14339.09,6,0.18,UPI,Consumer,2560.93
ORD100764,2024-04-21 10:05:12.542508,Novel,Books,West,Ahmedabad,12301.28,4,0.17,Debit Card,Home Office,1457.72
ORD100765,2024-04-21 13:35:29.465893,Bookshelf,Furniture,West,Kolkata,12577.76,2,0.2,UPI,Home Office,1488.17
ORD100766,2024-04-21 17:05:46.389277,Cookware Set,Home & Kitchen,North,Kolkata,19059.58,9,0.28,Net Banking,Home Office,2557.86
ORD100767,2024-04-21 20:36:03.312662,Bookshelf,Furniture,East,Hyderabad,40941.87,4,0.15,Cash on Delivery,Consumer,2427.83
ORD100768,2024-04-22 00:06:20.236047,Novel,Books,West,Chennai,45660.36,9,0.35,Net Banking,Corporate,7418.86
ORD100769,2024-04-22 03:36:37.159431,Data Science Book,Books,East,Mumbai,10270.31,2,0.01,Debit Card,Consumer,2854.19
ORD100770,2024-04-22 07:06:54.082816,Smartwatch,Electronics,South,Delhi,27238.91,7,0.18,UPI,Home Office,3279.72
ORD100771,2024-04-22 10:37:11.006201,Exam Guide,Books,North,Kolkata,31917.57,5,0.2,Debit Card,Home Office,5997.77
ORD100772,2024-04-22 14:07:27.929585,Headphones,Electronics,North,Jaipur,26187.01,8,0.24,Net Banking,Consumer,3725.85
ORD100773,2024-04-22 17:37:44.852970,Air Fryer,Home & Kitchen,East,Bengaluru,21817.0,8,0.11,Net Banking,Corporate,2116.51
ORD100774,2024-04-22 21:08:01.776355,Sofa,Furniture,West,Mumbai,9760.38,4,0.17,Credit Card,Corporate,542.37
ORD100775,2024-04-23 00:38:18.699739,Bookshelf,Furniture,East,Lucknow,24513.32,4,0.19,Net Banking,Home Office,2213.42
ORD100776,2024-04-23 04:08:35.623124,Laptop,Electronics,South,Mumbai,20180.5,8,0.27,Debit Card,Consumer,2964.42
ORD100777,2024-04-23 07:38:52.546509,Sofa,Furniture,West,Jaipur,39819.06,3,0.31,UPI,Corporate,1650.09
ORD100778,2024-04-23 11:09:09.469893,Programming Book,Books,West,Mumbai,38227.5,7,0.3,UPI,Consumer,6931.92
ORD100779,2024-04-23 14:39:26.393278,Shoes,Clothing,East,Jaipur,6873.13,8,0.14,Credit Card,Home Office,1729.39
ORD100780,2024-04-23 18:09:43.316663,Headphones,Electronics,South,Bengaluru,4608.25,8,0.4,Debit Card,Home Office,195.97
ORD100781,2024-04-23 21:40:00.240048,Office Chair,Furniture,West,Ahmedabad,45426.07,4,0.34,Net Banking,Home Office,3348.14
ORD100782,2024-04-24 01:10:17.163432,Headphones,Electronics,North,Hyderabad,26868.32,9,0.1,Cash on Delivery,Home Office,5293.53
ORD100783,2024-04-24 04:40:34.086817,Smartwatch,Electronics,South,Bengaluru,42918.49,4,0.08,UPI,Corporate,9931.27
ORD100784,2024-04-24 08:10:51.010202,Jacket,Clothing,West,Pune,3095.93,8,0.13,Debit Card,Home Office,367.65
ORD100785,2024-04-24 11:41:07.933586,Programming Book,Books,East,Ahmedabad,26420.48,6,0.18,Credit Card,Corporate,3873.87
ORD100786,2024-04-24 15:11:24.856971,Laptop,Electronics,West,Hyderabad,27063.44,5,0.34,Cash on Delivery,Corporate,4875.22
ORD100787,2024-04-24 18:41:41.780356,Bookshelf,Furniture,North,Chennai,43062.96,4,0.31,Debit Card,Consumer,4341.12
ORD100788,2024-04-24 22:11:58.703740,Cookware Set,Home & Kitchen,South,Jaipur,5060.98,5,0.34,Net Banking,Home Office,235.1
ORD100789,2024-04-25 01:42:15.627125,Smartwatch,Electronics,West,Kolkata,12174.19,1,0.11,UPI,Corporate,3236.68
ORD100790,2024-04-25 05:12:32.550510,Smartwatch,Electronics,North,Pune,20445.61,7,0.24,Net Banking,Consumer,1477.26
ORD100791,2024-04-25 08:42:49.473894,Jacket,Clothing,West,Bengaluru,43318.91,8,0.11,Credit Card,Consumer,2397.87
ORD100792,2024-04-25 12:13:06.397279,Novel,Books,West,Mumbai,46956.39,9,0.04,UPI,Home Office,6881.78
ORD100793,2024-04-25 15:43:23.320664,Mixer,Home & Kitchen,South,Bengaluru,49637.69,3,0.27,Cash on Delivery,Home Office,2912.1
ORD100794,2024-04-25 19:13:40.244048,Table,Furniture,East,Hyderabad,47967.84,9,0.06,UPI,Consumer,13287.2
ORD100795,2024-04-25 22:43:57.167433,Dinner Set,Home & Kitchen,East,Pune,495.9,5,0.27,Net Banking,Corporate,52.56
ORD100796,2024-04-26 02:14:14.090818,Bookshelf,Furniture,North,Delhi,2575.88,6,0.26,Debit Card,Home Office,488.84
ORD100797,2024-04-26 05:44:31.014202,Novel,Books,North,Hyderabad,7550.82,1,0.32,Debit Card,Consumer,483.43
ORD100798,2024-04-26 09:14:47.937587,Desk,Furniture,North,Ahmedabad,17573.33,9,0.06,Debit Card,Consumer,1399.21
ORD100799,2024-04-26 12:45:04.860972,Shoes,Clothing,South,Bengaluru,41529.92,9,0.31,Credit Card,Corporate,6084.26
ORD100800,2024-04-26 16:15:21.784356,T-Shirt,Clothing,East,Bengaluru,44654.28,6,0.4,Credit Card,Corporate,7430.32
ORD100801,2024-04-26 19:45:38.707741,Jeans,Clothing,North,Pune,9504.35,8,0.34,Debit Card,Consumer,493.26
ORD100802,2024-04-26 23:15:55.631126,Dress,Clothing,North,Jaipur,31059.27,4,0.3,Cash on Delivery,Corporate,4289.89
ORD100803,2024-04-27 02:46:12.554510,Mixer,Home & Kitchen,West,Pune,45884.63,5,0.26,Net Banking,Home Office,2418.75
ORD100804,2024-04-27 06:16:29.477895,Programming Book,Books,West,Kolkata,23293.84,5,0.17,Cash on Delivery,Consumer,4892.26
ORD100805,2024-04-27 09:46:46.401280,Bookshelf,Furniture,North,Bengaluru,5356.47,7,0.29,Debit Card,Corporate,1054.7
ORD100806,2024-04-27 13:17:03.324664,Desk,Furniture,West,Jaipur,22999.12,7,0.29,Net Banking,Corporate,3383.42
ORD100807,2024-04-27 16:47:20.248049,Jacket,Clothing,West,Jaipur,18914.59,7,0.25,Credit Card,Corporate,3150.5
ORD100808,2024-04-27 20:17:37.171434,Jeans,Clothing,West,Pune,28967.37,5,0.32,UPI,Corporate,1257.88
ORD100809,2024-04-27 23:47:54.094818,Smartwatch,Electronics,South,Chennai,22045.2,4,0.18,UPI,Consumer,1233.66
ORD100810,2024-04-28 03:18:11.018203,Data Science Book,Books,North,Hyderabad,1063.83,8,0.05,Net Banking,Corporate,95.93
ORD100811,2024-04-28 06:48:27.941588,Air Fryer,Home & Kitchen,North,Ahmedabad,49701.09,1,0.22,Cash on Delivery,Home Office,4592.21
ORD100812,2024-04-28 10:18:44.864972,Table,Furniture,West,Chennai,27268.3,1,0.11,Net Banking,Home Office,5823.64
ORD100813,2024-04-28 13:49:01.788357,Headphones,Electronics,South,Bengaluru,23786.81,6,0.15,Cash on Delivery,Consumer,3211.9
ORD100814,2024-04-28 17:19:18.711742,Smartphone,Electronics,West,Bengaluru,47739.95,2,0.01,Cash on Delivery,Consumer,3287.7
ORD100815,2024-04-28 20:49:35.635127,Table,Furniture,South,Bengaluru,7961.85,3,0.15,UPI,Home Office,1780.96
ORD100816,2024-04-29 00:19:52.558511,Air Fryer,Home & Kitchen,North,Lucknow,9624.03,4,0.32,Credit Card,Home Office,1953.2
ORD100817,2024-04-29 03:50:09.481896,Headphones,Electronics,West,Mumbai,40439.13,2,0.22,Debit Card,Consumer,5165.3
ORD100818,2024-04-29 07:20:26.405281,Smartwatch,Electronics,North,Delhi,13189.39,7,0.0,Credit Card,Home Office,2346.93
ORD100819,2024-04-29 10:50:43.328665,Data Science Book,Books,South,Lucknow,40001.51,1,0.19,Debit Card,Home Office,2256.01
ORD100820,2024-04-29 14:21:00.252050,Mixer,Home & Kitchen,East,Delhi,13722.37,3,0.12,UPI,Consumer,1760.08
ORD100821,2024-04-29 17:51:17.175435,Tablet,Electronics,South,Jaipur,1852.74,2,0.19,Debit Card,Consumer,214.53
ORD100822,2024-04-29 21:21:34.098819,Mixer,Home & Kitchen,East,Bengaluru,25947.33,9,0.16,Cash on Delivery,Corporate,6352.33
ORD100823,2024-04-30 00:51:51.022204,Table,Furniture,North,Kolkata,9994.98,8,0.37,Net Banking,Corporate,1354.5
ORD100824,2024-04-30 04:22:07.945589,Shoes,Clothing,North,Ahmedabad,37940.75,3,0.02,Debit Card,Home Office,9129.87
ORD100825,2024-04-30 07:52:24.868973,Headphones,Electronics,West,Pune,32131.74,5,0.27,Credit Card,Consumer,1925.35
ORD100826,2024-04-30 11:22:41.792358,Data Science Book,Books,East,Ahmedabad,46195.41,3,0.34,UPI,Corporate,4702.37
ORD100827,2024-04-30 14:52:58.715743,Bookshelf,Furniture,South,Kolkata,39192.82,6,0.38,UPI,Home Office,2378.64
ORD100828,2024-04-30 18:23:15.639127,Dinner Set,Home & Kitchen,North,Pune,9202.64,5,0.07,Net Banking,Home Office,2268.39
ORD100829,2024-04-30 21:53:32.562512,Bookshelf,Furniture,East,Jaipur,40047.88,2,0.21,Cash on Delivery,Home Office,2787.07
ORD100830,2024-05-01 01:23:49.485897,Laptop,Electronics,South,Kolkata,32158.5,8,0.02,Cash on Delivery,Home Office,5033.56
ORD100831,2024-05-01 04:54:06.409281,Air Fryer,Home & Kitchen,East,Bengaluru,33513.79,6,0.2,UPI,Consumer,1700.16
ORD100832,2024-05-01 08:24:23.332666,Shoes,Clothing,South,Kolkata,41646.69,3,0.05,Cash on Delivery,Home Office,8252.08
ORD100833,2024-05-01 11:54:40.256051,Office Chair,Furniture,South,Bengaluru,28776.44,1,0.34,Net Banking,Corporate,3237.86
ORD100834,2024-05-01 15:24:57.179435,Headphones,Electronics,South,Kolkata,23406.98,5,0.05,UPI,Consumer,3880.11
ORD100835,2024-05-01 18:55:14.102820,Data Science Book,Books,South,Kolkata,31904.72,2,0.21,Cash on Delivery,Home Office,1900.56
ORD100836,2024-05-01 22:25:31.026205,Cookware Set,Home & Kitchen,East,Chennai,15038.28,2,0.21,Debit Card,Corporate,2120.57
ORD100837,2024-05-02 01:55:47.949589,Table,Furniture,East,Ahmedabad,9293.34,9,0.39,Debit Card,Corporate,1082.46
ORD100838,2024-05-02 05:26:04.872974,Office Chair,Furniture,West,Delhi,30906.07,7,0.26,Cash on Delivery,Consumer,6648.68
ORD100839,2024-05-02 08:56:21.796359,Jeans,Clothing,East,Lucknow,11845.65,6,0.12,Debit Card,Consumer,607.79
ORD100840,2024-05-02 12:26:38.719743,Shoes,Clothing,East,Chennai,4179.77,1,0.1,Net Banking,Consumer,1055.85
ORD100841,2024-05-02 15:56:55.643128,Exam Guide,Books,West,Delhi,227.6,2,0.05,Credit Card,Corporate,36.73
ORD100842,2024-05-02 19:27:12.566513,Programming Book,Books,East,Chennai,30494.31,7,0.3,Net Banking,Corporate,2188.58
ORD100843,2024-05-02 22:57:29.489897,Headphones,Electronics,South,Mumbai,18235.01,3,0.28,Net Banking,Home Office,2840.98
ORD100844,2024-05-03 02:27:46.413282,Laptop,Electronics,North,Pune,37665.09,2,0.24,Cash on Delivery,Consumer,5131.49
ORD100845,2024-05-03 05:58:03.336667,Data Science Book,Books,North,Bengaluru,18883.78,6,0.02,Net Banking,Consumer,1974.39
ORD100846,2024-05-03 09:28:20.260052,Exam Guide,Books,West,Lucknow,24402.97,8,0.31,Cash on Delivery,Consumer,3480.54
ORD100847,2024-05-03 12:58:37.183436,Air Fryer,Home & Kitchen,East,Chennai,20472.83,8,0.26,UPI,Consumer,2549.96
ORD100848,2024-05-03 16:28:54.106821,Shoes,Clothing,East,Chennai,32598.62,2,0.39,Cash on Delivery,Corporate,4419.55
ORD100849,2024-05-03 19:59:11.030206,Headphones,Electronics,West,Jaipur,17935.73,6,0.23,Cash on Delivery,Consumer,3069.65
ORD100850,2024-05-03 23:29:27.953590,Shoes,Clothing,North,Kolkata,48195.63,5,0.12,UPI,Corporate,7133.89
ORD100851,2024-05-04 02:59:44.876975,Dress,Clothing,South,Mumbai,46820.12,7,0.15,Credit Card,Corporate,5877.99
ORD100852,2024-05-04 06:30:01.800360,Exam Guide,Books,East,Lucknow,42431.79,4,0.07,UPI,Consumer,2597.01
ORD100853,2024-05-04 10:00:18.723744,Mixer,Home & Kitchen,West,Lucknow,46030.95,2,0.29,Cash on Delivery,Corporate,5669.07
ORD100854,2024-05-04 13:30:35.647129,Sofa,Furniture,South,Pune,22567.16,3,0.28,Debit Card,Corporate,1799.97
ORD100855,2024-05-04 17:00:52.570514,Coffee Maker,Home & Kitchen,West,Lucknow,26914.23,9,0.08,Cash on Delivery,Consumer,1567.67
ORD100856,2024-05-04 20:31:09.493898,Cookware Set,Home & Kitchen,West,Hyderabad,37156.21,8,0.06,UPI,Consumer,4631.13
ORD100857,2024-05-05 00:01:26.417283,Jeans,Clothing,West,Lucknow,34868.07,9,0.03,Cash on Delivery,Home Office,2430.7
ORD100858,2024-05-05 03:31:43.340668,Cookware Set,Home & Kitchen,North,Chennai,44555.79,5,0.36,UPI,Corporate,5558.72
ORD100859,2024-05-05 07:02:00.264052,Headphones,Electronics,North,Hyderabad,35873.29,5,0.09,Net Banking,Corporate,5742.77
ORD100860,2024-05-05 10:32:17.187437,Jeans,Clothing,West,Delhi,49894.66,7,0.14,Credit Card,Home Office,10646.14
ORD100861,2024-05-05 14:02:34.110822,Smartwatch,Electronics,East,Kolkata,17555.59,7,0.11,Credit Card,Home Office,1826.63
ORD100862,2024-05-05 17:32:51.034206,Bookshelf,Furniture,South,Hyderabad,41683.29,1,0.17,UPI,Consumer,4943.32
ORD100863,2024-05-05 21:03:07.957591,Dress,Clothing,East,Delhi,34942.21,5,0.29,Credit Card,Home Office,5513.49
ORD100864,2024-05-06 00:33:24.880976,Office Chair,Furniture,North,Mumbai,34631.04,8,0.35,Debit Card,Consumer,6713.35
ORD100865,2024-05-06 04:03:41.804360,Jeans,Clothing,South,Ahmedabad,16426.61,7,0.07,Debit Card,Consumer,4217.03
ORD100866,2024-05-06 07:33:58.727745,Exam Guide,Books,West,Bengaluru,39322.97,2,0.27,Credit Card,Consumer,5172.96
ORD100867,2024-05-06 11:04:15.651130,Coffee Maker,Home & Kitchen,East,Chennai,45038.73,8,0.14,UPI,Corporate,8501.45
ORD100868,2024-05-06 14:34:32.574514,Programming Book,Books,East,Hyderabad,11083.71,2,0.39,Debit Card,Corporate,1237.14
ORD100869,2024-05-06 18:04:49.497899,Table,Furniture,West,Ahmedabad,31349.74,1,0.12,Credit Card,Consumer,4378.22
ORD100870,2024-05-06 21:35:06.421284,Mixer,Home & Kitchen,East,Kolkata,19728.31,3,0.0,Cash on Delivery,Home Office,3956.99
ORD100871,2024-05-07 01:05:23.344668,Jeans,Clothing,North,Jaipur,49479.5,3,0.21,Debit Card,Corporate,5731.39
ORD100872,2024-05-07 04:35:40.268053,Coffee Maker,Home & Kitchen,West,Mumbai,24045.87,6,0.06,Net Banking,Corporate,2713.44
ORD100873,2024-05-07 08:05:57.191438,Laptop,Electronics,East,Bengaluru,11570.34,3,0.02,Debit Card,Home Office,2567.34
ORD100874,2024-05-07 11:36:14.114822,Dinner Set,Home & Kitchen,West,Kolkata,19216.51,7,0.28,Credit Card,Corporate,3707.93
ORD100875,2024-05-07 15:06:31.038207,Smartphone,Electronics,South,Mumbai,32761.15,8,0.29,Credit Card,Home Office,2837.91
ORD100876,2024-05-07 18:36:47.961592,Cookware Set,Home & Kitchen,West,Jaipur,3989.25,3,0.18,Credit Card,Home Office,741.65
ORD100877,2024-05-07 22:07:04.884976,Tablet,Electronics,East,Delhi,30259.38,9,0.27,UPI,Corporate,3501.27
ORD100878,2024-05-08 01:37:21.808361,Table,Furniture,North,Jaipur,46574.99,1,0.22,UPI,Home Office,4560.0
ORD100879,2024-05-08 05:07:38.731746,Programming Book,Books,West,Hyderabad,42548.07,3,0.25,Cash on Delivery,Home Office,6550.63
ORD100880,2024-05-08 08:37:55.655131,Jacket,Clothing,West,Bengaluru,3570.14,3,0.24,Cash on Delivery,Consumer,772.9
ORD100881,2024-05-08 12:08:12.578515,Cookware Set,Home & Kitchen,East,Lucknow,49670.82,7,0.27,Debit Card,Consumer,5001.04
ORD100882,2024-05-08 15:38:29.501900,Programming Book,Books,North,Pune,34996.6,5,0.08,Credit Card,Corporate,7723.06
ORD100883,2024-05-08 19:08:46.425285,Dress,Clothing,North,Chennai,8281.59,4,0.11,Cash on Delivery,Home Office,948.41
ORD100884,2024-05-08 22:39:03.348669,T-Shirt,Clothing,South,Chennai,818.32,2,0.18,Credit Card,Corporate,168.4
ORD100885,2024-05-09 02:09:20.272054,Tablet,Electronics,South,Delhi,8729.88,7,0.18,Debit Card,Corporate,1718.01
ORD100886,2024-05-09 05:39:37.195439,Sofa,Furniture,East,Kolkata,41941.16,3,0.31,UPI,Consumer,6986.21
ORD100887,2024-05-09 09:09:54.118823,Table,Furniture,North,Bengaluru,1277.64,7,0.15,Cash on Delivery,Home Office,325.18
ORD100888,2024-05-09 12:40:11.042208,Exam Guide,Books,North,Lucknow,11810.74,7,0.07,Net Banking,Corporate,935.06
ORD100889,2024-05-09 16:10:27.965593,Table,Furniture,South,Delhi,37913.82,2,0.1,Net Banking,Corporate,5023.16
ORD100890,2024-05-09 19:40:44.888977,Air Fryer,Home & Kitchen,South,Pune,29388.3,7,0.09,Net Banking,Consumer,5554.68
ORD100891,2024-05-09 23:11:01.812362,Table,Furniture,East,Hyderabad,39180.24,6,0.29,Net Banking,Consumer,5497.36
ORD100892,2024-05-10 02:41:18.735747,Novel,Books,North,Hyderabad,37358.3,4,0.19,Net Banking,Consumer,7418.54
ORD100893,2024-05-10 06:11:35.659131,Desk,Furniture,West,Lucknow,2719.95,5,0.28,Net Banking,Corporate,120.88
ORD100894,2024-05-10 09:41:52.582516,Mixer,Home & Kitchen,South,Lucknow,44647.07,8,0.17,Net Banking,Home Office,8384.64
ORD100895,2024-05-10 13:12:09.505901,Headphones,Electronics,East,Lucknow,11506.19,5,0.36,Cash on Delivery,Consumer,1726.34
ORD100896,2024-05-10 16:42:26.429285,Programming Book,Books,North,Jaipur,27758.94,3,0.39,Net Banking,Consumer,1105.3
ORD100897,2024-05-10 20:12:43.352670,Smartphone,Electronics,North,Chennai,32285.55,2,0.27,Net Banking,Home Office,4352.4
ORD100898,2024-05-10 23:43:00.276055,Smartphone,Electronics,South,Ahmedabad,8597.68,6,0.35,Debit Card,Corporate,621.71
ORD100899,2024-05-11 03:13:17.199439,Smartwatch,Electronics,East,Bengaluru,48816.32,6,0.2,Cash on Delivery,Corporate,9779.15
ORD100900,2024-05-11 06:43:34.122824,Dress,Clothing,West,Ahmedabad,24510.17,7,0.37,Debit Card,Home Office,963.6
ORD100901,2024-05-11 10:13:51.046209,Jeans,Clothing,South,Jaipur,3070.61,8,0.33,Credit Card,Consumer,178.04
ORD100902,2024-05-11 13:44:07.969593,Laptop,Electronics,East,Kolkata,46875.65,4,0.4,Net Banking,Home Office,2140.72
ORD100903,2024-05-11 17:14:24.892978,Programming Book,Books,North,Hyderabad,29396.14,8,0.25,UPI,Corporate,1461.82
ORD100904,2024-05-11 20:44:41.816363,Dinner Set,Home & Kitchen,West,Chennai,35019.82,1,0.31,Net Banking,Corporate,4833.18
ORD100905,2024-05-12 00:14:58.739747,Dinner Set,Home & Kitchen,East,Lucknow,26353.75,6,0.22,Net Banking,Consumer,5491.24
ORD100906,2024-05-12 03:45:15.663132,Sofa,Furniture,West,Pune,41769.95,6,0.1,Debit Card,Consumer,6681.9
ORD100907,2024-05-12 07:15:32.586517,Data Science Book,Books,East,Pune,1850.05,3,0.14,Credit Card,Home Office,163.31
ORD100908,2024-05-12 10:45:49.509901,T-Shirt,Clothing,East,Pune,13565.24,9,0.36,Debit Card,Corporate,1180.28
ORD100909,2024-05-12 14:16:06.433286,Tablet,Electronics,East,Bengaluru,23588.49,5,0.02,Cash on Delivery,Corporate,3238.46
ORD100910,2024-05-12 17:46:23.356671,Office Chair,Furniture,East,Lucknow,4014.86,1,0.24,Credit Card,Home Office,497.08
ORD100911,2024-05-12 21:16:40.280056,Dinner Set,Home & Kitchen,West,Chennai,35354.15,7,0.15,Credit Card,Consumer,4661.95
ORD100912,2024-05-13 00:46:57.203440,Jeans,Clothing,South,Hyderabad,19804.44,3,0.15,Credit Card,Corporate,3666.19
ORD100913,2024-05-13 04:17:14.126825,T-Shirt,Clothing,West,Ahmedabad,13778.87,4,0.35,Debit Card,Corporate,1208.9
ORD100914,2024-05-13 07:47:31.050210,Smartphone,Electronics,East,Lucknow,368.27,6,0.34,Net Banking,Consumer,52.44
ORD100915,2024-05-13 11:17:47.973594,Mixer,Home & Kitchen,West,Lucknow,36047.55,8,0.24,Net Banking,Corporate,5114.68
ORD100916,2024-05-13 14:48:04.896979,Data Science Book,Books,West,Jaipur,41723.7,4,0.11,Net Banking,Consumer,2307.04
ORD100917,2024-05-13 18:18:21.820364,Shoes,Clothing,West,Kolkata,19873.02,9,0.19,Net Banking,Home Office,4505.88
ORD100918,2024-05-13 21:48:38.743748,Smartphone,Electronics,East,Pune,28298.06,8,0.16,Net Banking,Consumer,2246.05
ORD100919,2024-05-14 01:18:55.667133,Exam Guide,Books,West,Delhi,11538.79,6,0.14,Cash on Delivery,Consumer,1616.34
ORD100920,2024-05-14 04:49:12.590518,Air Fryer,Home & Kitchen,North,Chennai,31185.44,7,0.04,UPI,Home Office,8589.2
ORD100921,2024-05-14 08:19:29.513902,T-Shirt,Clothing,East,Jaipur,804.45,8,0.22,Credit Card,Corporate,70.17
ORD100922,2024-05-14 11:49:46.437287,Novel,Books,West,Kolkata,24534.47,2,0.12,UPI,Corporate,1199.15
ORD100923,2024-05-14 15:20:03.360672,Programming Book,Books,North,Kolkata,32281.43,5,0.26,Cash on Delivery,Consumer,4121.02
ORD100924,2024-05-14 18:50:20.284056,Programming Book,Books,West,Mumbai,45925.95,7,0.13,Net Banking,Consumer,4234.6
ORD100925,2024-05-14 22:20:37.207441,T-Shirt,Clothing,South,Pune,19190.52,8,0.17,Cash on Delivery,Home Office,3114.06
ORD100926,2024-05-15 01:50:54.130826,Shoes,Clothing,West,Mumbai,38306.47,5,0.02,Cash on Delivery,Home Office,9545.65
ORD100927,2024-05-15 05:21:11.054210,Sofa,Furniture,West,Jaipur,29964.81,3,0.4,UPI,Corporate,3196.74
ORD100928,2024-05-15 08:51:27.977595,Dinner Set,Home & Kitchen,South,Kolkata,46365.2,6,0.2,Credit Card,Corporate,7835.99
ORD100929,2024-05-15 12:21:44.900980,Smartphone,Electronics,East,Delhi,20039.21,5,0.01,Debit Card,Home Office,4295.86
ORD100930,2024-05-15 15:52:01.824364,Data Science Book,Books,South,Chennai,16090.95,8,0.22,Debit Card,Consumer,3202.17
ORD100931,2024-05-15 19:22:18.747749,Bookshelf,Furniture,East,Mumbai,44379.67,9,0.35,Credit Card,Home Office,6403.46
ORD100932,2024-05-15 22:52:35.671134,Headphones,Electronics,South,Kolkata,2652.37,9,0.31,Net Banking,Corporate,538.14
ORD100933,2024-05-16 02:22:52.594518,Office Chair,Furniture,West,Chennai,6991.99,6,0.28,Cash on Delivery,Consumer,825.88
ORD100934,2024-05-16 05:53:09.517903,Shoes,Clothing,West,Pune,4303.74,4,0.06,Net Banking,Home Office,253.11
ORD100935,2024-05-16 09:23:26.441288,Novel,Books,East,Ahmedabad,42186.88,4,0.26,Cash on Delivery,Corporate,4636.13
ORD100936,2024-05-16 12:53:43.364672,Laptop,Electronics,East,Chennai,728.25,9,0.31,Debit Card,Consumer,130.63
ORD100937,2024-05-16 16:24:00.288057,Smartwatch,Electronics,North,Kolkata,43110.53,4,0.23,Credit Card,Consumer,2764.05
ORD100938,2024-05-16 19:54:17.211442,Smartwatch,Electronics,North,Jaipur,22673.14,8,0.36,UPI,Consumer,3395.31
ORD100939,2024-05-16 23:24:34.134826,Smartphone,Electronics,West,Mumbai,400.46,9,0.11,UPI,Consumer,65.55
ORD100940,2024-05-17 02:54:51.058211,Smartphone,Electronics,West,Mumbai,20201.93,5,0.1,Credit Card,Consumer,5003.01
ORD100941,2024-05-17 06:25:07.981596,Desk,Furniture,North,Hyderabad,9502.68,6,0.35,Debit Card,Home Office,1437.93
ORD100942,2024-05-17 09:55:24.904980,Programming Book,Books,North,Kolkata,31295.14,3,0.25,Cash on Delivery,Consumer,5049.42
ORD100943,2024-05-17 13:25:41.828365,Dress,Clothing,East,Hyderabad,34032.07,5,0.0,UPI,Home Office,9247.18
ORD100944,2024-05-17 16:55:58.751750,Jeans,Clothing,South,Delhi,24478.87,5,0.14,Debit Card,Consumer,5832.51
ORD100945,2024-05-17 20:26:15.675135,Dress,Clothing,East,Delhi,2217.87,2,0.34,Credit Card,Corporate,214.05
ORD100946,2024-05-17 23:56:32.598519,T-Shirt,Clothing,North,Kolkata,32875.21,6,0.01,Net Banking,Consumer,9176.86
ORD100947,2024-05-18 03:26:49.521904,Table,Furniture,West,Mumbai,42133.53,9,0.0,Debit Card,Home Office,2682.83
ORD100948,2024-05-18 06:57:06.445289,Air Fryer,Home & Kitchen,North,Pune,36072.15,7,0.11,Debit Card,Corporate,7725.61
ORD100949,2024-05-18 10:27:23.368673,Exam Guide,Books,West,Bengaluru,41531.9,8,0.37,Net Banking,Corporate,3509.6
ORD100950,2024-05-18 13:57:40.292058,Smartphone,Electronics,West,Delhi,10185.37,2,0.36,Debit Card,Home Office,1120.22
ORD100951,2024-05-18 17:27:57.215443,Mixer,Home & Kitchen,West,Mumbai,44466.62,9,0.21,UPI,Corporate,9096.12
ORD100952,2024-05-18 20:58:14.138827,Jeans,Clothing,West,Lucknow,16245.23,3,0.22,UPI,Home Office,2651.59
ORD100953,2024-05-19 00:28:31.062212,Air Fryer,Home & Kitchen,South,Lucknow,867.56,5,0.13,UPI,Consumer,124.06
ORD100954,2024-05-19 03:58:47.985597,Novel,Books,North,Hyderabad,42200.9,7,0.1,Debit Card,Consumer,3455.62
ORD100955,2024-05-19 07:29:04.908981,Smartphone,Electronics,East,Chennai,47102.7,4,0.33,Debit Card,Home Office,8988.46
ORD100956,2024-05-19 10:59:21.832366,Smartphone,Electronics,West,Pune,32846.8,7,0.04,Debit Card,Consumer,4197.64
ORD100957,2024-05-19 14:29:38.755751,Business Book,Books,West,Hyderabad,11725.54,8,0.19,Credit Card,Corporate,715.08
ORD100958,2024-05-19 17:59:55.679135,Data Science Book,Books,East,Lucknow,12736.87,4,0.25,Net Banking,Consumer,1824.91
ORD100959,2024-05-19 21:30:12.602520,Jeans,Clothing,East,Pune,23436.33,5,0.04,Debit Card,Consumer,3410.15
ORD100960,2024-05-20 01:00:29.525905,Smartphone,Electronics,West,Bengaluru,44911.99,3,0.21,Net Banking,Corporate,7011.93
ORD100961,2024-05-20 04:30:46.449289,Cookware Set,Home & Kitchen,East,Chennai,7649.96,5,0.23,Cash on Delivery,Corporate,638.42
ORD100962,2024-05-20 08:01:03.372674,Office Chair,Furniture,East,Hyderabad,41333.49,8,0.3,UPI,Consumer,4186.15
ORD100963,2024-05-20 11:31:20.296059,Sofa,Furniture,South,Lucknow,14706.88,3,0.09,Credit Card,Consumer,3923.0
ORD100964,2024-05-20 15:01:37.219443,Programming Book,Books,East,Delhi,40467.59,5,0.12,Net Banking,Consumer,10118.43
ORD100965,2024-05-20 18:31:54.142828,Shoes,Clothing,North,Delhi,46029.51,1,0.23,UPI,Home Office,9431.15
ORD100966,2024-05-20 22:02:11.066213,Desk,Furniture,North,Hyderabad,21489.19,2,0.39,Credit Card,Home Office,3208.68
ORD100967,2024-05-21 01:32:27.989597,Headphones,Electronics,North,Bengaluru,18379.52,3,0.09,UPI,Consumer,1490.9
ORD100968,2024-05-21 05:02:44.912982,Exam Guide,Books,West,Bengaluru,40150.62,1,0.39,Debit Card,Consumer,4083.6
ORD100969,2024-05-21 08:33:01.836367,Dinner Set,Home & Kitchen,North,Kolkata,26568.25,9,0.29,Debit Card,Corporate,4375.86
ORD100970,2024-05-21 12:03:18.759751,Novel,Books,South,Chennai,34285.56,9,0.33,UPI,Consumer,2651.85
ORD100971,2024-05-21 15:33:35.683136,Mixer,Home & Kitchen,North,Mumbai,31216.9,5,0.04,Credit Card,Consumer,1746.21
ORD100972,2024-05-21 19:03:52.606521,Data Science Book,Books,West,Bengaluru,7813.86,4,0.12,UPI,Home Office,1062.54
ORD100973,2024-05-21 22:34:09.529905,Business Book,Books,South,Chennai,42270.56,5,0.02,Cash on Delivery,Home Office,6474.14
ORD100974,2024-05-22 02:04:26.453290,Novel,Books,North,Bengaluru,9949.6,4,0.15,Credit Card,Home Office,560.5
ORD100975,2024-05-22 05:34:43.376675,Air Fryer,Home & Kitchen,South,Kolkata,46627.65,5,0.39,Credit Card,Corporate,3701.95
ORD100976,2024-05-22 09:05:00.300060,Air Fryer,Home & Kitchen,South,Ahmedabad,12678.45,7,0.04,UPI,Consumer,3399.75
ORD100977,2024-05-22 12:35:17.223444,Business Book,Books,West,Bengaluru,36747.27,8,0.22,Net Banking,Home Office,3226.7
ORD100978,2024-05-22 16:05:34.146829,Bookshelf,Furniture,West,Chennai,14375.84,2,0.0,UPI,Corporate,2764.33
ORD100979,2024-05-22 19:35:51.070214,T-Shirt,Clothing,South,Kolkata,16025.71,4,0.29,Net Banking,Consumer,1956.72
ORD100980,2024-05-22 23:06:07.993598,T-Shirt,Clothing,North,Kolkata,15638.09,8,0.08,Credit Card,Consumer,3820.21
ORD100981,2024-05-23 02:36:24.916983,T-Shirt,Clothing,West,Chennai,37445.03,7,0.05,Debit Card,Corporate,7590.79
ORD100982,2024-05-23 06:06:41.840368,Air Fryer,Home & Kitchen,South,Chennai,27929.39,9,0.13,Debit Card,Consumer,2177.33
ORD100983,2024-05-23 09:36:58.763752,Mixer,Home & Kitchen,East,Delhi,44171.03,5,0.31,UPI,Corporate,2612.49
ORD100984,2024-05-23 13:07:15.687137,Sofa,Furniture,East,Ahmedabad,15507.16,6,0.04,Net Banking,Corporate,2819.15
ORD100985,2024-05-23 16:37:32.610522,Jacket,Clothing,West,Kolkata,34661.23,8,0.09,UPI,Home Office,1943.49
ORD100986,2024-05-23 20:07:49.533906,Dress,Clothing,North,Delhi,37696.84,5,0.0,Cash on Delivery,Corporate,5593.56
ORD100987,2024-05-23 23:38:06.457291,Data Science Book,Books,East,Pune,7743.81,9,0.39,UPI,Home Office,707.39
ORD100988,2024-05-24 03:08:23.380676,Coffee Maker,Home & Kitchen,East,Hyderabad,20149.35,4,0.24,UPI,Consumer,1517.31
ORD100989,2024-05-24 06:38:40.304060,Dress,Clothing,East,Hyderabad,24244.31,8,0.29,UPI,Home Office,2156.04
ORD100990,2024-05-24 10:08:57.227445,Bookshelf,Furniture,North,Kolkata,17913.23,3,0.26,UPI,Corporate,1756.22
ORD100991,2024-05-24 13:39:14.150830,Office Chair,Furniture,North,Delhi,16241.21,5,0.06,Net Banking,Home Office,808.22
ORD100992,2024-05-24 17:09:31.074214,Jeans,Clothing,West,Ahmedabad,34383.71,8,0.24,Net Banking,Consumer,6571.39
ORD100993,2024-05-24 20:39:47.997599,Cookware Set,Home & Kitchen,West,Ahmedabad,10950.15,7,0.05,Net Banking,Home Office,3010.12
ORD100994,2024-05-25 00:10:04.920984,Office Chair,Furniture,East,Pune,35527.66,1,0.16,Cash on Delivery,Consumer,3650.32
ORD100995,2024-05-25 03:40:21.844368,Novel,Books,North,Kolkata,46765.2,4,0.23,Cash on Delivery,Corporate,2808.59
ORD100996,2024-05-25 07:10:38.767753,Desk,Furniture,South,Bengaluru,28346.84,2,0.22,UPI,Home Office,6376.41
ORD100997,2024-05-25 10:40:55.691138,Laptop,Electronics,East,Pune,30649.42,2,0.05,Net Banking,Consumer,6846.49
ORD100998,2024-05-25 14:11:12.614522,Laptop,Electronics,West,Delhi,3632.85,7,0.01,Cash on Delivery,Consumer,981.08
ORD100999,2024-05-25 17:41:29.537907,Air Fryer,Home & Kitchen,North,Bengaluru,43250.95,3,0.32,Debit Card,Home Office,4123.93
ORD101000,2024-05-25 21:11:46.461292,Jacket,Clothing,West,Hyderabad,14415.3,3,0.29,UPI,Home Office,1750.32
ORD101001,2024-05-26 00:42:03.384676,Mixer,Home & Kitchen,West,Jaipur,30829.55,6,0.03,Credit Card,Home Office,8449.86
ORD101002,2024-05-26 04:12:20.308061,Coffee Maker,Home & Kitchen,North,Hyderabad,48959.79,6,0.05,Net Banking,Home Office,7669.24
ORD101003,2024-05-26 07:42:37.231446,Cookware Set,Home & Kitchen,East,Kolkata,29856.03,1,0.36,UPI,Home Office,4165.97
ORD101004,2024-05-26 11:12:54.154830,Air Fryer,Home & Kitchen,North,Chennai,36290.53,1,0.31,UPI,Consumer,5664.15
ORD101005,2024-05-26 14:43:11.078215,Novel,Books,East,Hyderabad,22376.92,6,0.4,Credit Card,Corporate,3481.11
ORD101006,2024-05-26 18:13:28.001600,Exam Guide,Books,West,Lucknow,3206.22,7,0.1,Debit Card,Consumer,847.77
ORD101007,2024-05-26 21:43:44.924984,Office Chair,Furniture,North,Hyderabad,39920.45,9,0.2,Cash on Delivery,Home Office,4270.68
ORD101008,2024-05-27 01:14:01.848369,Smartwatch,Electronics,South,Hyderabad,1942.94,4,0.09,Cash on Delivery,Home Office,197.78
ORD101009,2024-05-27 04:44:18.771754,Dinner Set,Home & Kitchen,East,Hyderabad,35092.76,6,0.25,Credit Card,Corporate,1827.28
ORD101010,2024-05-27 08:14:35.695139,Table,Furniture,South,Hyderabad,1341.49,3,0.05,Credit Card,Home Office,336.62
ORD101011,2024-05-27 11:44:52.618523,Tablet,Electronics,East,Bengaluru,43142.8,4,0.05,Cash on Delivery,Corporate,5048.2
ORD101012,2024-05-27 15:15:09.541908,T-Shirt,Clothing,North,Bengaluru,8050.27,9,0.03,Debit Card,Home Office,487.29
ORD101013,2024-05-27 18:45:26.465293,Data Science Book,Books,South,Hyderabad,25810.72,1,0.28,Debit Card,Consumer,4949.17
ORD101014,2024-05-27 22:15:43.388677,Laptop,Electronics,North,Mumbai,29938.11,5,0.2,UPI,Corporate,4250.67
ORD101015,2024-05-28 01:46:00.312062,Jacket,Clothing,East,Mumbai,22985.76,7,0.25,Credit Card,Consumer,4474.95
ORD101016,2024-05-28 05:16:17.235447,Tablet,Electronics,East,Bengaluru,17170.02,3,0.35,Credit Card,Home Office,2105.1
ORD101017,2024-05-28 08:46:34.158831,Exam Guide,Books,East,Jaipur,23497.15,2,0.3,Credit Card,Consumer,2112.46
ORD101018,2024-05-28 12:16:51.082216,Business Book,Books,East,Chennai,15708.5,2,0.18,Cash on Delivery,Consumer,1061.98
ORD101019,2024-05-28 15:47:08.005601,Bookshelf,Furniture,West,Pune,22018.49,1,0.39,Cash on Delivery,Consumer,2139.47
ORD101020,2024-05-28 19:17:24.928985,Dinner Set,Home & Kitchen,East,Lucknow,18073.87,5,0.18,Cash on Delivery,Corporate,839.4
ORD101021,2024-05-28 22:47:41.852370,Smartphone,Electronics,South,Lucknow,28397.0,3,0.04,Debit Card,Corporate,5468.99
ORD101022,2024-05-29 02:17:58.775755,Smartwatch,Electronics,East,Hyderabad,12048.62,7,0.4,Cash on Delivery,Corporate,1134.37
ORD101023,2024-05-29 05:48:15.699139,T-Shirt,Clothing,North,Jaipur,49435.1,1,0.01,UPI,Consumer,4178.61
ORD101024,2024-05-29 09:18:32.622524,Business Book,Books,West,Mumbai,25143.32,9,0.22,Cash on Delivery,Consumer,3580.3
ORD101025,2024-05-29 12:48:49.545909,Smartphone,Electronics,South,Mumbai,9869.27,2,0.12,Debit Card,Home Office,2173.22
ORD101026,2024-05-29 16:19:06.469293,Data Science Book,Books,West,Jaipur,23957.92,8,0.2,Credit Card,Corporate,5629.15
ORD101027,2024-05-29 19:49:23.392678,Laptop,Electronics,West,Chennai,43347.47,4,0.22,UPI,Home Office,6148.18
ORD101028,2024-05-29 23:19:40.316063,Office Chair,Furniture,West,Bengaluru,1285.98,6,0.1,Debit Card,Consumer,95.35
ORD101029,2024-05-30 02:49:57.239447,Air Fryer,Home & Kitchen,North,Chennai,34041.8,9,0.22,Net Banking,Corporate,6709.22
ORD101030,2024-05-30 06:20:14.162832,Smartwatch,Electronics,West,Kolkata,27488.8,7,0.3,Credit Card,Home Office,4309.23
ORD101031,2024-05-30 09:50:31.086217,Exam Guide,Books,West,Kolkata,8643.99,8,0.11,Cash on Delivery,Consumer,2219.42
ORD101032,2024-05-30 13:20:48.009601,Sofa,Furniture,East,Mumbai,40910.33,7,0.15,Debit Card,Consumer,6391.53
ORD101033,2024-05-30 16:51:04.932986,Smartphone,Electronics,North,Pune,18570.45,2,0.11,Net Banking,Consumer,2301.91
ORD101034,2024-05-30 20:21:21.856371,Dress,Clothing,South,Kolkata,14831.34,9,0.33,Debit Card,Corporate,2888.78
ORD101035,2024-05-30 23:51:38.779755,Coffee Maker,Home & Kitchen,South,Mumbai,41440.63,1,0.29,Cash on Delivery,Corporate,5431.79
ORD101036,2024-05-31 03:21:55.703140,Headphones,Electronics,South,Hyderabad,31998.55,2,0.35,Debit Card,Home Office,1122.66
ORD101037,2024-05-31 06:52:12.626525,Desk,Furniture,North,Ahmedabad,44933.3,3,0.07,Net Banking,Consumer,7037.81
ORD101038,2024-05-31 10:22:29.549909,Jeans,Clothing,South,Ahmedabad,31568.21,3,0.03,Debit Card,Corporate,1549.26
ORD101039,2024-05-31 13:52:46.473294,Desk,Furniture,North,Delhi,37092.72,4,0.05,UPI,Corporate,8260.76
ORD101040,2024-05-31 17:23:03.396679,Table,Furniture,East,Hyderabad,41855.01,5,0.06,UPI,Consumer,7533.78
ORD101041,2024-05-31 20:53:20.320064,T-Shirt,Clothing,East,Ahmedabad,2926.03,6,0.21,Cash on Delivery,Consumer,179.03
ORD101042,2024-06-01 00:23:37.243448,Table,Furniture,North,Chennai,38847.24,1,0.39,Net Banking,Home Office,6001.29
ORD101043,2024-06-01 03:53:54.166833,Shoes,Clothing,South,Delhi,30762.58,8,0.14,Net Banking,Home Office,4870.76
ORD101044,2024-06-01 07:24:11.090218,Laptop,Electronics,North,Mumbai,3661.49,6,0.38,Net Banking,Home Office,178.24
ORD101045,2024-06-01 10:54:28.013602,Shoes,Clothing,North,Jaipur,25527.18,9,0.02,Net Banking,Corporate,2251.57
ORD101046,2024-06-01 14:24:44.936987,T-Shirt,Clothing,West,Jaipur,4306.41,5,0.37,Net Banking,Corporate,693.25
ORD101047,2024-06-01 17:55:01.860372,Dinner Set,Home & Kitchen,North,Mumbai,36850.17,7,0.07,Credit Card,Corporate,4759.23
ORD101048,2024-06-01 21:25:18.783756,Jeans,Clothing,West,Pune,27415.79,4,0.36,Debit Card,Corporate,4479.06
ORD101049,2024-06-02 00:55:35.707141,Jacket,Clothing,East,Mumbai,47687.96,6,0.02,Net Banking,Corporate,3148.76
ORD101050,2024-06-02 04:25:52.630526,Smartphone,Electronics,West,Bengaluru,9320.14,6,0.38,UPI,Consumer,641.21
ORD101051,2024-06-02 07:56:09.553910,Dinner Set,Home & Kitchen,North,Jaipur,30380.47,4,0.08,Debit Card,Home Office,6740.03
ORD101052,2024-06-02 11:26:26.477295,Programming Book,Books,East,Ahmedabad,10736.79,6,0.12,Cash on Delivery,Home Office,1988.18
ORD101053,2024-06-02 14:56:43.400680,Smartphone,Electronics,West,Lucknow,30780.44,8,0.2,Cash on Delivery,Home Office,3120.06
ORD101054,2024-06-02 18:27:00.324064,Tablet,Electronics,North,Delhi,36187.96,5,0.15,Net Banking,Home Office,8735.98
ORD101055,2024-06-02 21:57:17.247449,Business Book,Books,East,Pune,36170.76,2,0.27,Credit Card,Consumer,2713.52
ORD101056,2024-06-03 01:27:34.170834,Jacket,Clothing,West,Kolkata,40790.68,9,0.39,Credit Card,Corporate,6530.24
ORD101057,2024-06-03 04:57:51.094218,Desk,Furniture,North,Hyderabad,42706.8,4,0.24,Debit Card,Corporate,7268.33
ORD101058,2024-06-03 08:28:08.017603,Mixer,Home & Kitchen,North,Pune,4048.13,4,0.29,Credit Card,Corporate,230.74
ORD101059,2024-06-03 11:58:24.940988,Sofa,Furniture,South,Kolkata,17294.7,7,0.04,Cash on Delivery,Home Office,3134.28
ORD101060,2024-06-03 15:28:41.864372,Exam Guide,Books,South,Pune,34418.7,6,0.25,Net Banking,Home Office,7291.87
ORD101061,2024-06-03 18:58:58.787757,Headphones,Electronics,West,Lucknow,25029.6,4,0.18,UPI,Consumer,4201.81
ORD101062,2024-06-03 22:29:15.711142,Laptop,Electronics,West,Pune,9695.66,6,0.35,Cash on Delivery,Consumer,1148.27
ORD101063,2024-06-04 01:59:32.634526,Dinner Set,Home & Kitchen,West,Ahmedabad,27724.94,3,0.16,Cash on Delivery,Corporate,3297.27
ORD101064,2024-06-04 05:29:49.557911,Tablet,Electronics,North,Mumbai,20490.3,7,0.27,Debit Card,Corporate,3697.55
ORD101065,2024-06-04 09:00:06.481296,Smartphone,Electronics,West,Bengaluru,19623.91,6,0.09,Credit Card,Corporate,4969.19
ORD101066,2024-06-04 12:30:23.404680,Cookware Set,Home & Kitchen,North,Delhi,40525.74,3,0.1,UPI,Corporate,8692.62
ORD101067,2024-06-04 16:00:40.328065,Mixer,Home & Kitchen,West,Jaipur,20498.4,1,0.15,UPI,Corporate,4030.3
ORD101068,2024-06-04 19:30:57.251450,Exam Guide,Books,North,Kolkata,1517.43,5,0.12,Credit Card,Corporate,131.03
ORD101069,2024-06-04 23:01:14.174834,Smartphone,Electronics,North,Delhi,3091.55,2,0.1,Net Banking,Home Office,719.24
ORD101070,2024-06-05 02:31:31.098219,Headphones,Electronics,South,Pune,42840.95,7,0.02,Credit Card,Consumer,2526.35
ORD101071,2024-06-05 06:01:48.021604,Data Science Book,Books,East,Mumbai,48037.92,7,0.33,Net Banking,Consumer,7703.27
ORD101072,2024-06-05 09:32:04.944988,Dress,Clothing,North,Delhi,34482.78,4,0.03,UPI,Home Office,3435.73
ORD101073,2024-06-05 13:02:21.868373,Jeans,Clothing,West,Mumbai,18345.54,6,0.35,Debit Card,Corporate,2048.83
ORD101074,2024-06-05 16:32:38.791758,T-Shirt,Clothing,South,Kolkata,46942.3,1,0.05,Cash on Delivery,Corporate,9980.78
ORD101075,2024-06-05 20:02:55.715143,Programming Book,Books,West,Ahmedabad,33207.59,2,0.03,UPI,Corporate,7723.31
ORD101076,2024-06-05 23:33:12.638527,Laptop,Electronics,West,Ahmedabad,42247.81,6,0.23,UPI,Consumer,8849.06
ORD101077,2024-06-06 03:03:29.561912,Data Science Book,Books,North,Mumbai,38339.44,2,0.2,UPI,Consumer,3700.46
ORD101078,2024-06-06 06:33:46.485297,Novel,Books,North,Mumbai,19081.14,4,0.2,Cash on Delivery,Corporate,1619.3
ORD101079,2024-06-06 10:04:03.408681,Jeans,Clothing,East,Bengaluru,24039.37,4,0.23,Net Banking,Corporate,5535.72
ORD101080,2024-06-06 13:34:20.332066,Bookshelf,Furniture,North,Hyderabad,9469.38,9,0.11,Debit Card,Home Office,858.7
ORD101081,2024-06-06 17:04:37.255451,Laptop,Electronics,North,Bengaluru,14742.3,7,0.27,Debit Card,Corporate,2328.55
ORD101082,2024-06-06 20:34:54.178835,T-Shirt,Clothing,East,Delhi,38950.66,7,0.2,Debit Card,Home Office,8980.03
ORD101083,2024-06-07 00:05:11.102220,Table,Furniture,West,Chennai,44720.12,1,0.13,Net Banking,Corporate,10665.79
ORD101084,2024-06-07 03:35:28.025605,Sofa,Furniture,East,Bengaluru,36278.13,5,0.33,Credit Card,Corporate,3908.85
ORD101085,2024-06-07 07:05:44.948989,Cookware Set,Home & Kitchen,East,Delhi,23365.65,3,0.29,Credit Card,Corporate,3473.79
ORD101086,2024-06-07 10:36:01.872374,Smartphone,Electronics,East,Jaipur,4508.16,3,0.16,Debit Card,Home Office,690.25
ORD101087,2024-06-07 14:06:18.795759,Desk,Furniture,South,Delhi,3036.01,6,0.34,UPI,Home Office,273.84
ORD101088,2024-06-07 17:36:35.719143,Shoes,Clothing,West,Delhi,18841.41,4,0.37,UPI,Home Office,1022.08
ORD101089,2024-06-07 21:06:52.642528,Dinner Set,Home & Kitchen,South,Mumbai,23298.32,8,0.21,Cash on Delivery,Consumer,4617.04
ORD101090,2024-06-08 00:37:09.565913,Smartwatch,Electronics,South,Lucknow,30534.21,4,0.09,Credit Card,Consumer,2017.56
ORD101091,2024-06-08 04:07:26.489297,Programming Book,Books,North,Pune,523.18,8,0.37,UPI,Corporate,66.71
ORD101092,2024-06-08 07:37:43.412682,T-Shirt,Clothing,East,Mumbai,49488.2,4,0.08,Debit Card,Home Office,9041.74
ORD101093,2024-06-08 11:08:00.336067,Desk,Furniture,East,Mumbai,18324.16,3,0.02,Cash on Delivery,Home Office,2401.05
ORD101094,2024-06-08 14:38:17.259451,Bookshelf,Furniture,South,Lucknow,42435.11,5,0.13,Credit Card,Corporate,3095.7
ORD101095,2024-06-08 18:08:34.182836,Jeans,Clothing,North,Lucknow,26841.34,5,0.29,Cash on Delivery,Corporate,4762.61
ORD101096,2024-06-08 21:38:51.106221,Bookshelf,Furniture,North,Pune,6695.88,1,0.37,UPI,Corporate,698.07
ORD101097,2024-06-09 01:09:08.029605,Coffee Maker,Home & Kitchen,North,Chennai,39918.76,8,0.25,Debit Card,Corporate,6925.45
ORD101098,2024-06-09 04:39:24.952990,Laptop,Electronics,West,Jaipur,35549.39,8,0.38,Debit Card,Home Office,1192.87
ORD101099,2024-06-09 08:09:41.876375,Air Fryer,Home & Kitchen,South,Bengaluru,26466.32,8,0.04,Debit Card,Consumer,1743.62
ORD101100,2024-06-09 11:39:58.799759,Sofa,Furniture,West,Delhi,25824.74,4,0.02,UPI,Home Office,2378.01
ORD101101,2024-06-09 15:10:15.723144,Programming Book,Books,North,Bengaluru,4556.48,9,0.24,Net Banking,Consumer,271.7
ORD101102,2024-06-09 18:40:32.646529,Headphones,Electronics,North,Ahmedabad,32861.28,3,0.39,Debit Card,Corporate,1962.98
ORD101103,2024-06-09 22:10:49.569913,Smartphone,Electronics,North,Kolkata,45580.01,7,0.2,Net Banking,Consumer,8081.23
ORD101104,2024-06-10 01:41:06.493298,Jeans,Clothing,East,Chennai,4843.6,6,0.02,Debit Card,Home Office,293.11
ORD101105,2024-06-10 05:11:23.416683,Jeans,Clothing,South,Kolkata,13322.87,9,0.09,Net Banking,Home Office,720.96
ORD101106,2024-06-10 08:41:40.340068,Business Book,Books,East,Delhi,45134.94,4,0.1,Credit Card,Home Office,2352.51
ORD101107,2024-06-10 12:11:57.263452,Smartphone,Electronics,West,Lucknow,14360.33,4,0.14,Credit Card,Home Office,2771.47
ORD101108,2024-06-10 15:42:14.186837,Exam Guide,Books,East,Delhi,32766.39,6,0.02,Debit Card,Home Office,5909.52
ORD101109,2024-06-10 19:12:31.110222,T-Shirt,Clothing,South,Jaipur,26833.94,8,0.36,Cash on Delivery,Home Office,2448.3
ORD101110,2024-06-10 22:42:48.033606,Shoes,Clothing,East,Bengaluru,29897.11,3,0.21,Cash on Delivery,Corporate,5170.18
ORD101111,2024-06-11 02:13:04.956991,Smartphone,Electronics,North,Pune,20906.29,8,0.27,UPI,Consumer,2875.3
ORD101112,2024-06-11 05:43:21.880376,Mixer,Home & Kitchen,West,Hyderabad,15139.58,8,0.03,Credit Card,Corporate,761.2
ORD101113,2024-06-11 09:13:38.803760,Bookshelf,Furniture,West,Hyderabad,2616.97,7,0.02,Credit Card,Consumer,665.87
ORD101114,2024-06-11 12:43:55.727145,Jeans,Clothing,North,Pune,37265.19,7,0.23,Cash on Delivery,Consumer,3946.77
ORD101115,2024-06-11 16:14:12.650530,T-Shirt,Clothing,North,Lucknow,37355.45,5,0.35,Debit Card,Consumer,3639.49
ORD101116,2024-06-11 19:44:29.573914,Dinner Set,Home & Kitchen,North,Hyderabad,33602.14,2,0.21,UPI,Home Office,6518.89
ORD101117,2024-06-11 23:14:46.497299,Air Fryer,Home & Kitchen,South,Lucknow,32252.96,2,0.35,Credit Card,Home Office,2028.78
ORD101118,2024-06-12 02:45:03.420684,Exam Guide,Books,East,Mumbai,12337.11,8,0.32,UPI,Home Office,440.59
ORD101119,2024-06-12 06:15:20.344068,Programming Book,Books,West,Jaipur,1312.78,6,0.03,Credit Card,Consumer,353.0
ORD101120,2024-06-12 09:45:37.267453,Table,Furniture,East,Chennai,40474.03,8,0.08,Net Banking,Consumer,6567.32
ORD101121,2024-06-12 13:15:54.190838,Office Chair,Furniture,North,Bengaluru,24658.7,3,0.26,Net Banking,Consumer,2506.87
ORD101122,2024-06-12 16:46:11.114222,Laptop,Electronics,North,Bengaluru,15480.54,1,0.18,UPI,Corporate,3233.95
ORD101123,2024-06-12 20:16:28.037607,Exam Guide,Books,East,Chennai,5276.21,6,0.12,Cash on Delivery,Home Office,262.68
ORD101124,2024-06-12 23:46:44.960992,T-Shirt,Clothing,West,Delhi,3323.54,2,0.17,Cash on Delivery,Home Office,277.43
ORD101125,2024-06-13 03:17:01.884376,Novel,Books,South,Delhi,17573.56,9,0.18,Credit Card,Home Office,1279.95
ORD101126,2024-06-13 06:47:18.807761,T-Shirt,Clothing,East,Kolkata,40275.91,5,0.36,Net Banking,Corporate,6043.52
ORD101127,2024-06-13 10:17:35.731146,Coffee Maker,Home & Kitchen,North,Delhi,45952.44,5,0.04,Net Banking,Corporate,5647.59
ORD101128,2024-06-13 13:47:52.654530,Programming Book,Books,North,Lucknow,44858.22,8,0.11,UPI,Corporate,9710.54
ORD101129,2024-06-13 17:18:09.577915,Coffee Maker,Home & Kitchen,South,Pune,46016.04,6,0.22,UPI,Consumer,2166.8
ORD101130,2024-06-13 20:48:26.501300,Office Chair,Furniture,East,Mumbai,45404.72,3,0.28,Cash on Delivery,Corporate,6604.61
ORD101131,2024-06-14 00:18:43.424684,Office Chair,Furniture,South,Chennai,26455.79,9,0.25,Cash on Delivery,Consumer,2570.61
ORD101132,2024-06-14 03:49:00.348069,Tablet,Electronics,South,Lucknow,11126.9,4,0.38,Cash on Delivery,Consumer,667.31
ORD101133,2024-06-14 07:19:17.271454,Novel,Books,West,Lucknow,39942.72,4,0.32,Debit Card,Home Office,6904.1
ORD101134,2024-06-14 10:49:34.194838,Cookware Set,Home & Kitchen,West,Kolkata,10842.91,2,0.22,Net Banking,Home Office,1294.52
ORD101135,2024-06-14 14:19:51.118223,Jacket,Clothing,North,Lucknow,13506.92,3,0.09,Net Banking,Corporate,2371.08
ORD101136,2024-06-14 17:50:08.041608,Table,Furniture,East,Jaipur,11816.07,4,0.18,UPI,Consumer,564.6
ORD101137,2024-06-14 21:20:24.964992,Table,Furniture,West,Delhi,25846.12,7,0.28,Net Banking,Consumer,4613.34
ORD101138,2024-06-15 00:50:41.888377,Jeans,Clothing,North,Bengaluru,16227.01,3,0.34,UPI,Consumer,1303.61
ORD101139,2024-06-15 04:20:58.811762,Dinner Set,Home & Kitchen,East,Jaipur,7876.97,8,0.38,Debit Card,Home Office,1090.79
ORD101140,2024-06-15 07:51:15.735147,Cookware Set,Home & Kitchen,North,Mumbai,22768.04,8,0.24,Cash on Delivery,Home Office,4154.94
ORD101141,2024-06-15 11:21:32.658531,Exam Guide,Books,West,Mumbai,43720.58,2,0.21,Debit Card,Home Office,2738.24
ORD101142,2024-06-15 14:51:49.581916,Programming Book,Books,North,Mumbai,28613.53,4,0.01,Cash on Delivery,Home Office,3511.89
ORD101143,2024-06-15 18:22:06.505301,Smartphone,Electronics,East,Delhi,43941.11,8,0.03,Cash on Delivery,Home Office,9839.92
ORD101144,2024-06-15 21:52:23.428685,Desk,Furniture,East,Lucknow,9954.43,1,0.06,UPI,Home Office,1010.99
ORD101145,2024-06-16 01:22:40.352070,Business Book,Books,North,Mumbai,8515.3,1,0.02,Cash on Delivery,Corporate,2186.75
ORD101146,2024-06-16 04:52:57.275455,Dinner Set,Home & Kitchen,East,Chennai,28863.74,4,0.16,Debit Card,Corporate,3103.27
ORD101147,2024-06-16 08:23:14.198839,Dress,Clothing,North,Bengaluru,23273.78,2,0.13,Credit Card,Corporate,3049.02
ORD101148,2024-06-16 11:53:31.122224,Cookware Set,Home & Kitchen,East,Lucknow,33076.6,1,0.25,UPI,Corporate,1858.97
ORD101149,2024-06-16 15:23:48.045609,Office Chair,Furniture,North,Kolkata,39772.41,8,0.21,Cash on Delivery,Consumer,2731.01
ORD101150,2024-06-16 18:54:04.968993,Mixer,Home & Kitchen,North,Delhi,37615.1,2,0.24,Cash on Delivery,Home Office,3397.78
ORD101151,2024-06-16 22:24:21.892378,Laptop,Electronics,North,Pune,47124.61,4,0.19,Net Banking,Home Office,2375.27
ORD101152,2024-06-17 01:54:38.815763,Table,Furniture,South,Jaipur,20033.17,3,0.11,UPI,Corporate,1751.89
ORD101153,2024-06-17 05:24:55.739147,Shoes,Clothing,East,Ahmedabad,10478.06,2,0.38,UPI,Consumer,988.98
ORD101154,2024-06-17 08:55:12.662532,Smartphone,Electronics,West,Jaipur,27635.45,8,0.03,Debit Card,Corporate,3886.67
ORD101155,2024-06-17 12:25:29.585917,Bookshelf,Furniture,North,Mumbai,5715.01,3,0.38,Credit Card,Home Office,353.17
ORD101156,2024-06-17 15:55:46.509301,Shoes,Clothing,South,Bengaluru,14584.79,9,0.12,Debit Card,Corporate,899.87
ORD101157,2024-06-17 19:26:03.432686,Headphones,Electronics,West,Kolkata,10552.83,5,0.21,Debit Card,Consumer,1079.92
ORD101158,2024-06-17 22:56:20.356071,Smartwatch,Electronics,North,Lucknow,19948.87,9,0.04,Debit Card,Home Office,4526.06
ORD101159,2024-06-18 02:26:37.279455,Office Chair,Furniture,West,Chennai,5738.59,3,0.03,Credit Card,Consumer,988.18
ORD101160,2024-06-18 05:56:54.202840,Exam Guide,Books,South,Hyderabad,1785.72,5,0.17,Debit Card,Corporate,424.93
ORD101161,2024-06-18 09:27:11.126225,Headphones,Electronics,West,Jaipur,32908.34,6,0.3,UPI,Home Office,1957.39
ORD101162,2024-06-18 12:57:28.049609,Smartwatch,Electronics,North,Hyderabad,30590.4,9,0.11,Credit Card,Consumer,2772.35
ORD101163,2024-06-18 16:27:44.972994,Dress,Clothing,West,Lucknow,35476.28,8,0.22,Cash on Delivery,Consumer,3322.65
ORD101164,2024-06-18 19:58:01.896379,Air Fryer,Home & Kitchen,West,Bengaluru,33087.24,2,0.11,Net Banking,Consumer,1568.1
ORD101165,2024-06-18 23:28:18.819763,Desk,Furniture,North,Hyderabad,5891.88,2,0.16,Net Banking,Home Office,1414.7
ORD101166,2024-06-19 02:58:35.743148,Sofa,Furniture,South,Jaipur,14695.73,5,0.36,UPI,Home Office,1517.45
ORD101167,2024-06-19 06:28:52.666533,Novel,Books,South,Pune,6650.43,5,0.34,Net Banking,Corporate,747.99
ORD101168,2024-06-19 09:59:09.589917,Programming Book,Books,West,Ahmedabad,42180.03,5,0.21,Net Banking,Corporate,2981.15
ORD101169,2024-06-19 13:29:26.513302,Desk,Furniture,East,Hyderabad,37395.8,4,0.1,Net Banking,Home Office,9025.74
ORD101170,2024-06-19 16:59:43.436687,Novel,Books,West,Pune,10236.04,8,0.08,Cash on Delivery,Consumer,2101.51
ORD101171,2024-06-19 20:30:00.360072,Shoes,Clothing,East,Pune,17197.2,5,0.38,Net Banking,Home Office,1682.93
ORD101172,2024-06-20 00:00:17.283456,Office Chair,Furniture,West,Mumbai,48337.43,1,0.08,Debit Card,Home Office,11984.47
ORD101173,2024-06-20 03:30:34.206841,Novel,Books,South,Ahmedabad,29789.14,5,0.32,UPI,Home Office,5598.21
ORD101174,2024-06-20 07:00:51.130226,Table,Furniture,West,Chennai,40097.55,1,0.15,UPI,Home Office,2125.76
ORD101175,2024-06-20 10:31:08.053610,Air Fryer,Home & Kitchen,West,Jaipur,13376.63,4,0.39,UPI,Corporate,651.4
ORD101176,2024-06-20 14:01:24.976995,Smartphone,Electronics,East,Kolkata,10660.64,1,0.15,Cash on Delivery,Corporate,515.67
ORD101177,2024-06-20 17:31:41.900380,Office Chair,Furniture,South,Lucknow,39239.06,6,0.14,Cash on Delivery,Consumer,6594.99
ORD101178,2024-06-20 21:01:58.823764,Smartphone,Electronics,East,Kolkata,34356.45,6,0.25,Net Banking,Home Office,2692.33
ORD101179,2024-06-21 00:32:15.747149,Data Science Book,Books,West,Hyderabad,34112.7,1,0.38,Debit Card,Home Office,5525.02
ORD101180,2024-06-21 04:02:32.670534,Laptop,Electronics,North,Ahmedabad,27721.2,8,0.39,Net Banking,Corporate,2815.14
ORD101181,2024-06-21 07:32:49.593918,Sofa,Furniture,West,Hyderabad,28266.2,4,0.28,UPI,Corporate,5279.78
ORD101182,2024-06-21 11:03:06.517303,Mixer,Home & Kitchen,West,Ahmedabad,36837.74,2,0.3,Debit Card,Home Office,4871.09
ORD101183,2024-06-21 14:33:23.440688,Business Book,Books,East,Jaipur,13646.12,1,0.23,UPI,Corporate,2616.81
ORD101184,2024-06-21 18:03:40.364072,Office Chair,Furniture,North,Lucknow,17767.87,3,0.3,Debit Card,Home Office,1778.11
ORD101185,2024-06-21 21:33:57.287457,Data Science Book,Books,North,Lucknow,43607.51,7,0.34,Credit Card,Consumer,8241.38
ORD101186,2024-06-22 01:04:14.210842,Jacket,Clothing,East,Jaipur,15581.49,8,0.19,Cash on Delivery,Consumer,2736.1
ORD101187,2024-06-22 04:34:31.134226,Laptop,Electronics,South,Chennai,27406.22,5,0.25,Cash on Delivery,Consumer,4087.76
ORD101188,2024-06-22 08:04:48.057611,Jeans,Clothing,North,Pune,35191.45,7,0.21,UPI,Home Office,3839.05
ORD101189,2024-06-22 11:35:04.980996,Bookshelf,Furniture,North,Ahmedabad,49996.26,2,0.22,UPI,Corporate,11086.71
ORD101190,2024-06-22 15:05:21.904380,Coffee Maker,Home & Kitchen,East,Delhi,21877.51,4,0.36,Credit Card,Consumer,1882.29
ORD101191,2024-06-22 18:35:38.827765,Business Book,Books,South,Delhi,21519.03,6,0.14,Net Banking,Home Office,4792.5
ORD101192,2024-06-22 22:05:55.751150,Tablet,Electronics,South,Pune,42160.9,5,0.08,Debit Card,Consumer,5859.98
ORD101193,2024-06-23 01:36:12.674534,Business Book,Books,West,Hyderabad,40314.05,6,0.18,Credit Card,Consumer,7993.18
ORD101194,2024-06-23 05:06:29.597919,Table,Furniture,West,Ahmedabad,36607.58,2,0.08,Credit Card,Corporate,9361.73
ORD101195,2024-06-23 08:36:46.521304,Programming Book,Books,East,Bengaluru,23268.84,7,0.2,UPI,Home Office,3097.58
ORD101196,2024-06-23 12:07:03.444688,Laptop,Electronics,South,Lucknow,16332.17,8,0.36,UPI,Corporate,1897.5
ORD101197,2024-06-23 15:37:20.368073,Office Chair,Furniture,East,Kolkata,30514.78,9,0.25,Net Banking,Corporate,3034.37
ORD101198,2024-06-23 19:07:37.291458,Novel,Books,West,Bengaluru,43835.92,6,0.34,Net Banking,Corporate,1842.2
ORD101199,2024-06-23 22:37:54.214842,Cookware Set,Home & Kitchen,East,Kolkata,44212.12,7,0.07,UPI,Consumer,8762.93
ORD101200,2024-06-24 02:08:11.138227,Table,Furniture,East,Lucknow,5603.22,1,0.36,Cash on Delivery,Consumer,286.56
ORD101201,2024-06-24 05:38:28.061612,Sofa,Furniture,North,Delhi,21531.84,9,0.24,Net Banking,Consumer,2266.68
ORD101202,2024-06-24 09:08:44.984997,Coffee Maker,Home & Kitchen,North,Jaipur,23343.15,6,0.01,Credit Card,Home Office,3174.66
ORD101203,2024-06-24 12:39:01.908381,T-Shirt,Clothing,North,Chennai,48885.25,4,0.25,UPI,Corporate,3217.3
ORD101204,2024-06-24 16:09:18.831766,Headphones,Electronics,West,Mumbai,33964.3,9,0.38,Debit Card,Consumer,4562.77
ORD101205,2024-06-24 19:39:35.755151,Jeans,Clothing,East,Hyderabad,20480.87,1,0.03,Debit Card,Corporate,1860.49
ORD101206,2024-06-24 23:09:52.678535,Novel,Books,North,Pune,1497.68,2,0.23,Cash on Delivery,Corporate,282.06
ORD101207,2024-06-25 02:40:09.601920,Mixer,Home & Kitchen,North,Delhi,28356.18,3,0.37,UPI,Corporate,2006.52
ORD101208,2024-06-25 06:10:26.525305,Jeans,Clothing,North,Jaipur,4984.58,1,0.0,Credit Card,Corporate,607.23
ORD101209,2024-06-25 09:40:43.448689,Office Chair,Furniture,West,Jaipur,41755.61,2,0.25,Cash on Delivery,Corporate,4256.95
ORD101210,2024-06-25 13:11:00.372074,Exam Guide,Books,West,Kolkata,37675.43,2,0.19,Credit Card,Consumer,2691.25
ORD101211,2024-06-25 16:41:17.295459,Business Book,Books,East,Jaipur,23133.36,7,0.14,Debit Card,Home Office,3154.62
ORD101212,2024-06-25 20:11:34.218843,Jacket,Clothing,East,Ahmedabad,21574.7,6,0.25,Credit Card,Home Office,1133.99
ORD101213,2024-06-25 23:41:51.142228,Shoes,Clothing,East,Hyderabad,44887.48,9,0.02,Debit Card,Home Office,6896.67
ORD101214,2024-06-26 03:12:08.065613,Coffee Maker,Home & Kitchen,North,Mumbai,14565.23,5,0.3,Net Banking,Home Office,1376.19
ORD101215,2024-06-26 06:42:24.988997,Tablet,Electronics,South,Delhi,12601.19,9,0.0,Debit Card,Corporate,1695.7
ORD101216,2024-06-26 10:12:41.912382,Jeans,Clothing,West,Ahmedabad,46972.03,9,0.12,Debit Card,Consumer,8894.08
ORD101217,2024-06-26 13:42:58.835767,Jacket,Clothing,North,Delhi,40500.44,2,0.2,Cash on Delivery,Consumer,7849.17
ORD101218,2024-06-26 17:13:15.759151,Desk,Furniture,North,Chennai,41067.15,9,0.15,Cash on Delivery,Corporate,4852.07
ORD101219,2024-06-26 20:43:32.682536,Business Book,Books,East,Mumbai,9920.65,3,0.12,UPI,Corporate,1008.37
ORD101220,2024-06-27 00:13:49.605921,Laptop,Electronics,East,Jaipur,7336.14,3,0.33,UPI,Consumer,853.22
ORD101221,2024-06-27 03:44:06.529305,Sofa,Furniture,North,Chennai,1496.27,9,0.37,Debit Card,Consumer,232.77
ORD101222,2024-06-27 07:14:23.452690,Cookware Set,Home & Kitchen,West,Kolkata,12004.67,7,0.35,Net Banking,Home Office,1647.56
ORD101223,2024-06-27 10:44:40.376075,Coffee Maker,Home & Kitchen,West,Chennai,38754.69,8,0.21,UPI,Home Office,1821.67
ORD101224,2024-06-27 14:14:57.299459,T-Shirt,Clothing,North,Bengaluru,12153.91,7,0.35,Debit Card,Home Office,1342.87
ORD101225,2024-06-27 17:45:14.222844,Dress,Clothing,South,Kolkata,36509.34,9,0.37,Cash on Delivery,Consumer,6848.31
ORD101226,2024-06-27 21:15:31.146229,Cookware Set,Home & Kitchen,South,Mumbai,12745.03,8,0.16,UPI,Home Office,1480.42
ORD101227,2024-06-28 00:45:48.069613,Shoes,Clothing,West,Hyderabad,19885.57,4,0.11,UPI,Consumer,2834.88
ORD101228,2024-06-28 04:16:04.992998,Smartphone,Electronics,East,Bengaluru,49161.48,2,0.04,Debit Card,Consumer,5750.79
ORD101229,2024-06-28 07:46:21.916383,Dress,Clothing,South,Delhi,12391.62,5,0.19,Debit Card,Corporate,1750.73
ORD101230,2024-06-28 11:16:38.839767,Business Book,Books,South,Pune,18943.26,2,0.38,Credit Card,Consumer,1059.74
ORD101231,2024-06-28 14:46:55.763152,Shoes,Clothing,East,Pune,15194.14,4,0.22,Credit Card,Corporate,1324.44
ORD101232,2024-06-28 18:17:12.686537,Desk,Furniture,South,Bengaluru,5659.32,2,0.27,Net Banking,Corporate,941.66
ORD101233,2024-06-28 21:47:29.609921,Smartphone,Electronics,North,Hyderabad,24596.73,5,0.05,UPI,Consumer,1976.18
ORD101234,2024-06-29 01:17:46.533306,Office Chair,Furniture,South,Ahmedabad,19058.8,6,0.06,Credit Card,Consumer,5043.79
ORD101235,2024-06-29 04:48:03.456691,Table,Furniture,East,Pune,34805.38,1,0.19,Debit Card,Home Office,3580.15
ORD101236,2024-06-29 08:18:20.380076,Programming Book,Books,North,Bengaluru,40916.21,8,0.38,UPI,Consumer,4915.22
ORD101237,2024-06-29 11:48:37.303460,Smartwatch,Electronics,South,Mumbai,27303.64,2,0.14,Credit Card,Home Office,3063.29
ORD101238,2024-06-29 15:18:54.226845,Smartphone,Electronics,West,Lucknow,1803.38,5,0.35,Net Banking,Home Office,198.7
ORD101239,2024-06-29 18:49:11.150230,Smartwatch,Electronics,North,Hyderabad,31022.33,8,0.05,Net Banking,Consumer,8132.59
ORD101240,2024-06-29 22:19:28.073614,Smartwatch,Electronics,North,Hyderabad,2958.46,5,0.25,Net Banking,Home Office,148.98
ORD101241,2024-06-30 01:49:44.996999,Headphones,Electronics,West,Ahmedabad,30894.54,3,0.24,Net Banking,Corporate,6200.69
ORD101242,2024-06-30 05:20:01.920384,Data Science Book,Books,West,Kolkata,34314.49,6,0.34,Debit Card,Corporate,4289.3
ORD101243,2024-06-30 08:50:18.843768,Shoes,Clothing,South,Jaipur,10048.83,1,0.0,Net Banking,Consumer,2173.24
ORD101244,2024-06-30 12:20:35.767153,Desk,Furniture,South,Pune,41003.44,1,0.08,Cash on Delivery,Consumer,2413.22
ORD101245,2024-06-30 15:50:52.690538,Smartwatch,Electronics,East,Jaipur,45572.04,8,0.09,Net Banking,Consumer,9967.44
ORD101246,2024-06-30 19:21:09.613922,Jacket,Clothing,East,Jaipur,40691.73,7,0.38,Credit Card,Corporate,2067.37
ORD101247,2024-06-30 22:51:26.537307,Jeans,Clothing,North,Mumbai,15394.44,3,0.06,UPI,Home Office,4213.97
ORD101248,2024-07-01 02:21:43.460692,Sofa,Furniture,West,Delhi,29414.82,8,0.01,Credit Card,Corporate,7274.98
ORD101249,2024-07-01 05:52:00.384076,Exam Guide,Books,West,Jaipur,45757.79,8,0.21,UPI,Home Office,6261.56
ORD101250,2024-07-01 09:22:17.307461,Dinner Set,Home & Kitchen,East,Hyderabad,16169.1,1,0.21,Debit Card,Home Office,3589.91
ORD101251,2024-07-01 12:52:34.230846,Coffee Maker,Home & Kitchen,North,Ahmedabad,41037.39,7,0.34,UPI,Consumer,2499.06
ORD101252,2024-07-01 16:22:51.154230,Jeans,Clothing,North,Ahmedabad,671.86,2,0.38,Cash on Delivery,Consumer,124.1
ORD101253,2024-07-01 19:53:08.077615,Sofa,Furniture,East,Lucknow,381.61,2,0.22,Net Banking,Consumer,68.22
ORD101254,2024-07-01 23:23:25.001000,Coffee Maker,Home & Kitchen,East,Delhi,38033.64,2,0.37,Credit Card,Corporate,1787.37
ORD101255,2024-07-02 02:53:41.924384,Jacket,Clothing,East,Kolkata,38120.09,5,0.29,UPI,Corporate,4984.01
ORD101256,2024-07-02 06:23:58.847769,Exam Guide,Books,South,Hyderabad,39491.06,7,0.11,Credit Card,Corporate,8003.65
ORD101257,2024-07-02 09:54:15.771154,Air Fryer,Home & Kitchen,North,Hyderabad,46515.34,4,0.37,Net Banking,Consumer,5956.34
ORD101258,2024-07-02 13:24:32.694538,Jacket,Clothing,North,Lucknow,6071.73,4,0.27,Debit Card,Consumer,691.39
ORD101259,2024-07-02 16:54:49.617923,Shoes,Clothing,North,Chennai,11752.85,9,0.17,Net Banking,Home Office,1092.89
ORD101260,2024-07-02 20:25:06.541308,Headphones,Electronics,East,Lucknow,45205.5,9,0.27,Debit Card,Home Office,3615.39
ORD101261,2024-07-02 23:55:23.464692,Exam Guide,Books,East,Jaipur,9026.36,7,0.16,Credit Card,Consumer,2136.17
ORD101262,2024-07-03 03:25:40.388077,Headphones,Electronics,East,Bengaluru,34175.02,4,0.05,Debit Card,Corporate,3528.6
ORD101263,2024-07-03 06:55:57.311462,Table,Furniture,East,Ahmedabad,26617.06,8,0.29,Debit Card,Consumer,5491.82
ORD101264,2024-07-03 10:26:14.234846,Headphones,Electronics,West,Lucknow,4343.05,3,0.33,Debit Card,Corporate,298.42
ORD101265,2024-07-03 13:56:31.158231,Tablet,Electronics,East,Jaipur,14406.13,3,0.29,Debit Card,Consumer,1494.07
ORD101266,2024-07-03 17:26:48.081616,Air Fryer,Home & Kitchen,South,Pune,26114.54,7,0.09,Debit Card,Consumer,1261.43
ORD101267,2024-07-03 20:57:05.005001,Jacket,Clothing,West,Delhi,42647.04,9,0.38,UPI,Home Office,7292.1
ORD101268,2024-07-04 00:27:21.928385,Novel,Books,West,Hyderabad,35435.42,4,0.01,Debit Card,Corporate,2669.25
ORD101269,2024-07-04 03:57:38.851770,Tablet,Electronics,East,Chennai,31169.78,4,0.13,Debit Card,Corporate,3778.37
ORD101270,2024-07-04 07:27:55.775155,Exam Guide,Books,North,Delhi,24902.44,1,0.1,Net Banking,Consumer,5841.28
ORD101271,2024-07-04 10:58:12.698539,Tablet,Electronics,East,Jaipur,15074.46,1,0.02,Net Banking,Home Office,3663.32
ORD101272,2024-07-04 14:28:29.621924,Office Chair,Furniture,North,Kolkata,6138.4,3,0.16,Net Banking,Consumer,1342.56
ORD101273,2024-07-04 17:58:46.545309,Headphones,Electronics,East,Pune,20571.99,7,0.25,Debit Card,Consumer,4297.39
ORD101274,2024-07-04 21:29:03.468693,Dinner Set,Home & Kitchen,East,Jaipur,1620.22,9,0.35,Net Banking,Corporate,292.53
ORD101275,2024-07-05 00:59:20.392078,T-Shirt,Clothing,North,Bengaluru,10710.58,4,0.4,UPI,Consumer,1559.19
ORD101276,2024-07-05 04:29:37.315463,Desk,Furniture,North,Mumbai,21737.67,2,0.32,Credit Card,Home Office,2891.37
ORD101277,2024-07-05 07:59:54.238847,Tablet,Electronics,North,Jaipur,21046.54,6,0.19,Net Banking,Consumer,3245.67
ORD101278,2024-07-05 11:30:11.162232,Exam Guide,Books,North,Lucknow,2405.91,6,0.29,Net Banking,Home Office,90.93
ORD101279,2024-07-05 15:00:28.085617,Office Chair,Furniture,South,Jaipur,29535.2,9,0.34,UPI,Corporate,4495.97
ORD101280,2024-07-05 18:30:45.009001,Bookshelf,Furniture,North,Lucknow,27574.28,4,0.19,Cash on Delivery,Corporate,2382.47
ORD101281,2024-07-05 22:01:01.932386,Smartphone,Electronics,East,Kolkata,4089.59,8,0.31,Cash on Delivery,Consumer,725.7
ORD101282,2024-07-06 01:31:18.855771,Table,Furniture,East,Hyderabad,47169.52,3,0.19,UPI,Home Office,7200.21
ORD101283,2024-07-06 05:01:35.779155,Data Science Book,Books,South,Ahmedabad,5149.26,2,0.15,Net Banking,Corporate,1299.11
ORD101284,2024-07-06 08:31:52.702540,Desk,Furniture,North,Mumbai,42770.74,9,0.21,Credit Card,Home Office,3465.67
ORD101285,2024-07-06 12:02:09.625925,Business Book,Books,East,Kolkata,215.42,6,0.27,Net Banking,Corporate,36.31
ORD101286,2024-07-06 15:32:26.549309,Smartwatch,Electronics,South,Lucknow,44137.6,8,0.29,UPI,Corporate,5856.5
ORD101287,2024-07-06 19:02:43.472694,Jeans,Clothing,East,Ahmedabad,1182.04,9,0.14,UPI,Home Office,287.64
ORD101288,2024-07-06 22:33:00.396079,Office Chair,Furniture,South,Bengaluru,37939.04,1,0.23,Debit Card,Home Office,3403.28
ORD101289,2024-07-07 02:03:17.319463,Jeans,Clothing,South,Delhi,18212.2,1,0.36,UPI,Home Office,755.99
ORD101290,2024-07-07 05:33:34.242848,Novel,Books,West,Mumbai,36963.2,5,0.39,Debit Card,Corporate,4193.09
ORD101291,2024-07-07 09:03:51.166233,Office Chair,Furniture,West,Chennai,20206.91,9,0.09,UPI,Home Office,3317.31
ORD101292,2024-07-07 12:34:08.089617,Mixer,Home & Kitchen,North,Kolkata,3731.21,7,0.08,Debit Card,Consumer,439.14
ORD101293,2024-07-07 16:04:25.013002,Jacket,Clothing,West,Delhi,38421.83,7,0.27,Debit Card,Home Office,8319.98
ORD101294,2024-07-07 19:34:41.936387,Bookshelf,Furniture,South,Delhi,3748.38,2,0.17,Net Banking,Corporate,209.78
ORD101295,2024-07-07 23:04:58.859771,T-Shirt,Clothing,East,Jaipur,46121.6,3,0.01,Debit Card,Home Office,8784.15
ORD101296,2024-07-08 02:35:15.783156,Sofa,Furniture,East,Jaipur,2738.51,4,0.14,Cash on Delivery,Home Office,270.97
ORD101297,2024-07-08 06:05:32.706541,Smartwatch,Electronics,North,Chennai,24070.4,2,0.32,UPI,Home Office,826.22
ORD101298,2024-07-08 09:35:49.629925,Jeans,Clothing,West,Chennai,36207.11,9,0.32,Credit Card,Consumer,7311.46
ORD101299,2024-07-08 13:06:06.553310,Dinner Set,Home & Kitchen,North,Lucknow,19783.67,5,0.2,UPI,Corporate,2696.96
ORD101300,2024-07-08 16:36:23.476695,Cookware Set,Home & Kitchen,South,Chennai,11018.23,7,0.19,Net Banking,Consumer,2358.79
ORD101301,2024-07-08 20:06:40.400080,Novel,Books,West,Delhi,38002.73,9,0.23,Net Banking,Consumer,7608.64
ORD101302,2024-07-08 23:36:57.323464,Table,Furniture,North,Lucknow,39257.88,5,0.09,Debit Card,Corporate,9040.83
ORD101303,2024-07-09 03:07:14.246849,T-Shirt,Clothing,East,Ahmedabad,46150.21,6,0.21,Net Banking,Corporate,6006.72
ORD101304,2024-07-09 06:37:31.170234,Business Book,Books,East,Hyderabad,18933.02,4,0.0,Net Banking,Home Office,5187.3
ORD101305,2024-07-09 10:07:48.093618,Jeans,Clothing,North,Hyderabad,25411.34,8,0.19,UPI,Corporate,2919.07
ORD101306,2024-07-09 13:38:05.017003,Table,Furniture,North,Hyderabad,18283.8,1,0.13,Cash on Delivery,Home Office,2419.39
ORD101307,2024-07-09 17:08:21.940388,Air Fryer,Home & Kitchen,North,Mumbai,13002.67,1,0.27,Cash on Delivery,Consumer,1081.38
ORD101308,2024-07-09 20:38:38.863772,Smartphone,Electronics,South,Mumbai,37601.44,5,0.26,Debit Card,Home Office,4508.25
ORD101309,2024-07-10 00:08:55.787157,Coffee Maker,Home & Kitchen,South,Chennai,17114.66,9,0.15,Net Banking,Corporate,4315.14
ORD101310,2024-07-10 03:39:12.710542,Programming Book,Books,East,Hyderabad,21521.84,2,0.0,Net Banking,Home Office,4160.39
ORD101311,2024-07-10 07:09:29.633926,Smartphone,Electronics,South,Bengaluru,20302.95,3,0.1,Cash on Delivery,Consumer,4710.22
ORD101312,2024-07-10 10:39:46.557311,Novel,Books,South,Jaipur,35690.53,8,0.25,Debit Card,Corporate,3100.68
ORD101313,2024-07-10 14:10:03.480696,Table,Furniture,West,Bengaluru,45906.22,5,0.03,Net Banking,Corporate,12868.01
ORD101314,2024-07-10 17:40:20.404080,Headphones,Electronics,South,Hyderabad,33404.45,3,0.04,Debit Card,Home Office,1709.02
ORD101315,2024-07-10 21:10:37.327465,Data Science Book,Books,West,Hyderabad,23684.81,6,0.26,UPI,Home Office,4952.38
ORD101316,2024-07-11 00:40:54.250850,Office Chair,Furniture,South,Jaipur,39004.41,6,0.3,Net Banking,Home Office,7494.72
ORD101317,2024-07-11 04:11:11.174234,Coffee Maker,Home & Kitchen,East,Hyderabad,32120.37,5,0.13,Net Banking,Consumer,1867.8
ORD101318,2024-07-11 07:41:28.097619,Office Chair,Furniture,North,Kolkata,3218.4,5,0.2,Net Banking,Consumer,518.06
ORD101319,2024-07-11 11:11:45.021004,Jeans,Clothing,East,Delhi,4964.05,6,0.38,Cash on Delivery,Corporate,758.07
ORD101320,2024-07-11 14:42:01.944388,Desk,Furniture,South,Lucknow,2088.26,2,0.38,Cash on Delivery,Corporate,195.44
ORD101321,2024-07-11 18:12:18.867773,Bookshelf,Furniture,North,Jaipur,22949.45,6,0.12,Net Banking,Consumer,1473.55
ORD101322,2024-07-11 21:42:35.791158,Shoes,Clothing,North,Hyderabad,41327.5,2,0.32,Net Banking,Home Office,7232.23
ORD101323,2024-07-12 01:12:52.714542,Exam Guide,Books,North,Mumbai,15791.54,3,0.24,UPI,Home Office,1999.76
ORD101324,2024-07-12 04:43:09.637927,Business Book,Books,West,Mumbai,19331.18,2,0.39,UPI,Consumer,1365.66
ORD101325,2024-07-12 08:13:26.561312,Desk,Furniture,East,Delhi,45491.96,1,0.19,Debit Card,Home Office,2495.15
ORD101326,2024-07-12 11:43:43.484696,Dress,Clothing,West,Mumbai,41877.79,1,0.31,Debit Card,Consumer,6069.33
ORD101327,2024-07-12 15:14:00.408081,Shoes,Clothing,North,Lucknow,33319.4,9,0.31,Cash on Delivery,Home Office,1392.65
ORD101328,2024-07-12 18:44:17.331466,Coffee Maker,Home & Kitchen,East,Pune,13486.83,4,0.2,Credit Card,Home Office,2673.34
ORD101329,2024-07-12 22:14:34.254850,Exam Guide,Books,East,Pune,6028.67,5,0.32,UPI,Corporate,994.9
ORD101330,2024-07-13 01:44:51.178235,Smartphone,Electronics,South,Pune,999.73,7,0.1,Debit Card,Home Office,117.63
ORD101331,2024-07-13 05:15:08.101620,Business Book,Books,West,Delhi,5529.13,2,0.05,UPI,Home Office,882.83
ORD101332,2024-07-13 08:45:25.025005,Exam Guide,Books,West,Delhi,14771.3,9,0.17,UPI,Consumer,2664.2
ORD101333,2024-07-13 12:15:41.948389,Cookware Set,Home & Kitchen,South,Lucknow,27679.15,4,0.38,Credit Card,Consumer,4972.95
ORD101334,2024-07-13 15:45:58.871774,Tablet,Electronics,West,Jaipur,3387.2,1,0.2,UPI,Consumer,487.86
ORD101335,2024-07-13 19:16:15.795159,Dinner Set,Home & Kitchen,North,Chennai,6984.14,8,0.25,Credit Card,Consumer,1567.08
ORD101336,2024-07-13 22:46:32.718543,Smartwatch,Electronics,North,Pune,9217.82,4,0.25,Credit Card,Home Office,907.56
ORD101337,2024-07-14 02:16:49.641928,Desk,Furniture,West,Mumbai,31672.71,7,0.05,UPI,Consumer,5464.87
ORD101338,2024-07-14 05:47:06.565313,Smartwatch,Electronics,South,Bengaluru,30866.33,3,0.16,UPI,Corporate,2045.8
ORD101339,2024-07-14 09:17:23.488697,Mixer,Home & Kitchen,East,Chennai,27628.13,9,0.28,Debit Card,Consumer,3761.82
ORD101340,2024-07-14 12:47:40.412082,Programming Book,Books,West,Lucknow,12674.97,5,0.39,UPI,Home Office,1423.24
ORD101341,2024-07-14 16:17:57.335467,Smartphone,Electronics,East,Jaipur,18681.76,5,0.07,UPI,Corporate,4555.53
ORD101342,2024-07-14 19:48:14.258851,Tablet,Electronics,South,Mumbai,5015.15,3,0.16,UPI,Home Office,1260.19
ORD101343,2024-07-14 23:18:31.182236,Shoes,Clothing,East,Hyderabad,11477.74,9,0.04,Debit Card,Corporate,3267.51
ORD101344,2024-07-15 02:48:48.105621,Business Book,Books,South,Jaipur,44905.72,3,0.1,Credit Card,Corporate,4408.29
ORD101345,2024-07-15 06:19:05.029005,Desk,Furniture,South,Pune,48988.65,2,0.15,Debit Card,Corporate,5605.27
ORD101346,2024-07-15 09:49:21.952390,Cookware Set,Home & Kitchen,North,Pune,32453.45,9,0.22,UPI,Home Office,3003.83
ORD101347,2024-07-15 13:19:38.875775,Office Chair,Furniture,North,Hyderabad,45857.8,9,0.09,Net Banking,Corporate,4169.72
ORD101348,2024-07-15 16:49:55.799159,Data Science Book,Books,South,Lucknow,32208.55,4,0.09,UPI,Home Office,2565.6
ORD101349,2024-07-15 20:20:12.722544,Smartphone,Electronics,West,Ahmedabad,1853.19,4,0.31,Debit Card,Corporate,227.53
ORD101350,2024-07-15 23:50:29.645929,Headphones,Electronics,North,Jaipur,49838.78,6,0.39,Debit Card,Consumer,8151.43
ORD101351,2024-07-16 03:20:46.569313,Novel,Books,South,Hyderabad,5127.82,9,0.13,Cash on Delivery,Consumer,880.94
ORD101352,2024-07-16 06:51:03.492698,Tablet,Electronics,East,Lucknow,34195.56,8,0.28,Net Banking,Corporate,6602.46
ORD101353,2024-07-16 10:21:20.416083,Tablet,Electronics,East,Lucknow,12791.24,3,0.1,Debit Card,Corporate,3337.06
ORD101354,2024-07-16 13:51:37.339467,Laptop,Electronics,West,Delhi,19720.66,6,0.37,Credit Card,Consumer,1811.24
ORD101355,2024-07-16 17:21:54.262852,Mixer,Home & Kitchen,East,Jaipur,32367.52,7,0.27,UPI,Consumer,6117.76
ORD101356,2024-07-16 20:52:11.186237,Air Fryer,Home & Kitchen,East,Mumbai,21937.07,6,0.32,Credit Card,Home Office,941.03
ORD101357,2024-07-17 00:22:28.109621,Jeans,Clothing,South,Ahmedabad,12677.19,3,0.02,Debit Card,Consumer,2115.35
ORD101358,2024-07-17 03:52:45.033006,Sofa,Furniture,East,Kolkata,16855.42,9,0.24,Debit Card,Home Office,1819.99
ORD101359,2024-07-17 07:23:01.956391,Programming Book,Books,East,Bengaluru,17209.1,4,0.21,Credit Card,Corporate,1376.01
ORD101360,2024-07-17 10:53:18.879775,Business Book,Books,East,Jaipur,47974.33,2,0.12,Credit Card,Home Office,6737.82
ORD101361,2024-07-17 14:23:35.803160,Business Book,Books,East,Chennai,39970.93,9,0.1,Cash on Delivery,Corporate,5789.11
ORD101362,2024-07-17 17:53:52.726545,Jeans,Clothing,South,Lucknow,23035.73,3,0.23,UPI,Home Office,4472.25
ORD101363,2024-07-17 21:24:09.649929,Air Fryer,Home & Kitchen,East,Delhi,10151.08,6,0.28,Credit Card,Home Office,1953.12
ORD101364,2024-07-18 00:54:26.573314,Jeans,Clothing,West,Hyderabad,40588.6,5,0.01,UPI,Home Office,8608.65
ORD101365,2024-07-18 04:24:43.496699,Programming Book,Books,North,Pune,8027.69,2,0.23,Net Banking,Corporate,1287.86
ORD101366,2024-07-18 07:55:00.420084,Sofa,Furniture,West,Hyderabad,10681.02,1,0.07,Debit Card,Corporate,770.29
ORD101367,2024-07-18 11:25:17.343468,Smartphone,Electronics,North,Hyderabad,18427.47,9,0.06,Credit Card,Home Office,3357.24
ORD101368,2024-07-18 14:55:34.266853,Cookware Set,Home & Kitchen,West,Ahmedabad,44041.34,3,0.25,Net Banking,Corporate,3917.85
ORD101369,2024-07-18 18:25:51.190238,Cookware Set,Home & Kitchen,North,Jaipur,6762.98,7,0.12,Debit Card,Home Office,736.14
ORD101370,2024-07-18 21:56:08.113622,T-Shirt,Clothing,North,Hyderabad,6287.26,9,0.18,Cash on Delivery,Corporate,379.93
ORD101371,2024-07-19 01:26:25.037007,Air Fryer,Home & Kitchen,North,Ahmedabad,24799.95,9,0.14,Debit Card,Home Office,4456.84
ORD101372,2024-07-19 04:56:41.960392,Novel,Books,North,Kolkata,13965.24,6,0.26,Credit Card,Consumer,2025.02
ORD101373,2024-07-19 08:26:58.883776,Programming Book,Books,South,Mumbai,28522.65,8,0.19,Net Banking,Consumer,2427.43
ORD101374,2024-07-19 11:57:15.807161,Shoes,Clothing,West,Kolkata,22691.51,9,0.39,Net Banking,Home Office,1602.32
ORD101375,2024-07-19 15:27:32.730546,Exam Guide,Books,North,Jaipur,21860.96,3,0.14,Net Banking,Corporate,4573.21
ORD101376,2024-07-19 18:57:49.653930,Office Chair,Furniture,West,Pune,5776.25,6,0.3,Debit Card,Home Office,1003.7
ORD101377,2024-07-19 22:28:06.577315,Dress,Clothing,East,Kolkata,7224.27,5,0.1,UPI,Consumer,1126.58
ORD101378,2024-07-20 01:58:23.500700,Desk,Furniture,North,Ahmedabad,41089.71,7,0.2,UPI,Consumer,2868.08
ORD101379,2024-07-20 05:28:40.424084,Smartphone,Electronics,West,Ahmedabad,44316.96,7,0.22,Debit Card,Home Office,2208.78
ORD101380,2024-07-20 08:58:57.347469,Office Chair,Furniture,South,Bengaluru,11887.24,9,0.13,Credit Card,Consumer,1218.97
ORD101381,2024-07-20 12:29:14.270854,Tablet,Electronics,West,Lucknow,5850.33,1,0.19,Debit Card,Home Office,1103.17
ORD101382,2024-07-20 15:59:31.194238,Smartphone,Electronics,North,Chennai,2860.15,6,0.11,UPI,Consumer,509.63
ORD101383,2024-07-20 19:29:48.117623,Sofa,Furniture,East,Chennai,30493.22,5,0.0,Debit Card,Corporate,6999.01
ORD101384,2024-07-20 23:00:05.041008,Jacket,Clothing,West,Jaipur,35824.59,4,0.09,Net Banking,Corporate,5474.81
ORD101385,2024-07-21 02:30:21.964392,Data Science Book,Books,East,Lucknow,18765.94,1,0.28,Credit Card,Corporate,3224.87
ORD101386,2024-07-21 06:00:38.887777,Novel,Books,South,Bengaluru,34047.86,4,0.31,Credit Card,Home Office,3998.55
ORD101387,2024-07-21 09:30:55.811162,Tablet,Electronics,West,Delhi,35705.35,7,0.11,Cash on Delivery,Home Office,2256.34
ORD101388,2024-07-21 13:01:12.734546,Smartphone,Electronics,West,Hyderabad,46780.05,4,0.16,Debit Card,Corporate,2749.27
ORD101389,2024-07-21 16:31:29.657931,Dress,Clothing,South,Kolkata,3430.71,1,0.01,Net Banking,Corporate,875.85
ORD101390,2024-07-21 20:01:46.581316,Coffee Maker,Home & Kitchen,South,Lucknow,9776.13,1,0.09,Debit Card,Corporate,1845.14
ORD101391,2024-07-21 23:32:03.504700,Table,Furniture,South,Hyderabad,3612.59,1,0.31,Cash on Delivery,Consumer,298.58
ORD101392,2024-07-22 03:02:20.428085,Smartphone,Electronics,North,Delhi,43426.1,5,0.24,Cash on Delivery,Corporate,7897.62
ORD101393,2024-07-22 06:32:37.351470,Business Book,Books,North,Pune,39670.84,7,0.08,Debit Card,Consumer,3063.35
ORD101394,2024-07-22 10:02:54.274854,T-Shirt,Clothing,West,Bengaluru,28817.18,9,0.1,Debit Card,Corporate,5480.44
ORD101395,2024-07-22 13:33:11.198239,Bookshelf,Furniture,West,Hyderabad,4366.44,8,0.33,Debit Card,Home Office,869.96
ORD101396,2024-07-22 17:03:28.121624,Jeans,Clothing,West,Bengaluru,13810.96,2,0.08,UPI,Corporate,1111.84
ORD101397,2024-07-22 20:33:45.045009,Desk,Furniture,East,Bengaluru,15026.45,9,0.13,Cash on Delivery,Consumer,1117.56
ORD101398,2024-07-23 00:04:01.968393,Desk,Furniture,South,Lucknow,28125.01,4,0.27,Credit Card,Corporate,3427.87
ORD101399,2024-07-23 03:34:18.891778,Smartwatch,Electronics,West,Ahmedabad,13050.59,5,0.22,UPI,Consumer,2144.46
ORD101400,2024-07-23 07:04:35.815163,T-Shirt,Clothing,South,Mumbai,3833.4,5,0.18,Net Banking,Corporate,178.03
ORD101401,2024-07-23 10:34:52.738547,Dress,Clothing,North,Jaipur,36591.96,4,0.36,Credit Card,Consumer,4096.37
ORD101402,2024-07-23 14:05:09.661932,Programming Book,Books,South,Chennai,15094.19,6,0.09,Credit Card,Consumer,972.39
ORD101403,2024-07-23 17:35:26.585317,Business Book,Books,East,Bengaluru,22728.23,1,0.3,Credit Card,Corporate,1755.34
ORD101404,2024-07-23 21:05:43.508701,Smartphone,Electronics,East,Lucknow,6557.8,2,0.06,Cash on Delivery,Corporate,1406.08
ORD101405,2024-07-24 00:36:00.432086,Headphones,Electronics,South,Lucknow,40166.91,4,0.25,Net Banking,Home Office,7070.87
ORD101406,2024-07-24 04:06:17.355471,Cookware Set,Home & Kitchen,East,Hyderabad,28363.49,4,0.35,UPI,Home Office,4285.2
ORD101407,2024-07-24 07:36:34.278855,Exam Guide,Books,East,Hyderabad,45098.96,8,0.18,Net Banking,Home Office,2451.35
ORD101408,2024-07-24 11:06:51.202240,Bookshelf,Furniture,North,Kolkata,24874.48,9,0.29,UPI,Consumer,4356.78
ORD101409,2024-07-24 14:37:08.125625,Jeans,Clothing,West,Bengaluru,47083.0,4,0.33,Cash on Delivery,Consumer,4985.84
ORD101410,2024-07-24 18:07:25.049009,Headphones,Electronics,East,Mumbai,44615.04,6,0.05,Net Banking,Home Office,7155.63
ORD101411,2024-07-24 21:37:41.972394,T-Shirt,Clothing,West,Jaipur,28907.7,4,0.28,Credit Card,Home Office,3224.49
ORD101412,2024-07-25 01:07:58.895779,Shoes,Clothing,South,Jaipur,46707.89,4,0.37,Net Banking,Corporate,7775.98
ORD101413,2024-07-25 04:38:15.819163,Cookware Set,Home & Kitchen,South,Pune,16289.82,9,0.23,Cash on Delivery,Home Office,2759.4
ORD101414,2024-07-25 08:08:32.742548,Exam Guide,Books,East,Pune,18408.98,4,0.07,Cash on Delivery,Consumer,2996.17
ORD101415,2024-07-25 11:38:49.665933,Laptop,Electronics,South,Kolkata,2464.8,6,0.05,Cash on Delivery,Corporate,605.46
ORD101416,2024-07-25 15:09:06.589317,Jeans,Clothing,North,Chennai,29542.21,9,0.1,UPI,Home Office,6682.65
ORD101417,2024-07-25 18:39:23.512702,Laptop,Electronics,East,Pune,36151.81,3,0.04,Net Banking,Home Office,1779.05
ORD101418,2024-07-25 22:09:40.436087,Table,Furniture,East,Delhi,38721.26,7,0.21,Credit Card,Home Office,5191.7
ORD101419,2024-07-26 01:39:57.359471,Cookware Set,Home & Kitchen,East,Kolkata,7660.85,7,0.03,Credit Card,Corporate,450.03
ORD101420,2024-07-26 05:10:14.282856,Table,Furniture,South,Jaipur,22319.12,1,0.09,Debit Card,Corporate,2575.29
ORD101421,2024-07-26 08:40:31.206241,Headphones,Electronics,South,Jaipur,9007.79,2,0.18,Cash on Delivery,Corporate,1853.68
ORD101422,2024-07-26 12:10:48.129625,Tablet,Electronics,East,Mumbai,33173.94,5,0.19,Credit Card,Home Office,7685.43
ORD101423,2024-07-26 15:41:05.053010,Data Science Book,Books,West,Lucknow,8065.73,8,0.23,Cash on Delivery,Corporate,686.38
ORD101424,2024-07-26 19:11:21.976395,Jeans,Clothing,South,Delhi,45227.35,6,0.28,Credit Card,Corporate,1802.61
ORD101425,2024-07-26 22:41:38.899779,Jacket,Clothing,South,Chennai,11685.61,7,0.02,Net Banking,Corporate,1724.47
ORD101426,2024-07-27 02:11:55.823164,Desk,Furniture,East,Hyderabad,14711.83,3,0.03,Debit Card,Corporate,1909.1
ORD101427,2024-07-27 05:42:12.746549,Cookware Set,Home & Kitchen,West,Kolkata,42575.13,6,0.02,Cash on Delivery,Consumer,9147.55
ORD101428,2024-07-27 09:12:29.669933,Shoes,Clothing,East,Pune,23031.69,9,0.17,UPI,Home Office,3321.73
ORD101429,2024-07-27 12:42:46.593318,Novel,Books,South,Ahmedabad,1395.0,3,0.02,UPI,Corporate,204.67
ORD101430,2024-07-27 16:13:03.516703,Bookshelf,Furniture,East,Mumbai,24830.4,6,0.3,Credit Card,Consumer,1866.56
ORD101431,2024-07-27 19:43:20.440088,Sofa,Furniture,East,Jaipur,4410.26,7,0.09,Net Banking,Consumer,1031.91
ORD101432,2024-07-27 23:13:37.363472,Business Book,Books,East,Ahmedabad,49270.17,5,0.38,Cash on Delivery,Home Office,3424.29
ORD101433,2024-07-28 02:43:54.286857,Cookware Set,Home & Kitchen,West,Kolkata,29487.96,8,0.19,Debit Card,Home Office,1521.1
ORD101434,2024-07-28 06:14:11.210242,Exam Guide,Books,East,Bengaluru,12975.32,8,0.18,Net Banking,Corporate,2033.82
ORD101435,2024-07-28 09:44:28.133626,Dinner Set,Home & Kitchen,South,Chennai,28273.14,6,0.31,Credit Card,Home Office,2523.17
ORD101436,2024-07-28 13:14:45.057011,Business Book,Books,East,Bengaluru,4027.98,7,0.29,Net Banking,Home Office,652.36
ORD101437,2024-07-28 16:45:01.980396,Novel,Books,West,Kolkata,40034.59,3,0.24,Debit Card,Home Office,2136.47
ORD101438,2024-07-28 20:15:18.903780,Tablet,Electronics,North,Bengaluru,46281.34,7,0.37,Net Banking,Home Office,8501.58
ORD101439,2024-07-28 23:45:35.827165,Desk,Furniture,West,Chennai,43747.33,7,0.17,Cash on Delivery,Corporate,3511.73
ORD101440,2024-07-29 03:15:52.750550,Novel,Books,East,Lucknow,17219.53,4,0.32,Credit Card,Consumer,1630.68
ORD101441,2024-07-29 06:46:09.673934,Business Book,Books,North,Kolkata,16423.25,4,0.15,Debit Card,Home Office,2376.49
ORD101442,2024-07-29 10:16:26.597319,Shoes,Clothing,East,Ahmedabad,1947.36,3,0.34,Credit Card,Consumer,350.27
ORD101443,2024-07-29 13:46:43.520704,Office Chair,Furniture,West,Bengaluru,32639.74,7,0.1,Cash on Delivery,Consumer,6775.09
ORD101444,2024-07-29 17:17:00.444088,Dress,Clothing,North,Chennai,26838.26,5,0.12,Debit Card,Consumer,2036.01
ORD101445,2024-07-29 20:47:17.367473,Table,Furniture,North,Pune,23075.45,3,0.27,Debit Card,Home Office,2689.37
ORD101446,2024-07-30 00:17:34.290858,Dress,Clothing,East,Hyderabad,45400.02,6,0.09,Credit Card,Home Office,7673.17
ORD101447,2024-07-30 03:47:51.214242,Data Science Book,Books,East,Chennai,8560.37,6,0.09,Net Banking,Corporate,1756.88
ORD101448,2024-07-30 07:18:08.137627,Novel,Books,West,Mumbai,681.38,6,0.12,Net Banking,Home Office,115.7
ORD101449,2024-07-30 10:48:25.061012,Smartwatch,Electronics,East,Hyderabad,3851.16,2,0.27,UPI,Home Office,462.0
ORD101450,2024-07-30 14:18:41.984396,Dress,Clothing,North,Pune,11323.9,7,0.36,UPI,Home Office,1749.4
ORD101451,2024-07-30 17:48:58.907781,Mixer,Home & Kitchen,South,Delhi,1857.62,7,0.27,Debit Card,Consumer,195.97
ORD101452,2024-07-30 21:19:15.831166,Tablet,Electronics,South,Ahmedabad,25241.62,4,0.33,Credit Card,Corporate,5019.33
ORD101453,2024-07-31 00:49:32.754550,Jeans,Clothing,West,Jaipur,15841.7,6,0.22,Debit Card,Consumer,3545.65
ORD101454,2024-07-31 04:19:49.677935,Jeans,Clothing,East,Pune,9188.05,4,0.03,Credit Card,Corporate,2021.74
ORD101455,2024-07-31 07:50:06.601320,Smartwatch,Electronics,West,Lucknow,37554.19,4,0.04,Cash on Delivery,Home Office,9757.59
ORD101456,2024-07-31 11:20:23.524704,Data Science Book,Books,South,Hyderabad,10381.68,6,0.22,UPI,Home Office,1200.84
ORD101457,2024-07-31 14:50:40.448089,Shoes,Clothing,South,Lucknow,34442.73,9,0.13,Debit Card,Consumer,5854.22
ORD101458,2024-07-31 18:20:57.371474,Exam Guide,Books,East,Hyderabad,17593.39,7,0.09,Cash on Delivery,Consumer,1891.8
ORD101459,2024-07-31 21:51:14.294858,Laptop,Electronics,North,Mumbai,25689.02,2,0.19,Net Banking,Consumer,5647.52
ORD101460,2024-08-01 01:21:31.218243,Business Book,Books,East,Delhi,46706.58,6,0.27,UPI,Corporate,5719.78
ORD101461,2024-08-01 04:51:48.141628,Bookshelf,Furniture,South,Jaipur,2060.11,5,0.15,Credit Card,Consumer,322.26
ORD101462,2024-08-01 08:22:05.065013,Coffee Maker,Home & Kitchen,North,Mumbai,25113.17,6,0.32,Net Banking,Home Office,4544.89
ORD101463,2024-08-01 11:52:21.988397,Jeans,Clothing,West,Pune,42750.26,8,0.3,Net Banking,Corporate,7460.94
ORD101464,2024-08-01 15:22:38.911782,Dinner Set,Home & Kitchen,South,Lucknow,29481.12,8,0.29,Cash on Delivery,Corporate,2730.23
ORD101465,2024-08-01 18:52:55.835167,Exam Guide,Books,West,Hyderabad,13988.15,3,0.39,Debit Card,Home Office,613.14
ORD101466,2024-08-01 22:23:12.758551,Dress,Clothing,North,Pune,20004.52,9,0.12,Debit Card,Consumer,1593.57
ORD101467,2024-08-02 01:53:29.681936,Exam Guide,Books,West,Chennai,34077.23,6,0.26,Cash on Delivery,Consumer,3398.62
ORD101468,2024-08-02 05:23:46.605321,Table,Furniture,South,Delhi,44562.43,7,0.34,Net Banking,Home Office,3715.3
ORD101469,2024-08-02 08:54:03.528705,Tablet,Electronics,East,Ahmedabad,2245.11,9,0.23,UPI,Home Office,102.99
ORD101470,2024-08-02 12:24:20.452090,T-Shirt,Clothing,West,Chennai,3762.63,7,0.32,Net Banking,Home Office,404.3
ORD101471,2024-08-02 15:54:37.375475,Bookshelf,Furniture,South,Lucknow,16387.57,9,0.17,Cash on Delivery,Home Office,1040.02
ORD101472,2024-08-02 19:24:54.298859,Table,Furniture,South,Delhi,11792.43,1,0.24,Net Banking,Corporate,943.03
ORD101473,2024-08-02 22:55:11.222244,Jacket,Clothing,North,Delhi,13393.56,1,0.02,Net Banking,Corporate,3240.35
ORD101474,2024-08-03 02:25:28.145629,Exam Guide,Books,South,Pune,11219.25,3,0.39,Net Banking,Consumer,1188.89
ORD101475,2024-08-03 05:55:45.069013,Sofa,Furniture,East,Chennai,9952.09,9,0.32,Net Banking,Corporate,969.35
ORD101476,2024-08-03 09:26:01.992398,Dinner Set,Home & Kitchen,East,Pune,6705.07,1,0.35,UPI,Corporate,419.96
ORD101477,2024-08-03 12:56:18.915783,Desk,Furniture,West,Pune,46710.92,1,0.28,Credit Card,Corporate,8965.25
ORD101478,2024-08-03 16:26:35.839167,Programming Book,Books,West,Pune,7380.64,5,0.07,Credit Card,Home Office,1893.93
ORD101479,2024-08-03 19:56:52.762552,Business Book,Books,West,Lucknow,10379.31,8,0.01,Debit Card,Corporate,1846.2
ORD101480,2024-08-03 23:27:09.685937,Coffee Maker,Home & Kitchen,West,Hyderabad,12464.03,2,0.35,Credit Card,Consumer,2271.04
ORD101481,2024-08-04 02:57:26.609321,Desk,Furniture,East,Hyderabad,46664.14,4,0.16,Credit Card,Corporate,6514.58
ORD101482,2024-08-04 06:27:43.532706,Exam Guide,Books,North,Lucknow,37834.56,6,0.11,Credit Card,Home Office,2586.43
ORD101483,2024-08-04 09:58:00.456091,T-Shirt,Clothing,West,Jaipur,39527.03,1,0.22,Net Banking,Corporate,1672.89
ORD101484,2024-08-04 13:28:17.379475,Smartwatch,Electronics,North,Ahmedabad,5416.96,4,0.17,Net Banking,Consumer,369.1
ORD101485,2024-08-04 16:58:34.302860,Laptop,Electronics,South,Mumbai,41848.23,4,0.26,UPI,Corporate,6368.94
ORD101486,2024-08-04 20:28:51.226245,Smartwatch,Electronics,South,Ahmedabad,20528.02,9,0.19,Net Banking,Consumer,2165.36
ORD101487,2024-08-04 23:59:08.149629,Table,Furniture,West,Lucknow,13288.59,9,0.28,Net Banking,Home Office,2029.11
ORD101488,2024-08-05 03:29:25.073014,Coffee Maker,Home & Kitchen,South,Bengaluru,28872.35,6,0.34,Credit Card,Consumer,3372.75
ORD101489,2024-08-05 06:59:41.996399,Business Book,Books,North,Mumbai,41144.71,8,0.08,UPI,Consumer,5044.05
ORD101490,2024-08-05 10:29:58.919783,Jacket,Clothing,North,Jaipur,38976.88,4,0.13,UPI,Home Office,3549.35
ORD101491,2024-08-05 14:00:15.843168,Dress,Clothing,South,Kolkata,44521.87,8,0.17,Credit Card,Consumer,2596.36
ORD101492,2024-08-05 17:30:32.766553,Desk,Furniture,West,Mumbai,46420.98,3,0.38,Credit Card,Corporate,7068.55
ORD101493,2024-08-05 21:00:49.689937,Smartphone,Electronics,North,Delhi,12058.48,2,0.15,UPI,Corporate,2611.12
ORD101494,2024-08-06 00:31:06.613322,Table,Furniture,North,Lucknow,21308.12,6,0.15,Cash on Delivery,Consumer,3357.27
ORD101495,2024-08-06 04:01:23.536707,Cookware Set,Home & Kitchen,East,Kolkata,928.5,5,0.26,Credit Card,Corporate,61.34
ORD101496,2024-08-06 07:31:40.460092,Dinner Set,Home & Kitchen,West,Ahmedabad,43990.22,8,0.17,Credit Card,Corporate,4231.08
ORD101497,2024-08-06 11:01:57.383476,Novel,Books,East,Kolkata,7897.69,1,0.38,UPI,Home Office,1414.06
ORD101498,2024-08-06 14:32:14.306861,Data Science Book,Books,South,Lucknow,43101.45,3,0.36,Cash on Delivery,Consumer,2937.39
ORD101499,2024-08-06 18:02:31.230246,Cookware Set,Home & Kitchen,South,Ahmedabad,16603.49,7,0.21,Cash on Delivery,Corporate,842.11
ORD101500,2024-08-06 21:32:48.153630,Coffee Maker,Home & Kitchen,East,Lucknow,18533.05,4,0.26,Debit Card,Consumer,2571.63
ORD101501,2024-08-07 01:03:05.077015,Dinner Set,Home & Kitchen,West,Chennai,2148.79,5,0.02,Cash on Delivery,Consumer,243.18
ORD101502,2024-08-07 04:33:22.000400,Office Chair,Furniture,North,Bengaluru,16478.56,8,0.28,Credit Card,Corporate,3433.11
ORD101503,2024-08-07 08:03:38.923784,Mixer,Home & Kitchen,South,Jaipur,44440.51,1,0.28,Net Banking,Home Office,6197.59
ORD101504,2024-08-07 11:33:55.847169,Dress,Clothing,West,Jaipur,1472.26,1,0.14,UPI,Home Office,369.02
ORD101505,2024-08-07 15:04:12.770554,Headphones,Electronics,West,Delhi,20435.11,7,0.09,Credit Card,Consumer,4581.93
ORD101506,2024-08-07 18:34:29.693938,Cookware Set,Home & Kitchen,South,Bengaluru,1763.7,9,0.37,UPI,Home Office,256.42
ORD101507,2024-08-07 22:04:46.617323,Headphones,Electronics,South,Bengaluru,18671.99,4,0.17,Cash on Delivery,Corporate,3992.08
ORD101508,2024-08-08 01:35:03.540708,Office Chair,Furniture,West,Delhi,8797.5,8,0.26,UPI,Corporate,1309.98
ORD101509,2024-08-08 05:05:20.464092,Tablet,Electronics,North,Ahmedabad,12760.48,7,0.01,Credit Card,Home Office,666.77
ORD101510,2024-08-08 08:35:37.387477,Table,Furniture,East,Delhi,43904.4,2,0.17,Net Banking,Home Office,5397.45
ORD101511,2024-08-08 12:05:54.310862,Jacket,Clothing,South,Ahmedabad,21915.25,5,0.33,Credit Card,Consumer,1538.13
ORD101512,2024-08-08 15:36:11.234246,Bookshelf,Furniture,East,Delhi,13835.14,9,0.16,Debit Card,Home Office,1842.92
ORD101513,2024-08-08 19:06:28.157631,Desk,Furniture,West,Mumbai,29549.05,9,0.24,UPI,Consumer,3764.68
ORD101514,2024-08-08 22:36:45.081016,Business Book,Books,East,Mumbai,7276.93,3,0.08,Credit Card,Corporate,548.69
ORD101515,2024-08-09 02:07:02.004400,Coffee Maker,Home & Kitchen,North,Chennai,13117.7,3,0.17,Cash on Delivery,Home Office,608.16
ORD101516,2024-08-09 05:37:18.927785,Cookware Set,Home & Kitchen,West,Hyderabad,27403.15,2,0.37,Cash on Delivery,Consumer,1459.67
ORD101517,2024-08-09 09:07:35.851170,Shoes,Clothing,North,Delhi,12028.65,7,0.23,Credit Card,Consumer,2448.49
ORD101518,2024-08-09 12:37:52.774554,T-Shirt,Clothing,West,Bengaluru,34020.56,6,0.36,Debit Card,Consumer,5202.99
ORD101519,2024-08-09 16:08:09.697939,Coffee Maker,Home & Kitchen,North,Mumbai,24676.27,5,0.36,UPI,Consumer,3943.83
ORD101520,2024-08-09 19:38:26.621324,Novel,Books,West,Pune,38645.06,7,0.38,Debit Card,Corporate,2853.07
ORD101521,2024-08-09 23:08:43.544708,Coffee Maker,Home & Kitchen,North,Ahmedabad,47422.58,4,0.36,Net Banking,Home Office,3308.95
ORD101522,2024-08-10 02:39:00.468093,Exam Guide,Books,West,Mumbai,5967.08,5,0.0,Credit Card,Consumer,354.11
ORD101523,2024-08-10 06:09:17.391478,Jacket,Clothing,North,Mumbai,16866.32,9,0.37,Debit Card,Home Office,1785.84
ORD101524,2024-08-10 09:39:34.314862,Laptop,Electronics,West,Lucknow,16113.54,9,0.05,Net Banking,Home Office,2228.86
ORD101525,2024-08-10 13:09:51.238247,Dress,Clothing,North,Ahmedabad,7728.91,4,0.02,Debit Card,Corporate,1961.54
ORD101526,2024-08-10 16:40:08.161632,Dress,Clothing,South,Jaipur,40553.1,6,0.02,Net Banking,Home Office,8761.8
ORD101527,2024-08-10 20:10:25.085017,Desk,Furniture,East,Kolkata,38041.96,2,0.14,Cash on Delivery,Corporate,2815.92
ORD101528,2024-08-10 23:40:42.008401,Bookshelf,Furniture,West,Ahmedabad,24324.39,3,0.25,Cash on Delivery,Corporate,5414.4
ORD101529,2024-08-11 03:10:58.931786,Bookshelf,Furniture,North,Chennai,26980.98,9,0.16,Credit Card,Consumer,5499.66
ORD101530,2024-08-11 06:41:15.855171,Office Chair,Furniture,South,Lucknow,3165.3,6,0.01,Debit Card,Corporate,720.92
ORD101531,2024-08-11 10:11:32.778555,Novel,Books,West,Ahmedabad,27864.27,8,0.19,Cash on Delivery,Consumer,2350.76
ORD101532,2024-08-11 13:41:49.701940,Mixer,Home & Kitchen,West,Ahmedabad,39608.81,5,0.18,UPI,Corporate,8973.66
ORD101533,2024-08-11 17:12:06.625325,Smartwatch,Electronics,West,Hyderabad,28776.61,2,0.3,Cash on Delivery,Corporate,3393.8
ORD101534,2024-08-11 20:42:23.548709,Dress,Clothing,East,Lucknow,13412.26,7,0.11,Cash on Delivery,Home Office,1485.12
ORD101535,2024-08-12 00:12:40.472094,Programming Book,Books,North,Ahmedabad,33443.9,6,0.09,Debit Card,Consumer,6503.99
ORD101536,2024-08-12 03:42:57.395479,Tablet,Electronics,North,Kolkata,18202.12,2,0.1,Net Banking,Home Office,1686.32
ORD101537,2024-08-12 07:13:14.318863,Novel,Books,West,Kolkata,27334.69,6,0.12,UPI,Corporate,6660.49
ORD101538,2024-08-12 10:43:31.242248,Business Book,Books,West,Pune,24480.76,8,0.24,UPI,Consumer,4904.12
ORD101539,2024-08-12 14:13:48.165633,Jeans,Clothing,West,Lucknow,19182.52,1,0.19,Net Banking,Corporate,2582.82
ORD101540,2024-08-12 17:44:05.089017,Coffee Maker,Home & Kitchen,South,Jaipur,36000.12,4,0.13,Debit Card,Corporate,3058.86
ORD101541,2024-08-12 21:14:22.012402,Sofa,Furniture,West,Ahmedabad,44217.03,1,0.15,Cash on Delivery,Home Office,6544.44
ORD101542,2024-08-13 00:44:38.935787,Dinner Set,Home & Kitchen,East,Hyderabad,459.58,2,0.15,Net Banking,Consumer,34.1
ORD101543,2024-08-13 04:14:55.859171,Jeans,Clothing,North,Hyderabad,46694.1,1,0.39,UPI,Consumer,3345.72
ORD101544,2024-08-13 07:45:12.782556,Jeans,Clothing,East,Bengaluru,25673.45,6,0.09,UPI,Consumer,3987.64
ORD101545,2024-08-13 11:15:29.705941,T-Shirt,Clothing,West,Jaipur,35096.45,6,0.33,Cash on Delivery,Corporate,1300.0
ORD101546,2024-08-13 14:45:46.629325,Smartphone,Electronics,South,Hyderabad,42810.1,1,0.28,Cash on Delivery,Consumer,7441.68
ORD101547,2024-08-13 18:16:03.552710,Mixer,Home & Kitchen,West,Kolkata,23461.76,4,0.0,Credit Card,Corporate,2328.08
ORD101548,2024-08-13 21:46:20.476095,Air Fryer,Home & Kitchen,West,Bengaluru,41781.71,4,0.4,Net Banking,Corporate,6684.73
ORD101549,2024-08-14 01:16:37.399479,Data Science Book,Books,West,Delhi,9045.47,8,0.3,Cash on Delivery,Corporate,351.83
ORD101550,2024-08-14 04:46:54.322864,Data Science Book,Books,West,Hyderabad,8126.54,6,0.27,Credit Card,Consumer,1085.82
ORD101551,2024-08-14 08:17:11.246249,Novel,Books,West,Chennai,32942.07,2,0.16,Debit Card,Home Office,6756.31
ORD101552,2024-08-14 11:47:28.169633,Jeans,Clothing,North,Lucknow,43533.12,5,0.22,UPI,Corporate,3717.73
ORD101553,2024-08-14 15:17:45.093018,Mixer,Home & Kitchen,East,Hyderabad,44642.82,4,0.1,Net Banking,Home Office,9116.04
ORD101554,2024-08-14 18:48:02.016403,Shoes,Clothing,South,Mumbai,32258.27,4,0.01,Debit Card,Consumer,7352.14
ORD101555,2024-08-14 22:18:18.939787,Laptop,Electronics,West,Jaipur,26369.36,8,0.33,Net Banking,Consumer,3700.64
ORD101556,2024-08-15 01:48:35.863172,Data Science Book,Books,South,Mumbai,16703.38,5,0.36,Net Banking,Consumer,1507.99
ORD101557,2024-08-15 05:18:52.786557,T-Shirt,Clothing,North,Pune,49004.02,3,0.06,Cash on Delivery,Consumer,11343.95
ORD101558,2024-08-15 08:49:09.709941,Shoes,Clothing,East,Hyderabad,16120.85,4,0.31,Credit Card,Consumer,2303.75
ORD101559,2024-08-15 12:19:26.633326,Smartphone,Electronics,West,Delhi,37260.47,1,0.3,Net Banking,Home Office,5153.79
ORD101560,2024-08-15 15:49:43.556711,Office Chair,Furniture,North,Mumbai,26692.69,6,0.07,Debit Card,Consumer,6324.97
ORD101561,2024-08-15 19:20:00.480096,Air Fryer,Home & Kitchen,North,Mumbai,30503.91,4,0.17,Net Banking,Consumer,2814.36
ORD101562,2024-08-15 22:50:17.403480,Bookshelf,Furniture,East,Jaipur,19795.33,6,0.17,Credit Card,Consumer,1776.46
ORD101563,2024-08-16 02:20:34.326865,Novel,Books,West,Bengaluru,48248.19,2,0.3,UPI,Consumer,4951.63
ORD101564,2024-08-16 05:50:51.250250,T-Shirt,Clothing,East,Delhi,28669.78,5,0.34,Net Banking,Consumer,1292.06
ORD101565,2024-08-16 09:21:08.173634,Smartwatch,Electronics,East,Mumbai,46901.82,9,0.04,Debit Card,Corporate,6049.14
ORD101566,2024-08-16 12:51:25.097019,Smartphone,Electronics,South,Ahmedabad,578.05,8,0.23,UPI,Corporate,67.46
ORD101567,2024-08-16 16:21:42.020404,Mixer,Home & Kitchen,South,Delhi,28719.0,3,0.3,UPI,Home Office,3493.24
ORD101568,2024-08-16 19:51:58.943788,Table,Furniture,East,Ahmedabad,35915.91,1,0.31,Cash on Delivery,Consumer,2812.84
ORD101569,2024-08-16 23:22:15.867173,Air Fryer,Home & Kitchen,South,Hyderabad,37304.99,3,0.06,Cash on Delivery,Home Office,9703.33
ORD101570,2024-08-17 02:52:32.790558,Shoes,Clothing,North,Mumbai,45267.85,8,0.21,Net Banking,Home Office,4336.79
ORD101571,2024-08-17 06:22:49.713942,Coffee Maker,Home & Kitchen,East,Mumbai,419.2,3,0.34,Debit Card,Consumer,72.73
ORD101572,2024-08-17 09:53:06.637327,Smartwatch,Electronics,West,Kolkata,216.44,5,0.13,Cash on Delivery,Consumer,30.36
ORD101573,2024-08-17 13:23:23.560712,Headphones,Electronics,West,Kolkata,23718.72,2,0.17,Credit Card,Corporate,4518.83
ORD101574,2024-08-17 16:53:40.484096,Programming Book,Books,North,Jaipur,1658.83,1,0.32,Credit Card,Consumer,87.67
ORD101575,2024-08-17 20:23:57.407481,Novel,Books,West,Lucknow,48731.72,5,0.04,UPI,Corporate,8708.99
ORD101576,2024-08-17 23:54:14.330866,T-Shirt,Clothing,West,Lucknow,11258.85,5,0.34,UPI,Home Office,2156.48
ORD101577,2024-08-18 03:24:31.254250,Desk,Furniture,East,Bengaluru,23738.7,6,0.12,UPI,Home Office,4524.01
ORD101578,2024-08-18 06:54:48.177635,Coffee Maker,Home & Kitchen,North,Jaipur,3244.65,2,0.0,Credit Card,Corporate,827.62
ORD101579,2024-08-18 10:25:05.101020,T-Shirt,Clothing,East,Lucknow,26198.01,9,0.09,Cash on Delivery,Corporate,2748.0
ORD101580,2024-08-18 13:55:22.024404,Business Book,Books,North,Jaipur,19121.82,2,0.04,Cash on Delivery,Consumer,4590.01
ORD101581,2024-08-18 17:25:38.947789,Dinner Set,Home & Kitchen,East,Mumbai,2424.07,2,0.04,Net Banking,Corporate,320.71
ORD101582,2024-08-18 20:55:55.871174,Business Book,Books,East,Kolkata,16889.19,5,0.28,Debit Card,Corporate,2082.67
ORD101583,2024-08-19 00:26:12.794558,Coffee Maker,Home & Kitchen,South,Kolkata,19693.51,9,0.09,Credit Card,Consumer,1738.16
ORD101584,2024-08-19 03:56:29.717943,Desk,Furniture,West,Kolkata,49498.09,4,0.37,UPI,Home Office,5345.67
ORD101585,2024-08-19 07:26:46.641328,Dress,Clothing,North,Lucknow,10552.72,6,0.21,Debit Card,Corporate,1491.64
ORD101586,2024-08-19 10:57:03.564712,Coffee Maker,Home & Kitchen,West,Delhi,27330.02,2,0.18,UPI,Consumer,4607.21
ORD101587,2024-08-19 14:27:20.488097,Smartwatch,Electronics,South,Chennai,49368.31,4,0.17,Debit Card,Consumer,10947.0
ORD101588,2024-08-19 17:57:37.411482,Tablet,Electronics,North,Mumbai,39642.56,9,0.28,Debit Card,Corporate,3602.45
ORD101589,2024-08-19 21:27:54.334866,Dinner Set,Home & Kitchen,South,Hyderabad,49669.7,2,0.18,Cash on Delivery,Home Office,12057.22
ORD101590,2024-08-20 00:58:11.258251,Mixer,Home & Kitchen,West,Jaipur,48421.26,1,0.05,Net Banking,Consumer,12048.49
ORD101591,2024-08-20 04:28:28.181636,Cookware Set,Home & Kitchen,East,Kolkata,24579.07,4,0.35,Net Banking,Corporate,2408.13
ORD101592,2024-08-20 07:58:45.105021,Tablet,Electronics,South,Kolkata,34879.52,4,0.17,UPI,Home Office,3087.98
ORD101593,2024-08-20 11:29:02.028405,Tablet,Electronics,South,Kolkata,5700.07,1,0.03,Credit Card,Corporate,375.28
ORD101594,2024-08-20 14:59:18.951790,Air Fryer,Home & Kitchen,East,Mumbai,22169.21,4,0.21,Net Banking,Consumer,1901.83
ORD101595,2024-08-20 18:29:35.875175,Exam Guide,Books,West,Kolkata,40489.12,3,0.26,Credit Card,Consumer,8123.61
ORD101596,2024-08-20 21:59:52.798559,Novel,Books,South,Bengaluru,25365.7,2,0.11,UPI,Consumer,2776.96
ORD101597,2024-08-21 01:30:09.721944,Sofa,Furniture,West,Jaipur,35194.41,4,0.32,Credit Card,Corporate,2022.15
ORD101598,2024-08-21 05:00:26.645329,Shoes,Clothing,East,Mumbai,37338.42,8,0.27,Debit Card,Consumer,1517.36
ORD101599,2024-08-21 08:30:43.568713,Business Book,Books,North,Jaipur,12822.76,7,0.26,Debit Card,Corporate,1180.6
ORD101600,2024-08-21 12:01:00.492098,Smartwatch,Electronics,South,Ahmedabad,43809.83,9,0.17,UPI,Home Office,3783.05
ORD101601,2024-08-21 15:31:17.415483,Data Science Book,Books,West,Pune,23099.16,8,0.38,Credit Card,Home Office,1082.0
ORD101602,2024-08-21 19:01:34.338867,Table,Furniture,East,Bengaluru,10667.22,1,0.11,Credit Card,Home Office,2732.05
ORD101603,2024-08-21 22:31:51.262252,Sofa,Furniture,East,Delhi,43297.71,2,0.23,UPI,Home Office,3897.54
ORD101604,2024-08-22 02:02:08.185637,T-Shirt,Clothing,South,Delhi,21007.38,2,0.12,Net Banking,Consumer,952.87
ORD101605,2024-08-22 05:32:25.109021,Business Book,Books,North,Chennai,37565.56,8,0.3,Cash on Delivery,Consumer,7522.44
ORD101606,2024-08-22 09:02:42.032406,Tablet,Electronics,South,Bengaluru,27492.05,4,0.02,Net Banking,Corporate,5243.72
ORD101607,2024-08-22 12:32:58.955791,Smartwatch,Electronics,West,Jaipur,19217.21,9,0.02,Cash on Delivery,Home Office,1331.54
ORD101608,2024-08-22 16:03:15.879175,Air Fryer,Home & Kitchen,East,Delhi,40531.85,2,0.32,Credit Card,Home Office,1594.59
ORD101609,2024-08-22 19:33:32.802560,Smartphone,Electronics,North,Pune,29306.6,4,0.17,Cash on Delivery,Corporate,1872.07
ORD101610,2024-08-22 23:03:49.725945,Jeans,Clothing,West,Delhi,19649.99,1,0.14,Cash on Delivery,Corporate,3343.85
ORD101611,2024-08-23 02:34:06.649329,Dress,Clothing,South,Kolkata,5657.97,3,0.24,Credit Card,Corporate,281.52
ORD101612,2024-08-23 06:04:23.572714,Smartphone,Electronics,East,Chennai,44793.18,6,0.28,Debit Card,Corporate,6193.34
ORD101613,2024-08-23 09:34:40.496099,Smartphone,Electronics,South,Mumbai,1966.39,9,0.08,Cash on Delivery,Home Office,385.58
ORD101614,2024-08-23 13:04:57.419483,Mixer,Home & Kitchen,North,Hyderabad,43186.73,1,0.07,UPI,Consumer,3489.99
ORD101615,2024-08-23 16:35:14.342868,Tablet,Electronics,North,Hyderabad,18126.08,5,0.38,Net Banking,Home Office,1934.18
ORD101616,2024-08-23 20:05:31.266253,Dinner Set,Home & Kitchen,North,Delhi,32039.07,2,0.24,Credit Card,Corporate,7085.03
ORD101617,2024-08-23 23:35:48.189637,Cookware Set,Home & Kitchen,North,Jaipur,46125.55,7,0.16,Credit Card,Consumer,10039.81
ORD101618,2024-08-24 03:06:05.113022,Smartphone,Electronics,North,Jaipur,7754.99,4,0.32,Cash on Delivery,Home Office,1217.32
ORD101619,2024-08-24 06:36:22.036407,Desk,Furniture,South,Kolkata,28434.13,5,0.21,Debit Card,Corporate,4030.61
ORD101620,2024-08-24 10:06:38.959791,Bookshelf,Furniture,North,Delhi,38268.76,8,0.1,Debit Card,Consumer,5116.99
ORD101621,2024-08-24 13:36:55.883176,Coffee Maker,Home & Kitchen,North,Delhi,37927.67,2,0.08,Net Banking,Consumer,5682.7
ORD101622,2024-08-24 17:07:12.806561,Headphones,Electronics,East,Hyderabad,26376.47,3,0.16,Net Banking,Corporate,5343.03
ORD101623,2024-08-24 20:37:29.729945,Table,Furniture,North,Ahmedabad,31312.03,5,0.34,Debit Card,Consumer,3897.07
ORD101624,2024-08-25 00:07:46.653330,Laptop,Electronics,East,Delhi,37924.84,4,0.02,Debit Card,Home Office,8963.17
ORD101625,2024-08-25 03:38:03.576715,Smartwatch,Electronics,East,Mumbai,42083.18,5,0.09,Debit Card,Home Office,11200.27
ORD101626,2024-08-25 07:08:20.500100,Laptop,Electronics,East,Chennai,38138.29,3,0.36,Cash on Delivery,Home Office,5128.92
ORD101627,2024-08-25 10:38:37.423484,Exam Guide,Books,South,Chennai,17829.45,9,0.05,UPI,Consumer,3400.74
ORD101628,2024-08-25 14:08:54.346869,Tablet,Electronics,South,Mumbai,49836.97,8,0.25,Net Banking,Consumer,5664.24
ORD101629,2024-08-25 17:39:11.270254,Programming Book,Books,West,Ahmedabad,21838.23,6,0.09,Credit Card,Corporate,1971.15
ORD101630,2024-08-25 21:09:28.193638,Mixer,Home & Kitchen,West,Jaipur,1418.34,1,0.24,Debit Card,Corporate,154.74
ORD101631,2024-08-26 00:39:45.117023,Office Chair,Furniture,East,Hyderabad,18258.32,4,0.15,Debit Card,Consumer,2793.9
ORD101632,2024-08-26 04:10:02.040408,Table,Furniture,South,Chennai,6563.59,7,0.04,UPI,Home Office,369.96
ORD101633,2024-08-26 07:40:18.963792,Desk,Furniture,North,Bengaluru,6247.84,5,0.23,Debit Card,Consumer,812.8
ORD101634,2024-08-26 11:10:35.887177,Office Chair,Furniture,West,Pune,14220.44,4,0.27,Net Banking,Home Office,2756.52
ORD101635,2024-08-26 14:40:52.810562,Sofa,Furniture,South,Hyderabad,2858.1,9,0.27,Debit Card,Corporate,613.73
ORD101636,2024-08-26 18:11:09.733946,Table,Furniture,North,Ahmedabad,34487.91,8,0.25,UPI,Consumer,6825.69
ORD101637,2024-08-26 21:41:26.657331,Bookshelf,Furniture,North,Bengaluru,3884.65,3,0.2,Cash on Delivery,Consumer,289.0
ORD101638,2024-08-27 01:11:43.580716,Air Fryer,Home & Kitchen,South,Delhi,10323.82,6,0.21,Net Banking,Consumer,723.86
ORD101639,2024-08-27 04:42:00.504100,Smartwatch,Electronics,West,Mumbai,4826.41,4,0.25,Cash on Delivery,Home Office,536.92
ORD101640,2024-08-27 08:12:17.427485,Jeans,Clothing,South,Delhi,3345.75,7,0.28,Credit Card,Corporate,256.21
ORD101641,2024-08-27 11:42:34.350870,Programming Book,Books,West,Kolkata,13534.03,1,0.26,UPI,Home Office,2193.31
ORD101642,2024-08-27 15:12:51.274254,Dress,Clothing,East,Lucknow,28680.57,1,0.23,Credit Card,Corporate,1571.05
ORD101643,2024-08-27 18:43:08.197639,T-Shirt,Clothing,South,Mumbai,48241.34,6,0.06,Credit Card,Home Office,7297.66
ORD101644,2024-08-27 22:13:25.121024,Tablet,Electronics,South,Bengaluru,43802.72,7,0.08,Credit Card,Corporate,4839.41
ORD101645,2024-08-28 01:43:42.044408,Headphones,Electronics,West,Pune,43821.51,9,0.1,Credit Card,Home Office,7842.55
ORD101646,2024-08-28 05:13:58.967793,Laptop,Electronics,West,Lucknow,8968.14,7,0.37,UPI,Consumer,1408.34
ORD101647,2024-08-28 08:44:15.891178,Sofa,Furniture,South,Kolkata,13392.38,9,0.3,Cash on Delivery,Home Office,2633.26
ORD101648,2024-08-28 12:14:32.814562,Cookware Set,Home & Kitchen,North,Jaipur,4004.39,9,0.22,Debit Card,Consumer,908.8
ORD101649,2024-08-28 15:44:49.737947,Sofa,Furniture,North,Kolkata,38967.72,8,0.1,Credit Card,Consumer,4832.73
ORD101650,2024-08-28 19:15:06.661332,Cookware Set,Home & Kitchen,North,Lucknow,3676.85,7,0.04,Debit Card,Consumer,931.73
ORD101651,2024-08-28 22:45:23.584716,Mixer,Home & Kitchen,East,Chennai,27923.44,3,0.36,Debit Card,Home Office,3538.29
ORD101652,2024-08-29 02:15:40.508101,T-Shirt,Clothing,East,Hyderabad,12544.2,3,0.36,Credit Card,Consumer,1790.82
ORD101653,2024-08-29 05:45:57.431486,Jeans,Clothing,West,Ahmedabad,12323.59,5,0.04,Net Banking,Home Office,3108.89
ORD101654,2024-08-29 09:16:14.354870,Air Fryer,Home & Kitchen,East,Delhi,49538.11,7,0.32,Debit Card,Corporate,2780.04
ORD101655,2024-08-29 12:46:31.278255,Dinner Set,Home & Kitchen,North,Jaipur,37887.63,7,0.18,Net Banking,Home Office,8911.87
ORD101656,2024-08-29 16:16:48.201640,Sofa,Furniture,South,Ahmedabad,41879.58,1,0.13,Cash on Delivery,Home Office,6807.9
ORD101657,2024-08-29 19:47:05.125025,Sofa,Furniture,East,Kolkata,28684.74,8,0.3,Debit Card,Home Office,2690.65
ORD101658,2024-08-29 23:17:22.048409,Shoes,Clothing,East,Pune,43576.51,1,0.25,UPI,Corporate,4401.76
ORD101659,2024-08-30 02:47:38.971794,Laptop,Electronics,North,Delhi,32345.43,4,0.31,Cash on Delivery,Corporate,5306.19
ORD101660,2024-08-30 06:17:55.895179,Coffee Maker,Home & Kitchen,East,Jaipur,47319.45,2,0.03,Cash on Delivery,Corporate,10082.59
ORD101661,2024-08-30 09:48:12.818563,Table,Furniture,West,Ahmedabad,14210.66,5,0.13,Net Banking,Consumer,2872.85
ORD101662,2024-08-30 13:18:29.741948,Dress,Clothing,South,Delhi,29846.91,6,0.13,Credit Card,Home Office,2940.71
ORD101663,2024-08-30 16:48:46.665333,Desk,Furniture,North,Delhi,34568.54,4,0.13,UPI,Home Office,2783.38
ORD101664,2024-08-30 20:19:03.588717,Mixer,Home & Kitchen,West,Jaipur,19768.28,4,0.2,UPI,Consumer,3644.72
ORD101665,2024-08-30 23:49:20.512102,Dinner Set,Home & Kitchen,North,Bengaluru,44009.46,7,0.11,Net Banking,Consumer,4881.18
ORD101666,2024-08-31 03:19:37.435487,Data Science Book,Books,West,Hyderabad,48994.2,4,0.18,Net Banking,Home Office,4242.87
ORD101667,2024-08-31 06:49:54.358871,Laptop,Electronics,South,Bengaluru,24789.72,2,0.15,Cash on Delivery,Consumer,2184.08
ORD101668,2024-08-31 10:20:11.282256,Programming Book,Books,South,Delhi,19653.9,4,0.29,Net Banking,Consumer,1215.42
ORD101669,2024-08-31 13:50:28.205641,Dress,Clothing,West,Lucknow,23702.51,7,0.24,Credit Card,Corporate,2822.85
ORD101670,2024-08-31 17:20:45.129025,Bookshelf,Furniture,West,Mumbai,42666.29,1,0.26,Cash on Delivery,Consumer,3638.39
ORD101671,2024-08-31 20:51:02.052410,Jeans,Clothing,West,Lucknow,32344.33,4,0.08,Cash on Delivery,Consumer,8137.48
ORD101672,2024-09-01 00:21:18.975795,Dinner Set,Home & Kitchen,West,Jaipur,2429.66,6,0.13,Cash on Delivery,Home Office,469.87
ORD101673,2024-09-01 03:51:35.899179,Data Science Book,Books,West,Delhi,27200.06,8,0.01,UPI,Consumer,6354.09
ORD101674,2024-09-01 07:21:52.822564,Programming Book,Books,West,Delhi,1061.55,8,0.04,UPI,Consumer,153.78
ORD101675,2024-09-01 10:52:09.745949,Data Science Book,Books,South,Pune,38971.06,9,0.11,Cash on Delivery,Consumer,6938.67
ORD101676,2024-09-01 14:22:26.669333,T-Shirt,Clothing,West,Hyderabad,16549.95,5,0.03,Credit Card,Corporate,2812.56
ORD101677,2024-09-01 17:52:43.592718,Dinner Set,Home & Kitchen,East,Pune,23705.97,2,0.24,Debit Card,Home Office,1655.05
ORD101678,2024-09-01 21:23:00.516103,Table,Furniture,South,Jaipur,39974.17,3,0.4,Cash on Delivery,Corporate,1486.16
ORD101679,2024-09-02 00:53:17.439487,Sofa,Furniture,North,Chennai,2513.15,2,0.04,Net Banking,Consumer,532.9
ORD101680,2024-09-02 04:23:34.362872,Shoes,Clothing,South,Bengaluru,8095.37,9,0.33,Debit Card,Home Office,435.5
ORD101681,2024-09-02 07:53:51.286257,Business Book,Books,North,Pune,20018.43,6,0.05,UPI,Home Office,1223.53
ORD101682,2024-09-02 11:24:08.209641,Tablet,Electronics,North,Jaipur,11650.27,1,0.27,UPI,Consumer,1364.72
ORD101683,2024-09-02 14:54:25.133026,Jeans,Clothing,East,Bengaluru,17027.49,3,0.26,Debit Card,Corporate,2954.86
ORD101684,2024-09-02 18:24:42.056411,Dress,Clothing,West,Jaipur,49909.1,7,0.36,Net Banking,Consumer,7736.86
ORD101685,2024-09-02 21:54:58.979795,Air Fryer,Home & Kitchen,West,Chennai,41305.64,7,0.05,UPI,Corporate,10530.83
ORD101686,2024-09-03 01:25:15.903180,Table,Furniture,South,Hyderabad,44218.31,5,0.13,UPI,Consumer,3839.43
ORD101687,2024-09-03 04:55:32.826565,Dress,Clothing,West,Hyderabad,46865.32,3,0.04,Cash on Delivery,Home Office,13335.52
ORD101688,2024-09-03 08:25:49.749949,T-Shirt,Clothing,East,Jaipur,17178.61,7,0.16,Credit Card,Home Office,3474.78
ORD101689,2024-09-03 11:56:06.673334,Programming Book,Books,South,Pune,14994.43,5,0.36,Net Banking,Corporate,856.99
ORD101690,2024-09-03 15:26:23.596719,Programming Book,Books,South,Hyderabad,11856.31,6,0.31,Cash on Delivery,Consumer,2128.5
ORD101691,2024-09-03 18:56:40.520104,Tablet,Electronics,South,Mumbai,41539.82,3,0.29,Credit Card,Corporate,5153.65
ORD101692,2024-09-03 22:26:57.443488,Cookware Set,Home & Kitchen,West,Pune,34041.68,6,0.21,UPI,Home Office,1792.05
ORD101693,2024-09-04 01:57:14.366873,Headphones,Electronics,West,Ahmedabad,11961.36,7,0.35,Credit Card,Home Office,645.4
ORD101694,2024-09-04 05:27:31.290258,Data Science Book,Books,West,Kolkata,18974.29,8,0.18,UPI,Corporate,2465.67
ORD101695,2024-09-04 08:57:48.213642,Desk,Furniture,South,Jaipur,25434.25,2,0.06,Cash on Delivery,Corporate,4366.27
ORD101696,2024-09-04 12:28:05.137027,Novel,Books,South,Jaipur,26501.37,2,0.34,UPI,Corporate,5017.67
ORD101697,2024-09-04 15:58:22.060412,Air Fryer,Home & Kitchen,North,Jaipur,44458.64,6,0.11,Credit Card,Corporate,4112.25
ORD101698,2024-09-04 19:28:38.983796,Business Book,Books,North,Chennai,19152.19,8,0.02,Cash on Delivery,Corporate,3163.09
ORD101699,2024-09-04 22:58:55.907181,Mixer,Home & Kitchen,West,Jaipur,45444.5,5,0.05,Credit Card,Consumer,4596.65
ORD101700,2024-09-05 02:29:12.830566,Mixer,Home & Kitchen,South,Hyderabad,22180.1,1,0.24,Credit Card,Corporate,3196.07
ORD101701,2024-09-05 05:59:29.753950,Air Fryer,Home & Kitchen,West,Hyderabad,37369.36,1,0.24,Debit Card,Corporate,7876.36
ORD101702,2024-09-05 09:29:46.677335,Cookware Set,Home & Kitchen,West,Kolkata,46526.67,9,0.1,UPI,Home Office,8037.2
ORD101703,2024-09-05 13:00:03.600720,Coffee Maker,Home & Kitchen,North,Kolkata,45397.27,4,0.29,UPI,Home Office,5721.76
ORD101704,2024-09-05 16:30:20.524104,Bookshelf,Furniture,East,Lucknow,3036.25,1,0.31,Credit Card,Consumer,497.63
ORD101705,2024-09-05 20:00:37.447489,Laptop,Electronics,West,Pune,10444.07,8,0.37,UPI,Corporate,571.8
ORD101706,2024-09-05 23:30:54.370874,Dress,Clothing,East,Hyderabad,23949.89,2,0.23,Net Banking,Corporate,5097.28
ORD101707,2024-09-06 03:01:11.294258,Smartphone,Electronics,East,Hyderabad,21691.4,2,0.31,UPI,Home Office,2909.72
ORD101708,2024-09-06 06:31:28.217643,Dinner Set,Home & Kitchen,South,Chennai,32116.4,1,0.3,Cash on Delivery,Home Office,4981.39
ORD101709,2024-09-06 10:01:45.141028,Bookshelf,Furniture,South,Hyderabad,47246.51,1,0.1,UPI,Home Office,10832.03
ORD101710,2024-09-06 13:32:02.064412,Programming Book,Books,West,Hyderabad,5797.75,9,0.12,Net Banking,Corporate,1065.09
ORD101711,2024-09-06 17:02:18.987797,Sofa,Furniture,North,Lucknow,22702.56,1,0.19,Credit Card,Corporate,3867.25
ORD101712,2024-09-06 20:32:35.911182,Dinner Set,Home & Kitchen,North,Mumbai,9782.07,6,0.01,UPI,Consumer,2250.67
ORD101713,2024-09-07 00:02:52.834566,Sofa,Furniture,West,Lucknow,44726.56,7,0.12,Cash on Delivery,Home Office,2481.97
ORD101714,2024-09-07 03:33:09.757951,Office Chair,Furniture,West,Mumbai,48236.09,4,0.19,Net Banking,Home Office,5686.92
ORD101715,2024-09-07 07:03:26.681336,Dinner Set,Home & Kitchen,North,Lucknow,24039.34,5,0.04,Debit Card,Home Office,6709.5
ORD101716,2024-09-07 10:33:43.604720,Sofa,Furniture,East,Hyderabad,5379.71,4,0.05,Credit Card,Home Office,585.1
ORD101717,2024-09-07 14:04:00.528105,Shoes,Clothing,West,Lucknow,39307.67,4,0.19,Credit Card,Home Office,5908.21
ORD101718,2024-09-07 17:34:17.451490,Dress,Clothing,East,Hyderabad,34917.64,1,0.29,Credit Card,Corporate,2326.85
ORD101719,2024-09-07 21:04:34.374874,Office Chair,Furniture,West,Hyderabad,17862.61,6,0.33,Net Banking,Corporate,1565.63
ORD101720,2024-09-08 00:34:51.298259,Business Book,Books,West,Kolkata,44392.89,7,0.22,UPI,Home Office,7938.81
ORD101721,2024-09-08 04:05:08.221644,Air Fryer,Home & Kitchen,East,Delhi,48796.43,7,0.19,UPI,Home Office,8330.85
ORD101722,2024-09-08 07:35:25.145029,Dress,Clothing,East,Mumbai,27981.12,8,0.15,UPI,Corporate,3652.72
ORD101723,2024-09-08 11:05:42.068413,Novel,Books,North,Ahmedabad,28373.25,7,0.08,UPI,Corporate,7426.91
ORD101724,2024-09-08 14:35:58.991798,Desk,Furniture,West,Pune,15016.17,6,0.06,Credit Card,Consumer,3440.75
ORD101725,2024-09-08 18:06:15.915183,Programming Book,Books,South,Pune,29308.4,8,0.32,Debit Card,Corporate,2331.4
ORD101726,2024-09-08 21:36:32.838567,Headphones,Electronics,South,Lucknow,22094.19,3,0.19,Credit Card,Consumer,2977.26
ORD101727,2024-09-09 01:06:49.761952,Shoes,Clothing,West,Delhi,15249.11,9,0.32,Debit Card,Home Office,2794.64
ORD101728,2024-09-09 04:37:06.685337,Desk,Furniture,West,Chennai,3545.82,3,0.28,Debit Card,Home Office,141.99
ORD101729,2024-09-09 08:07:23.608721,Mixer,Home & Kitchen,West,Ahmedabad,12784.85,4,0.08,UPI,Home Office,2297.91
ORD101730,2024-09-09 11:37:40.532106,Bookshelf,Furniture,East,Pune,10053.16,6,0.2,Cash on Delivery,Corporate,868.51
ORD101731,2024-09-09 15:07:57.455491,Air Fryer,Home & Kitchen,South,Bengaluru,27193.69,8,0.18,Net Banking,Corporate,1470.72
ORD101732,2024-09-09 18:38:14.378875,Office Chair,Furniture,South,Jaipur,30163.17,3,0.17,Cash on Delivery,Home Office,6965.24
ORD101733,2024-09-09 22:08:31.302260,Programming Book,Books,South,Bengaluru,30506.87,6,0.22,Debit Card,Home Office,6045.7
ORD101734,2024-09-10 01:38:48.225645,Business Book,Books,West,Chennai,19531.41,5,0.39,Cash on Delivery,Consumer,1147.61
ORD101735,2024-09-10 05:09:05.149029,Programming Book,Books,East,Ahmedabad,21177.24,5,0.33,Debit Card,Corporate,3678.24
ORD101736,2024-09-10 08:39:22.072414,Smartwatch,Electronics,West,Pune,41745.07,5,0.36,Credit Card,Corporate,2313.86
ORD101737,2024-09-10 12:09:38.995799,Coffee Maker,Home & Kitchen,North,Lucknow,23916.39,9,0.01,Credit Card,Consumer,4002.41
ORD101738,2024-09-10 15:39:55.919183,Exam Guide,Books,North,Jaipur,49391.11,7,0.06,UPI,Home Office,10745.37
ORD101739,2024-09-10 19:10:12.842568,Headphones,Electronics,South,Mumbai,22092.94,9,0.03,Net Banking,Home Office,3931.39
ORD101740,2024-09-10 22:40:29.765953,Air Fryer,Home & Kitchen,West,Pune,32549.13,9,0.11,Credit Card,Corporate,7609.94
ORD101741,2024-09-11 02:10:46.689337,Bookshelf,Furniture,North,Pune,2708.08,6,0.18,Net Banking,Corporate,453.49
ORD101742,2024-09-11 05:41:03.612722,Tablet,Electronics,North,Chennai,32736.33,6,0.26,UPI,Home Office,3827.24
ORD101743,2024-09-11 09:11:20.536107,Shoes,Clothing,West,Pune,42601.03,4,0.2,Net Banking,Consumer,9586.61
ORD101744,2024-09-11 12:41:37.459491,Smartwatch,Electronics,East,Ahmedabad,47134.4,8,0.36,Credit Card,Consumer,1782.02
ORD101745,2024-09-11 16:11:54.382876,Laptop,Electronics,West,Delhi,49866.57,2,0.38,Credit Card,Consumer,5320.85
ORD101746,2024-09-11 19:42:11.306261,Dinner Set,Home & Kitchen,West,Ahmedabad,14252.5,5,0.07,Cash on Delivery,Corporate,2852.38
ORD101747,2024-09-11 23:12:28.229645,Office Chair,Furniture,East,Mumbai,28853.43,1,0.34,Cash on Delivery,Consumer,4932.48
ORD101748,2024-09-12 02:42:45.153030,Dress,Clothing,South,Delhi,22645.76,2,0.19,Cash on Delivery,Corporate,3398.77
ORD101749,2024-09-12 06:13:02.076415,Programming Book,Books,South,Pune,28278.11,1,0.18,Net Banking,Corporate,6292.76
ORD101750,2024-09-12 09:43:18.999799,Novel,Books,South,Pune,8041.16,6,0.31,Credit Card,Home Office,868.71
ORD101751,2024-09-12 13:13:35.923184,Headphones,Electronics,East,Jaipur,42836.25,2,0.04,UPI,Home Office,5316.44
ORD101752,2024-09-12 16:43:52.846569,Air Fryer,Home & Kitchen,North,Pune,45496.53,4,0.35,Debit Card,Consumer,8678.21
ORD101753,2024-09-12 20:14:09.769953,Coffee Maker,Home & Kitchen,East,Hyderabad,22593.15,5,0.27,Credit Card,Consumer,3575.6
ORD101754,2024-09-12 23:44:26.693338,Novel,Books,West,Mumbai,14165.41,7,0.35,Cash on Delivery,Corporate,1440.47
ORD101755,2024-09-13 03:14:43.616723,Jacket,Clothing,East,Kolkata,7213.5,1,0.4,Cash on Delivery,Home Office,1166.63
ORD101756,2024-09-13 06:45:00.540108,Sofa,Furniture,North,Lucknow,34251.49,5,0.21,Net Banking,Home Office,5973.75
ORD101757,2024-09-13 10:15:17.463492,Jeans,Clothing,North,Jaipur,15749.15,4,0.04,Cash on Delivery,Corporate,3167.22
ORD101758,2024-09-13 13:45:34.386877,Bookshelf,Furniture,West,Bengaluru,45495.02,7,0.07,Net Banking,Consumer,9821.7
ORD101759,2024-09-13 17:15:51.310262,Programming Book,Books,South,Delhi,33616.42,7,0.13,UPI,Consumer,6860.4
ORD101760,2024-09-13 20:46:08.233646,Table,Furniture,North,Kolkata,32355.13,8,0.04,Cash on Delivery,Corporate,5381.18
ORD101761,2024-09-14 00:16:25.157031,Cookware Set,Home & Kitchen,North,Lucknow,28058.23,4,0.33,Net Banking,Home Office,2910.59
ORD101762,2024-09-14 03:46:42.080416,Smartwatch,Electronics,North,Pune,2479.66,4,0.12,Cash on Delivery,Corporate,605.14
ORD101763,2024-09-14 07:16:59.003800,Smartphone,Electronics,West,Ahmedabad,46609.74,5,0.39,Net Banking,Corporate,4956.03
ORD101764,2024-09-14 10:47:15.927185,Business Book,Books,North,Hyderabad,31471.29,5,0.28,Credit Card,Consumer,2355.56
ORD101765,2024-09-14 14:17:32.850570,Cookware Set,Home & Kitchen,South,Delhi,49704.29,3,0.07,Net Banking,Home Office,8339.02
ORD101766,2024-09-14 17:47:49.773954,Shoes,Clothing,West,Delhi,26960.35,5,0.19,Debit Card,Consumer,1279.82
ORD101767,2024-09-14 21:18:06.697339,Air Fryer,Home & Kitchen,South,Delhi,35563.52,5,0.19,UPI,Consumer,6649.38
ORD101768,2024-09-15 00:48:23.620724,Laptop,Electronics,North,Mumbai,2999.24,8,0.2,Credit Card,Home Office,196.14
ORD101769,2024-09-15 04:18:40.544108,Headphones,Electronics,North,Delhi,31660.46,7,0.21,UPI,Consumer,1949.19
ORD101770,2024-09-15 07:48:57.467493,Mixer,Home & Kitchen,South,Jaipur,38279.55,8,0.01,Credit Card,Corporate,10860.79
ORD101771,2024-09-15 11:19:14.390878,Air Fryer,Home & Kitchen,West,Lucknow,38970.01,5,0.27,Cash on Delivery,Corporate,6916.85
ORD101772,2024-09-15 14:49:31.314262,Headphones,Electronics,West,Ahmedabad,38551.56,2,0.19,Net Banking,Home Office,4795.09
ORD101773,2024-09-15 18:19:48.237647,Jeans,Clothing,South,Jaipur,11468.87,8,0.32,Cash on Delivery,Corporate,857.05
ORD101774,2024-09-15 21:50:05.161032,Exam Guide,Books,North,Jaipur,48774.84,9,0.33,UPI,Corporate,8525.09
ORD101775,2024-09-16 01:20:22.084416,Business Book,Books,East,Hyderabad,49760.07,2,0.09,UPI,Corporate,13228.86
ORD101776,2024-09-16 04:50:39.007801,Coffee Maker,Home & Kitchen,South,Ahmedabad,3964.67,1,0.02,Credit Card,Corporate,688.06
ORD101777,2024-09-16 08:20:55.931186,Business Book,Books,South,Hyderabad,46835.03,6,0.28,UPI,Consumer,6576.28
ORD101778,2024-09-16 11:51:12.854570,Laptop,Electronics,South,Delhi,14614.57,3,0.39,Net Banking,Corporate,987.44
ORD101779,2024-09-16 15:21:29.777955,Smartwatch,Electronics,North,Delhi,34526.35,1,0.18,UPI,Home Office,5586.24
ORD101780,2024-09-16 18:51:46.701340,Coffee Maker,Home & Kitchen,West,Jaipur,17037.92,6,0.1,Cash on Delivery,Consumer,2302.41
ORD101781,2024-09-16 22:22:03.624724,Cookware Set,Home & Kitchen,North,Jaipur,48394.17,8,0.06,Net Banking,Corporate,11890.98
ORD101782,2024-09-17 01:52:20.548109,Air Fryer,Home & Kitchen,South,Delhi,5254.89,9,0.11,UPI,Corporate,674.77
ORD101783,2024-09-17 05:22:37.471494,Shoes,Clothing,North,Chennai,24987.79,6,0.13,Debit Card,Home Office,4612.98
ORD101784,2024-09-17 08:52:54.394878,Exam Guide,Books,North,Lucknow,21516.78,6,0.17,Debit Card,Consumer,1801.37
ORD101785,2024-09-17 12:23:11.318263,Coffee Maker,Home & Kitchen,South,Mumbai,16435.97,1,0.26,Cash on Delivery,Corporate,883.84
ORD101786,2024-09-17 15:53:28.241648,Office Chair,Furniture,North,Kolkata,32347.59,5,0.11,Credit Card,Home Office,1729.92
ORD101787,2024-09-17 19:23:45.165033,Office Chair,Furniture,East,Pune,6726.58,3,0.02,Credit Card,Consumer,1014.59
ORD101788,2024-09-17 22:54:02.088417,Laptop,Electronics,North,Bengaluru,35889.79,7,0.15,UPI,Consumer,2772.48
ORD101789,2024-09-18 02:24:19.011802,Business Book,Books,North,Ahmedabad,49033.49,9,0.34,Net Banking,Corporate,9655.88
ORD101790,2024-09-18 05:54:35.935187,Cookware Set,Home & Kitchen,West,Hyderabad,40267.02,6,0.2,Credit Card,Home Office,8040.38
ORD101791,2024-09-18 09:24:52.858571,Table,Furniture,West,Ahmedabad,43028.83,5,0.39,Debit Card,Home Office,5862.22
ORD101792,2024-09-18 12:55:09.781956,Business Book,Books,South,Delhi,18109.91,7,0.2,Credit Card,Corporate,3634.0
ORD101793,2024-09-18 16:25:26.705341,Smartphone,Electronics,South,Kolkata,16379.35,9,0.11,Debit Card,Corporate,1686.44
ORD101794,2024-09-18 19:55:43.628725,Jeans,Clothing,West,Bengaluru,25949.01,5,0.08,Credit Card,Corporate,6441.34
ORD101795,2024-09-18 23:26:00.552110,Business Book,Books,East,Jaipur,2477.19,5,0.28,Cash on Delivery,Home Office,533.13
ORD101796,2024-09-19 02:56:17.475495,Business Book,Books,North,Jaipur,47278.84,4,0.21,Net Banking,Consumer,4574.05
ORD101797,2024-09-19 06:26:34.398879,Jeans,Clothing,East,Hyderabad,7360.5,5,0.24,UPI,Corporate,1656.73
ORD101798,2024-09-19 09:56:51.322264,Novel,Books,East,Lucknow,45170.05,7,0.3,Debit Card,Corporate,4113.61
ORD101799,2024-09-19 13:27:08.245649,Smartphone,Electronics,West,Pune,4362.39,3,0.29,Credit Card,Consumer,163.94
ORD101800,2024-09-19 16:57:25.169033,Smartwatch,Electronics,South,Lucknow,41166.72,4,0.02,UPI,Consumer,5720.83
ORD101801,2024-09-19 20:27:42.092418,Jeans,Clothing,North,Kolkata,7767.73,9,0.32,Debit Card,Home Office,1581.34
ORD101802,2024-09-19 23:57:59.015803,Mixer,Home & Kitchen,South,Lucknow,2098.95,2,0.21,Debit Card,Corporate,346.21
ORD101803,2024-09-20 03:28:15.939187,Sofa,Furniture,East,Hyderabad,36030.57,8,0.16,Cash on Delivery,Home Office,6775.52
ORD101804,2024-09-20 06:58:32.862572,Mixer,Home & Kitchen,East,Bengaluru,14157.21,9,0.22,Credit Card,Consumer,1210.13
ORD101805,2024-09-20 10:28:49.785957,Data Science Book,Books,South,Bengaluru,35781.91,5,0.24,UPI,Corporate,2351.76
ORD101806,2024-09-20 13:59:06.709341,Sofa,Furniture,South,Bengaluru,27843.25,7,0.06,Credit Card,Home Office,7102.67
ORD101807,2024-09-20 17:29:23.632726,Jacket,Clothing,West,Jaipur,5618.61,6,0.17,Credit Card,Home Office,715.13
ORD101808,2024-09-20 20:59:40.556111,Jeans,Clothing,South,Chennai,46620.08,1,0.13,Net Banking,Consumer,2069.62
ORD101809,2024-09-21 00:29:57.479495,Desk,Furniture,South,Kolkata,22725.25,8,0.14,Debit Card,Corporate,2414.85
ORD101810,2024-09-21 04:00:14.402880,Tablet,Electronics,West,Pune,36775.47,9,0.04,Debit Card,Home Office,3492.78
ORD101811,2024-09-21 07:30:31.326265,Desk,Furniture,South,Kolkata,25150.82,1,0.06,Net Banking,Home Office,4750.65
ORD101812,2024-09-21 11:00:48.249649,Data Science Book,Books,East,Kolkata,30297.2,8,0.06,Net Banking,Consumer,6807.45
ORD101813,2024-09-21 14:31:05.173034,Smartphone,Electronics,South,Lucknow,15278.12,3,0.15,Credit Card,Corporate,2264.5
ORD101814,2024-09-21 18:01:22.096419,Shoes,Clothing,North,Mumbai,10177.94,6,0.36,Debit Card,Consumer,628.43
ORD101815,2024-09-21 21:31:39.019803,Desk,Furniture,East,Kolkata,27220.0,8,0.08,UPI,Home Office,1615.01
ORD101816,2024-09-22 01:01:55.943188,Dinner Set,Home & Kitchen,West,Hyderabad,22122.9,5,0.17,Cash on Delivery,Corporate,2357.38
ORD101817,2024-09-22 04:32:12.866573,Cookware Set,Home & Kitchen,East,Mumbai,19627.64,8,0.12,Net Banking,Consumer,4343.83
ORD101818,2024-09-22 08:02:29.789957,Data Science Book,Books,West,Chennai,33693.85,7,0.31,UPI,Corporate,3600.73
ORD101819,2024-09-22 11:32:46.713342,Air Fryer,Home & Kitchen,North,Hyderabad,34587.23,7,0.02,UPI,Corporate,3832.32
ORD101820,2024-09-22 15:03:03.636727,Desk,Furniture,North,Kolkata,2486.82,7,0.08,Credit Card,Corporate,126.25
ORD101821,2024-09-22 18:33:20.560112,Bookshelf,Furniture,East,Ahmedabad,17069.48,9,0.08,Net Banking,Home Office,2732.73
ORD101822,2024-09-22 22:03:37.483496,Air Fryer,Home & Kitchen,South,Jaipur,20705.87,6,0.4,UPI,Corporate,2748.15
ORD101823,2024-09-23 01:33:54.406881,Table,Furniture,East,Lucknow,5025.23,6,0.23,Cash on Delivery,Consumer,377.59
ORD101824,2024-09-23 05:04:11.330266,Business Book,Books,East,Delhi,11947.86,9,0.06,UPI,Corporate,2069.84
ORD101825,2024-09-23 08:34:28.253650,Tablet,Electronics,North,Pune,2771.76,6,0.11,Cash on Delivery,Corporate,382.82
ORD101826,2024-09-23 12:04:45.177035,Programming Book,Books,West,Pune,49812.86,7,0.07,Cash on Delivery,Home Office,10469.06
ORD101827,2024-09-23 15:35:02.100420,Exam Guide,Books,East,Hyderabad,36880.55,7,0.05,Cash on Delivery,Consumer,9289.98
ORD101828,2024-09-23 19:05:19.023804,Desk,Furniture,South,Pune,4555.02,2,0.32,Net Banking,Corporate,392.64
ORD101829,2024-09-23 22:35:35.947189,Smartwatch,Electronics,North,Mumbai,1208.42,8,0.2,Cash on Delivery,Home Office,267.01
ORD101830,2024-09-24 02:05:52.870574,Desk,Furniture,East,Bengaluru,36020.53,6,0.25,Net Banking,Home Office,6125.42
ORD101831,2024-09-24 05:36:09.793958,T-Shirt,Clothing,East,Ahmedabad,22071.77,4,0.13,UPI,Corporate,1138.54
ORD101832,2024-09-24 09:06:26.717343,Sofa,Furniture,South,Delhi,39382.48,7,0.22,Cash on Delivery,Corporate,7612.33
ORD101833,2024-09-24 12:36:43.640728,Bookshelf,Furniture,East,Pune,46189.11,8,0.1,Debit Card,Corporate,7218.95
ORD101834,2024-09-24 16:07:00.564112,Table,Furniture,East,Pune,30045.16,1,0.12,UPI,Home Office,7571.42
ORD101835,2024-09-24 19:37:17.487497,Smartphone,Electronics,East,Hyderabad,9518.0,4,0.26,Debit Card,Corporate,922.03
ORD101836,2024-09-24 23:07:34.410882,Office Chair,Furniture,East,Kolkata,39153.26,4,0.06,Debit Card,Home Office,7279.97
ORD101837,2024-09-25 02:37:51.334266,Headphones,Electronics,South,Jaipur,47799.42,9,0.25,Credit Card,Consumer,10361.83
ORD101838,2024-09-25 06:08:08.257651,Dinner Set,Home & Kitchen,East,Lucknow,29095.52,6,0.34,Net Banking,Corporate,2261.93
ORD101839,2024-09-25 09:38:25.181036,Jacket,Clothing,East,Lucknow,34163.47,4,0.05,Credit Card,Consumer,5452.11
ORD101840,2024-09-25 13:08:42.104420,Tablet,Electronics,East,Lucknow,17006.24,1,0.36,Net Banking,Consumer,2591.74
ORD101841,2024-09-25 16:38:59.027805,Coffee Maker,Home & Kitchen,North,Lucknow,19200.08,8,0.03,Credit Card,Consumer,4148.97
ORD101842,2024-09-25 20:09:15.951190,Headphones,Electronics,South,Chennai,36785.79,9,0.14,UPI,Home Office,8215.05
ORD101843,2024-09-25 23:39:32.874574,Headphones,Electronics,North,Delhi,46403.0,5,0.24,Debit Card,Home Office,6346.14
ORD101844,2024-09-26 03:09:49.797959,Jacket,Clothing,North,Kolkata,31523.62,5,0.22,UPI,Home Office,3189.86
ORD101845,2024-09-26 06:40:06.721344,Business Book,Books,South,Jaipur,39534.43,8,0.04,Net Banking,Home Office,6974.68
ORD101846,2024-09-26 10:10:23.644728,Programming Book,Books,North,Jaipur,8747.42,8,0.32,Debit Card,Consumer,817.82
ORD101847,2024-09-26 13:40:40.568113,Tablet,Electronics,North,Hyderabad,10755.56,5,0.39,Debit Card,Home Office,617.43
ORD101848,2024-09-26 17:10:57.491498,Bookshelf,Furniture,North,Ahmedabad,26695.33,4,0.07,Net Banking,Consumer,4685.84
ORD101849,2024-09-26 20:41:14.414882,Coffee Maker,Home & Kitchen,South,Pune,8992.4,6,0.36,UPI,Consumer,357.37
ORD101850,2024-09-27 00:11:31.338267,Office Chair,Furniture,East,Pune,31822.75,5,0.22,Debit Card,Home Office,1468.05
ORD101851,2024-09-27 03:41:48.261652,Table,Furniture,West,Kolkata,14724.33,8,0.37,UPI,Consumer,613.57
ORD101852,2024-09-27 07:12:05.185037,Smartwatch,Electronics,West,Chennai,39618.32,9,0.07,UPI,Home Office,8037.85
ORD101853,2024-09-27 10:42:22.108421,Tablet,Electronics,South,Mumbai,40443.9,1,0.32,UPI,Consumer,4173.32
ORD101854,2024-09-27 14:12:39.031806,Headphones,Electronics,West,Bengaluru,23296.62,9,0.02,Debit Card,Corporate,3961.78
ORD101855,2024-09-27 17:42:55.955191,Laptop,Electronics,South,Kolkata,9204.37,9,0.35,Cash on Delivery,Home Office,812.77
ORD101856,2024-09-27 21:13:12.878575,Business Book,Books,South,Mumbai,32409.39,6,0.27,Credit Card,Consumer,2683.13
ORD101857,2024-09-28 00:43:29.801960,Laptop,Electronics,West,Bengaluru,49640.79,5,0.15,Net Banking,Home Office,5889.38
ORD101858,2024-09-28 04:13:46.725345,Data Science Book,Books,North,Jaipur,31205.03,7,0.08,UPI,Consumer,2823.34
ORD101859,2024-09-28 07:44:03.648729,Programming Book,Books,East,Chennai,1981.58,8,0.33,Debit Card,Home Office,291.67
ORD101860,2024-09-28 11:14:20.572114,Laptop,Electronics,West,Kolkata,1061.24,9,0.24,Net Banking,Corporate,60.84
ORD101861,2024-09-28 14:44:37.495499,Jeans,Clothing,West,Lucknow,16154.03,9,0.14,Cash on Delivery,Corporate,2489.88
ORD101862,2024-09-28 18:14:54.418883,Mixer,Home & Kitchen,West,Jaipur,9950.03,3,0.18,Cash on Delivery,Home Office,1380.56
ORD101863,2024-09-28 21:45:11.342268,Table,Furniture,West,Mumbai,40689.95,8,0.33,Debit Card,Home Office,3420.89
ORD101864,2024-09-29 01:15:28.265653,Business Book,Books,South,Kolkata,42271.32,1,0.14,UPI,Consumer,2747.31
ORD101865,2024-09-29 04:45:45.189037,Cookware Set,Home & Kitchen,South,Kolkata,13079.21,7,0.04,Cash on Delivery,Consumer,2835.65
ORD101866,2024-09-29 08:16:02.112422,Shoes,Clothing,East,Hyderabad,16417.11,5,0.36,Cash on Delivery,Home Office,2021.38
ORD101867,2024-09-29 11:46:19.035807,Sofa,Furniture,East,Delhi,11965.1,2,0.15,Cash on Delivery,Corporate,2566.68
ORD101868,2024-09-29 15:16:35.959191,Bookshelf,Furniture,West,Jaipur,45437.45,2,0.14,Debit Card,Corporate,4254.65
ORD101869,2024-09-29 18:46:52.882576,Data Science Book,Books,West,Kolkata,25231.94,8,0.08,Net Banking,Home Office,5754.39
ORD101870,2024-09-29 22:17:09.805961,Smartphone,Electronics,West,Pune,32875.62,5,0.36,Credit Card,Consumer,2587.68
ORD101871,2024-09-30 01:47:26.729345,Jacket,Clothing,East,Pune,20891.01,3,0.09,Debit Card,Home Office,1485.65
ORD101872,2024-09-30 05:17:43.652730,Data Science Book,Books,West,Delhi,31624.51,1,0.25,UPI,Home Office,1985.92
ORD101873,2024-09-30 08:48:00.576115,Jacket,Clothing,North,Kolkata,19415.6,7,0.35,Debit Card,Corporate,1328.45
ORD101874,2024-09-30 12:18:17.499499,Smartwatch,Electronics,East,Lucknow,17115.99,3,0.01,Debit Card,Corporate,3738.15
ORD101875,2024-09-30 15:48:34.422884,Smartphone,Electronics,North,Delhi,31797.11,7,0.33,Credit Card,Consumer,2364.55
ORD101876,2024-09-30 19:18:51.346269,Business Book,Books,West,Delhi,29634.89,2,0.16,Credit Card,Consumer,5002.75
ORD101877,2024-09-30 22:49:08.269653,Tablet,Electronics,South,Mumbai,14817.69,4,0.26,Credit Card,Home Office,1251.45
ORD101878,2024-10-01 02:19:25.193038,Coffee Maker,Home & Kitchen,North,Mumbai,7637.55,2,0.15,Net Banking,Home Office,917.35
ORD101879,2024-10-01 05:49:42.116423,Table,Furniture,East,Ahmedabad,18555.12,4,0.28,Debit Card,Home Office,3639.58
ORD101880,2024-10-01 09:19:59.039807,Programming Book,Books,North,Jaipur,20876.84,5,0.1,UPI,Home Office,3289.8
ORD101881,2024-10-01 12:50:15.963192,T-Shirt,Clothing,East,Bengaluru,31508.48,8,0.01,Credit Card,Corporate,6240.64
ORD101882,2024-10-01 16:20:32.886577,Dinner Set,Home & Kitchen,West,Delhi,45743.53,2,0.38,Credit Card,Consumer,2760.07
ORD101883,2024-10-01 19:50:49.809961,Exam Guide,Books,North,Mumbai,2002.0,3,0.01,Debit Card,Consumer,164.26
ORD101884,2024-10-01 23:21:06.733346,Smartwatch,Electronics,South,Chennai,12334.32,5,0.33,UPI,Consumer,1266.83
ORD101885,2024-10-02 02:51:23.656731,Tablet,Electronics,North,Ahmedabad,9847.05,9,0.07,Credit Card,Consumer,2416.24
ORD101886,2024-10-02 06:21:40.580116,Smartphone,Electronics,South,Kolkata,25214.26,5,0.16,Debit Card,Corporate,2334.69
ORD101887,2024-10-02 09:51:57.503500,Laptop,Electronics,East,Jaipur,21599.1,9,0.33,Cash on Delivery,Home Office,2972.76
ORD101888,2024-10-02 13:22:14.426885,T-Shirt,Clothing,West,Kolkata,36506.07,4,0.08,Net Banking,Consumer,9001.74
ORD101889,2024-10-02 16:52:31.350270,Dinner Set,Home & Kitchen,West,Ahmedabad,12272.31,5,0.35,Debit Card,Consumer,2262.3
ORD101890,2024-10-02 20:22:48.273654,Bookshelf,Furniture,South,Hyderabad,29806.02,9,0.2,Credit Card,Home Office,7116.43
ORD101891,2024-10-02 23:53:05.197039,Jacket,Clothing,East,Pune,44216.09,4,0.15,UPI,Corporate,9047.87
ORD101892,2024-10-03 03:23:22.120424,Dress,Clothing,West,Jaipur,45551.75,5,0.26,Cash on Delivery,Corporate,2317.53
ORD101893,2024-10-03 06:53:39.043808,Desk,Furniture,East,Pune,47947.47,5,0.14,UPI,Consumer,11045.39
ORD101894,2024-10-03 10:23:55.967193,Bookshelf,Furniture,South,Chennai,38708.41,4,0.14,UPI,Consumer,9035.0
ORD101895,2024-10-03 13:54:12.890578,Tablet,Electronics,South,Kolkata,45318.2,4,0.29,UPI,Consumer,6091.57
ORD101896,2024-10-03 17:24:29.813962,Jeans,Clothing,North,Hyderabad,11879.64,5,0.12,Debit Card,Corporate,698.94
ORD101897,2024-10-03 20:54:46.737347,Novel,Books,West,Chennai,10039.53,6,0.08,Debit Card,Consumer,1562.48
ORD101898,2024-10-04 00:25:03.660732,Sofa,Furniture,West,Bengaluru,523.11,7,0.32,Net Banking,Home Office,36.52
ORD101899,2024-10-04 03:55:20.584116,Desk,Furniture,North,Kolkata,35400.85,6,0.32,Cash on Delivery,Corporate,3864.29
ORD101900,2024-10-04 07:25:37.507501,Air Fryer,Home & Kitchen,South,Ahmedabad,46885.87,1,0.2,UPI,Corporate,8665.69
ORD101901,2024-10-04 10:55:54.430886,Data Science Book,Books,South,Hyderabad,9509.38,2,0.21,Credit Card,Home Office,1629.35
ORD101902,2024-10-04 14:26:11.354270,Exam Guide,Books,South,Jaipur,31919.79,7,0.28,UPI,Home Office,5630.6
ORD101903,2024-10-04 17:56:28.277655,Table,Furniture,South,Hyderabad,37373.7,3,0.2,Cash on Delivery,Corporate,5056.83
ORD101904,2024-10-04 21:26:45.201040,Smartphone,Electronics,East,Kolkata,46395.19,2,0.17,UPI,Consumer,6842.8
ORD101905,2024-10-05 00:57:02.124424,Mixer,Home & Kitchen,West,Mumbai,32413.64,6,0.4,Debit Card,Corporate,5521.77
ORD101906,2024-10-05 04:27:19.047809,Business Book,Books,West,Chennai,48520.63,4,0.06,Debit Card,Consumer,9477.45
ORD101907,2024-10-05 07:57:35.971194,Office Chair,Furniture,South,Hyderabad,17364.72,5,0.24,Cash on Delivery,Home Office,3126.22
ORD101908,2024-10-05 11:27:52.894578,Novel,Books,South,Pune,17626.44,6,0.35,Net Banking,Consumer,2476.23
ORD101909,2024-10-05 14:58:09.817963,Cookware Set,Home & Kitchen,South,Chennai,27242.02,3,0.27,UPI,Home Office,4178.61
ORD101910,2024-10-05 18:28:26.741348,Mixer,Home & Kitchen,West,Pune,19298.39,1,0.35,Cash on Delivery,Consumer,3492.06
ORD101911,2024-10-05 21:58:43.664732,Shoes,Clothing,West,Hyderabad,271.0,3,0.13,Credit Card,Consumer,32.8
ORD101912,2024-10-06 01:29:00.588117,Office Chair,Furniture,South,Mumbai,36642.25,3,0.11,Credit Card,Home Office,5117.5
ORD101913,2024-10-06 04:59:17.511502,Dinner Set,Home & Kitchen,East,Chennai,37635.51,6,0.34,Net Banking,Consumer,3600.17
ORD101914,2024-10-06 08:29:34.434886,Jacket,Clothing,North,Ahmedabad,37399.34,4,0.16,Debit Card,Corporate,7580.52
ORD101915,2024-10-06 11:59:51.358271,Dress,Clothing,North,Chennai,17382.03,7,0.28,Cash on Delivery,Consumer,3342.83
ORD101916,2024-10-06 15:30:08.281656,Data Science Book,Books,North,Jaipur,26210.02,2,0.06,UPI,Corporate,3433.86
ORD101917,2024-10-06 19:00:25.205041,Novel,Books,West,Hyderabad,18126.68,4,0.3,Cash on Delivery,Home Office,1085.98
ORD101918,2024-10-06 22:30:42.128425,Shoes,Clothing,West,Bengaluru,998.61,8,0.22,Net Banking,Consumer,135.16
ORD101919,2024-10-07 02:00:59.051810,Programming Book,Books,North,Kolkata,28209.96,6,0.11,Cash on Delivery,Consumer,7433.69
ORD101920,2024-10-07 05:31:15.975195,Coffee Maker,Home & Kitchen,North,Delhi,6363.28,3,0.2,Net Banking,Corporate,513.75
ORD101921,2024-10-07 09:01:32.898579,Laptop,Electronics,East,Lucknow,4186.06,2,0.28,Net Banking,Corporate,491.28
ORD101922,2024-10-07 12:31:49.821964,Dinner Set,Home & Kitchen,West,Bengaluru,37823.85,3,0.0,Net Banking,Home Office,4457.42
ORD101923,2024-10-07 16:02:06.745349,Dress,Clothing,West,Pune,673.41,1,0.25,Cash on Delivery,Corporate,141.75
ORD101924,2024-10-07 19:32:23.668733,T-Shirt,Clothing,North,Ahmedabad,47958.62,1,0.22,Credit Card,Corporate,7022.53
ORD101925,2024-10-07 23:02:40.592118,Coffee Maker,Home & Kitchen,East,Ahmedabad,25859.72,2,0.09,UPI,Corporate,4581.42
ORD101926,2024-10-08 02:32:57.515503,Programming Book,Books,East,Lucknow,49154.22,3,0.3,Net Banking,Consumer,1791.46
ORD101927,2024-10-08 06:03:14.438887,Novel,Books,North,Mumbai,3088.28,9,0.12,Debit Card,Consumer,579.4
ORD101928,2024-10-08 09:33:31.362272,Dress,Clothing,North,Jaipur,29259.77,8,0.11,Net Banking,Consumer,3296.51
ORD101929,2024-10-08 13:03:48.285657,Desk,Furniture,West,Kolkata,17596.49,9,0.19,Cash on Delivery,Consumer,2542.11
ORD101930,2024-10-08 16:34:05.209041,Exam Guide,Books,North,Bengaluru,42205.43,7,0.27,Net Banking,Consumer,5631.04
ORD101931,2024-10-08 20:04:22.132426,Dinner Set,Home & Kitchen,South,Delhi,18188.89,7,0.37,Debit Card,Corporate,2269.53
ORD101932,2024-10-08 23:34:39.055811,Data Science Book,Books,East,Chennai,13172.28,5,0.06,Credit Card,Corporate,3168.35
ORD101933,2024-10-09 03:04:55.979195,Cookware Set,Home & Kitchen,North,Lucknow,42906.15,7,0.16,Cash on Delivery,Consumer,4495.55
ORD101934,2024-10-09 06:35:12.902580,Jeans,Clothing,South,Mumbai,18857.72,4,0.03,Cash on Delivery,Consumer,2086.02
ORD101935,2024-10-09 10:05:29.825965,Data Science Book,Books,East,Ahmedabad,1038.3,5,0.3,Cash on Delivery,Home Office,180.94
ORD101936,2024-10-09 13:35:46.749349,Coffee Maker,Home & Kitchen,South,Delhi,19636.4,1,0.18,Debit Card,Home Office,3698.27
ORD101937,2024-10-09 17:06:03.672734,Jeans,Clothing,South,Ahmedabad,32795.21,4,0.28,Cash on Delivery,Corporate,2512.46
ORD101938,2024-10-09 20:36:20.596119,Office Chair,Furniture,North,Hyderabad,12867.11,3,0.13,Credit Card,Home Office,562.06
ORD101939,2024-10-10 00:06:37.519503,Air Fryer,Home & Kitchen,East,Lucknow,21712.98,2,0.34,UPI,Corporate,3102.34
ORD101940,2024-10-10 03:36:54.442888,Desk,Furniture,South,Mumbai,3024.41,2,0.21,UPI,Home Office,213.35
ORD101941,2024-10-10 07:07:11.366273,Sofa,Furniture,West,Chennai,29487.02,8,0.38,Net Banking,Consumer,5288.04
ORD101942,2024-10-10 10:37:28.289657,Smartphone,Electronics,East,Pune,37863.49,1,0.03,UPI,Consumer,7385.98
ORD101943,2024-10-10 14:07:45.213042,Exam Guide,Books,West,Mumbai,20782.97,8,0.21,Debit Card,Corporate,4308.44
ORD101944,2024-10-10 17:38:02.136427,Mixer,Home & Kitchen,North,Kolkata,21127.59,9,0.31,UPI,Corporate,3665.0
ORD101945,2024-10-10 21:08:19.059811,Bookshelf,Furniture,West,Chennai,4596.47,6,0.24,Debit Card,Corporate,661.81
ORD101946,2024-10-11 00:38:35.983196,Tablet,Electronics,East,Bengaluru,10256.66,1,0.01,Debit Card,Corporate,1620.47
ORD101947,2024-10-11 04:08:52.906581,Shoes,Clothing,South,Mumbai,7902.83,7,0.39,Net Banking,Home Office,839.77
ORD101948,2024-10-11 07:39:09.829965,Dinner Set,Home & Kitchen,South,Chennai,24188.05,5,0.12,UPI,Consumer,5337.28
ORD101949,2024-10-11 11:09:26.753350,Table,Furniture,East,Bengaluru,26556.93,9,0.1,Net Banking,Home Office,5021.95
ORD101950,2024-10-11 14:39:43.676735,Business Book,Books,South,Mumbai,47457.22,7,0.19,Cash on Delivery,Consumer,3898.98
ORD101951,2024-10-11 18:10:00.600120,Tablet,Electronics,West,Delhi,3846.93,5,0.22,Credit Card,Consumer,607.14
ORD101952,2024-10-11 21:40:17.523504,Bookshelf,Furniture,South,Pune,30073.43,2,0.31,UPI,Home Office,3136.81
ORD101953,2024-10-12 01:10:34.446889,Novel,Books,South,Delhi,26419.63,4,0.16,Cash on Delivery,Corporate,1449.71
ORD101954,2024-10-12 04:40:51.370274,Table,Furniture,West,Kolkata,25908.41,2,0.18,Cash on Delivery,Home Office,3087.25
ORD101955,2024-10-12 08:11:08.293658,Air Fryer,Home & Kitchen,West,Chennai,43683.33,9,0.21,Net Banking,Home Office,3689.11
ORD101956,2024-10-12 11:41:25.217043,Cookware Set,Home & Kitchen,West,Bengaluru,10435.82,2,0.16,Net Banking,Home Office,2276.08
ORD101957,2024-10-12 15:11:42.140428,Cookware Set,Home & Kitchen,North,Hyderabad,2230.51,2,0.37,Credit Card,Consumer,107.15
ORD101958,2024-10-12 18:41:59.063812,Tablet,Electronics,West,Mumbai,33679.12,2,0.34,Credit Card,Corporate,3115.42
ORD101959,2024-10-12 22:12:15.987197,Air Fryer,Home & Kitchen,West,Hyderabad,17388.84,1,0.18,Credit Card,Consumer,3192.17
ORD101960,2024-10-13 01:42:32.910582,Exam Guide,Books,North,Mumbai,1075.98,9,0.0,Credit Card,Home Office,295.19
ORD101961,2024-10-13 05:12:49.833966,Sofa,Furniture,South,Kolkata,12718.43,8,0.36,Net Banking,Home Office,1089.34
ORD101962,2024-10-13 08:43:06.757351,Jeans,Clothing,West,Hyderabad,15604.47,2,0.05,Debit Card,Consumer,2988.71
ORD101963,2024-10-13 12:13:23.680736,Exam Guide,Books,East,Bengaluru,30918.55,2,0.1,Net Banking,Consumer,3990.69
ORD101964,2024-10-13 15:43:40.604120,Novel,Books,West,Jaipur,8794.77,5,0.06,Debit Card,Corporate,832.66
ORD101965,2024-10-13 19:13:57.527505,Air Fryer,Home & Kitchen,West,Delhi,20770.11,4,0.07,Net Banking,Home Office,2538.72
ORD101966,2024-10-13 22:44:14.450890,Laptop,Electronics,North,Bengaluru,24227.28,2,0.32,Net Banking,Consumer,3442.78
ORD101967,2024-10-14 02:14:31.374274,Table,Furniture,East,Ahmedabad,23070.02,8,0.23,Credit Card,Consumer,4069.44
ORD101968,2024-10-14 05:44:48.297659,Tablet,Electronics,South,Lucknow,48702.25,8,0.38,Debit Card,Consumer,4307.42
ORD101969,2024-10-14 09:15:05.221044,Desk,Furniture,South,Kolkata,2466.11,4,0.09,Cash on Delivery,Consumer,197.78
ORD101970,2024-10-14 12:45:22.144428,Bookshelf,Furniture,East,Pune,47558.22,4,0.19,Cash on Delivery,Home Office,3270.12
ORD101971,2024-10-14 16:15:39.067813,Smartwatch,Electronics,West,Mumbai,29180.47,9,0.39,Cash on Delivery,Corporate,4506.15
ORD101972,2024-10-14 19:45:55.991198,Data Science Book,Books,North,Bengaluru,39827.24,4,0.33,Credit Card,Consumer,5692.24
ORD101973,2024-10-14 23:16:12.914582,Table,Furniture,East,Hyderabad,21633.55,9,0.29,Cash on Delivery,Consumer,3563.6
ORD101974,2024-10-15 02:46:29.837967,Smartwatch,Electronics,East,Lucknow,22801.13,3,0.08,Net Banking,Corporate,3609.38
ORD101975,2024-10-15 06:16:46.761352,Bookshelf,Furniture,South,Jaipur,43990.46,2,0.31,Credit Card,Home Office,4987.98
ORD101976,2024-10-15 09:47:03.684736,T-Shirt,Clothing,North,Ahmedabad,44817.54,8,0.14,Cash on Delivery,Consumer,3961.75
ORD101977,2024-10-15 13:17:20.608121,Novel,Books,East,Hyderabad,12086.71,3,0.21,Credit Card,Corporate,879.27
ORD101978,2024-10-15 16:47:37.531506,Air Fryer,Home & Kitchen,North,Delhi,10122.25,2,0.24,Net Banking,Corporate,680.66
ORD101979,2024-10-15 20:17:54.454890,Bookshelf,Furniture,West,Jaipur,24912.51,8,0.24,Credit Card,Home Office,5641.18
ORD101980,2024-10-15 23:48:11.378275,T-Shirt,Clothing,South,Lucknow,45033.8,8,0.29,Cash on Delivery,Corporate,8160.5
ORD101981,2024-10-16 03:18:28.301660,Dinner Set,Home & Kitchen,West,Chennai,16253.28,5,0.26,Credit Card,Home Office,2484.05
ORD101982,2024-10-16 06:48:45.225045,Cookware Set,Home & Kitchen,North,Chennai,32670.33,9,0.03,UPI,Corporate,3283.14
ORD101983,2024-10-16 10:19:02.148429,Bookshelf,Furniture,West,Lucknow,35465.95,6,0.18,Cash on Delivery,Consumer,3909.06
ORD101984,2024-10-16 13:49:19.071814,Smartwatch,Electronics,South,Chennai,38978.0,5,0.27,Net Banking,Home Office,3918.01
ORD101985,2024-10-16 17:19:35.995199,Bookshelf,Furniture,North,Kolkata,28283.44,3,0.12,Debit Card,Corporate,4216.73
ORD101986,2024-10-16 20:49:52.918583,Jeans,Clothing,East,Bengaluru,20242.27,7,0.13,Credit Card,Consumer,2738.46
ORD101987,2024-10-17 00:20:09.841968,Air Fryer,Home & Kitchen,West,Mumbai,48357.4,9,0.05,Credit Card,Corporate,13025.62
ORD101988,2024-10-17 03:50:26.765353,Office Chair,Furniture,South,Bengaluru,30644.27,4,0.17,Cash on Delivery,Consumer,5855.14
ORD101989,2024-10-17 07:20:43.688737,Headphones,Electronics,East,Ahmedabad,36482.55,7,0.39,Cash on Delivery,Home Office,1565.62
ORD101990,2024-10-17 10:51:00.612122,Bookshelf,Furniture,South,Bengaluru,17380.15,3,0.11,UPI,Consumer,2165.4
ORD101991,2024-10-17 14:21:17.535507,Business Book,Books,North,Bengaluru,33563.47,2,0.21,Net Banking,Corporate,2207.14
ORD101992,2024-10-17 17:51:34.458891,Laptop,Electronics,North,Delhi,13038.32,1,0.3,Credit Card,Consumer,1093.75
ORD101993,2024-10-17 21:21:51.382276,T-Shirt,Clothing,West,Mumbai,12405.83,6,0.01,Credit Card,Consumer,3558.31
ORD101994,2024-10-18 00:52:08.305661,Air Fryer,Home & Kitchen,South,Bengaluru,35793.17,5,0.36,Debit Card,Home Office,5184.36
ORD101995,2024-10-18 04:22:25.229045,Sofa,Furniture,South,Mumbai,26165.46,2,0.15,Credit Card,Consumer,1155.69
ORD101996,2024-10-18 07:52:42.152430,Headphones,Electronics,South,Pune,34227.18,3,0.35,Credit Card,Consumer,2941.48
ORD101997,2024-10-18 11:22:59.075815,Data Science Book,Books,North,Chennai,13618.04,9,0.02,UPI,Corporate,2130.98
ORD101998,2024-10-18 14:53:15.999199,Smartphone,Electronics,West,Hyderabad,30016.42,3,0.06,Debit Card,Corporate,5660.73
ORD101999,2024-10-18 18:23:32.922584,Novel,Books,South,Delhi,22307.9,7,0.13,Credit Card,Home Office,3395.05
ORD102000,2024-10-18 21:53:49.845969,Shoes,Clothing,South,Chennai,29928.62,1,0.14,Credit Card,Home Office,1735.89
ORD102001,2024-10-19 01:24:06.769353,Dinner Set,Home & Kitchen,East,Mumbai,14685.81,7,0.34,Net Banking,Home Office,1733.89
ORD102002,2024-10-19 04:54:23.692738,Jeans,Clothing,South,Chennai,35829.46,9,0.0,Credit Card,Corporate,2958.25
ORD102003,2024-10-19 08:24:40.616123,Table,Furniture,West,Bengaluru,40335.28,8,0.26,UPI,Consumer,5366.69
ORD102004,2024-10-19 11:54:57.539507,Laptop,Electronics,East,Hyderabad,13143.84,7,0.05,Credit Card,Home Office,1392.48
ORD102005,2024-10-19 15:25:14.462892,Novel,Books,East,Bengaluru,15170.9,8,0.33,Credit Card,Corporate,874.64
ORD102006,2024-10-19 18:55:31.386277,Novel,Books,East,Ahmedabad,33125.48,4,0.31,Cash on Delivery,Corporate,2788.06
ORD102007,2024-10-19 22:25:48.309661,Smartwatch,Electronics,North,Bengaluru,34840.14,2,0.2,Credit Card,Home Office,2087.78
ORD102008,2024-10-20 01:56:05.233046,Tablet,Electronics,East,Hyderabad,35264.16,9,0.09,Debit Card,Corporate,3882.81
ORD102009,2024-10-20 05:26:22.156431,Desk,Furniture,South,Jaipur,34198.39,3,0.25,Cash on Delivery,Consumer,6841.38
ORD102010,2024-10-20 08:56:39.079815,Jeans,Clothing,North,Pune,19761.82,4,0.06,Debit Card,Corporate,2355.31
ORD102011,2024-10-20 12:26:56.003200,Business Book,Books,North,Mumbai,19863.71,7,0.08,Debit Card,Corporate,3062.01
ORD102012,2024-10-20 15:57:12.926585,Sofa,Furniture,North,Pune,12889.92,2,0.25,UPI,Consumer,1739.68
ORD102013,2024-10-20 19:27:29.849969,Dress,Clothing,North,Ahmedabad,8010.32,8,0.4,Credit Card,Home Office,454.53
ORD102014,2024-10-20 22:57:46.773354,Office Chair,Furniture,North,Pune,34690.35,8,0.36,Debit Card,Corporate,3562.2
ORD102015,2024-10-21 02:28:03.696739,Programming Book,Books,North,Chennai,4840.8,5,0.24,Credit Card,Consumer,968.48
ORD102016,2024-10-21 05:58:20.620124,Headphones,Electronics,North,Lucknow,46902.06,9,0.22,Credit Card,Home Office,2565.67
ORD102017,2024-10-21 09:28:37.543508,Smartphone,Electronics,East,Delhi,41368.98,8,0.4,UPI,Consumer,6967.49
ORD102018,2024-10-21 12:58:54.466893,Dress,Clothing,West,Hyderabad,42903.79,1,0.22,UPI,Corporate,8961.19
ORD102019,2024-10-21 16:29:11.390278,Cookware Set,Home & Kitchen,South,Delhi,45352.11,9,0.17,Debit Card,Consumer,9935.95
ORD102020,2024-10-21 19:59:28.313662,Dress,Clothing,South,Hyderabad,20548.53,5,0.36,Debit Card,Home Office,1310.31
ORD102021,2024-10-21 23:29:45.237047,Dinner Set,Home & Kitchen,East,Mumbai,42365.7,9,0.09,Cash on Delivery,Home Office,6595.55
ORD102022,2024-10-22 03:00:02.160432,Table,Furniture,East,Pune,8071.45,9,0.04,Credit Card,Home Office,1581.01
ORD102023,2024-10-22 06:30:19.083816,Desk,Furniture,North,Mumbai,1277.76,3,0.25,Credit Card,Consumer,71.86
ORD102024,2024-10-22 10:00:36.007201,Business Book,Books,West,Bengaluru,39287.59,8,0.04,UPI,Consumer,7136.31
ORD102025,2024-10-22 13:30:52.930586,Cookware Set,Home & Kitchen,North,Bengaluru,3924.87,7,0.15,UPI,Home Office,867.43
ORD102026,2024-10-22 17:01:09.853970,Exam Guide,Books,East,Delhi,49428.53,7,0.17,Debit Card,Home Office,11656.97
ORD102027,2024-10-22 20:31:26.777355,Headphones,Electronics,North,Kolkata,33804.86,2,0.22,Cash on Delivery,Home Office,3153.12
ORD102028,2024-10-23 00:01:43.700740,Mixer,Home & Kitchen,South,Kolkata,37721.8,2,0.4,Cash on Delivery,Corporate,2765.42
ORD102029,2024-10-23 03:32:00.624124,Dress,Clothing,South,Lucknow,12441.03,2,0.09,UPI,Corporate,1332.33
ORD102030,2024-10-23 07:02:17.547509,Headphones,Electronics,North,Kolkata,33758.5,2,0.15,UPI,Corporate,2535.54
ORD102031,2024-10-23 10:32:34.470894,Smartwatch,Electronics,West,Ahmedabad,2352.35,4,0.05,Cash on Delivery,Home Office,352.37
ORD102032,2024-10-23 14:02:51.394278,Dress,Clothing,North,Chennai,41923.72,7,0.24,Cash on Delivery,Corporate,7841.79
ORD102033,2024-10-23 17:33:08.317663,Headphones,Electronics,North,Chennai,8647.28,2,0.29,Debit Card,Home Office,1399.96
ORD102034,2024-10-23 21:03:25.241048,Dinner Set,Home & Kitchen,West,Bengaluru,34928.43,5,0.19,Cash on Delivery,Consumer,7782.57
ORD102035,2024-10-24 00:33:42.164432,Novel,Books,West,Kolkata,11379.13,7,0.1,Credit Card,Home Office,1422.87
ORD102036,2024-10-24 04:03:59.087817,Headphones,Electronics,West,Lucknow,3608.97,9,0.25,Cash on Delivery,Home Office,522.55
ORD102037,2024-10-24 07:34:16.011202,Cookware Set,Home & Kitchen,South,Hyderabad,24178.39,8,0.22,Net Banking,Corporate,4557.01
ORD102038,2024-10-24 11:04:32.934586,Desk,Furniture,North,Bengaluru,8630.45,9,0.07,Cash on Delivery,Consumer,2203.57
ORD102039,2024-10-24 14:34:49.857971,Air Fryer,Home & Kitchen,East,Mumbai,36526.31,7,0.16,UPI,Consumer,8220.92
ORD102040,2024-10-24 18:05:06.781356,Programming Book,Books,West,Kolkata,12030.78,3,0.17,UPI,Consumer,1661.39
ORD102041,2024-10-24 21:35:23.704740,Air Fryer,Home & Kitchen,West,Bengaluru,17255.13,1,0.39,Net Banking,Corporate,2912.59
ORD102042,2024-10-25 01:05:40.628125,T-Shirt,Clothing,North,Kolkata,28458.47,7,0.34,Credit Card,Corporate,3024.26
ORD102043,2024-10-25 04:35:57.551510,Exam Guide,Books,East,Ahmedabad,14391.42,6,0.29,Cash on Delivery,Corporate,2817.16
ORD102044,2024-10-25 08:06:14.474894,Table,Furniture,North,Lucknow,19023.81,2,0.36,Cash on Delivery,Corporate,2973.71
ORD102045,2024-10-25 11:36:31.398279,Jacket,Clothing,North,Delhi,40817.96,1,0.29,Net Banking,Corporate,3054.92
ORD102046,2024-10-25 15:06:48.321664,Dinner Set,Home & Kitchen,West,Jaipur,9124.65,4,0.36,Debit Card,Home Office,1649.25
ORD102047,2024-10-25 18:37:05.245049,Business Book,Books,West,Lucknow,4293.64,4,0.02,Debit Card,Consumer,465.45
ORD102048,2024-10-25 22:07:22.168433,Desk,Furniture,South,Kolkata,16552.22,6,0.18,Credit Card,Corporate,3761.1
ORD102049,2024-10-26 01:37:39.091818,Jeans,Clothing,East,Mumbai,21333.96,5,0.3,Cash on Delivery,Consumer,3043.16
ORD102050,2024-10-26 05:07:56.015203,Office Chair,Furniture,East,Mumbai,27224.43,9,0.23,Cash on Delivery,Corporate,4545.66
ORD102051,2024-10-26 08:38:12.938587,Dinner Set,Home & Kitchen,West,Delhi,18746.7,8,0.07,Cash on Delivery,Home Office,1348.26
ORD102052,2024-10-26 12:08:29.861972,Office Chair,Furniture,West,Pune,39537.6,9,0.14,UPI,Consumer,2258.95
ORD102053,2024-10-26 15:38:46.785357,Smartphone,Electronics,West,Mumbai,2158.11,7,0.13,Debit Card,Corporate,548.41
ORD102054,2024-10-26 19:09:03.708741,Jeans,Clothing,East,Bengaluru,21702.02,9,0.1,Net Banking,Home Office,2621.79
ORD102055,2024-10-26 22:39:20.632126,Table,Furniture,South,Mumbai,19236.34,3,0.14,UPI,Home Office,4319.32
ORD102056,2024-10-27 02:09:37.555511,Coffee Maker,Home & Kitchen,East,Jaipur,32449.41,9,0.21,UPI,Consumer,5796.56
ORD102057,2024-10-27 05:39:54.478895,Coffee Maker,Home & Kitchen,West,Delhi,48320.56,2,0.34,Debit Card,Corporate,6411.31
ORD102058,2024-10-27 09:10:11.402280,Table,Furniture,West,Bengaluru,25616.7,9,0.3,Cash on Delivery,Home Office,3968.33
ORD102059,2024-10-27 12:40:28.325665,Dinner Set,Home & Kitchen,South,Kolkata,49346.47,6,0.33,Credit Card,Home Office,2391.94
ORD102060,2024-10-27 16:10:45.249049,Programming Book,Books,North,Lucknow,15252.02,4,0.35,Net Banking,Home Office,1517.79
ORD102061,2024-10-27 19:41:02.172434,Exam Guide,Books,North,Delhi,1737.23,2,0.17,Debit Card,Consumer,290.93
ORD102062,2024-10-27 23:11:19.095819,Business Book,Books,East,Jaipur,8450.03,3,0.14,Credit Card,Consumer,1939.5
ORD102063,2024-10-28 02:41:36.019203,Tablet,Electronics,North,Chennai,19877.22,5,0.02,Debit Card,Corporate,4454.45
ORD102064,2024-10-28 06:11:52.942588,Office Chair,Furniture,North,Jaipur,15953.43,9,0.37,Debit Card,Corporate,1137.75
ORD102065,2024-10-28 09:42:09.865973,Laptop,Electronics,East,Hyderabad,5033.3,7,0.03,Debit Card,Consumer,1446.29
ORD102066,2024-10-28 13:12:26.789357,Mixer,Home & Kitchen,West,Hyderabad,21746.47,3,0.3,Debit Card,Consumer,3208.29
ORD102067,2024-10-28 16:42:43.712742,Laptop,Electronics,North,Chennai,17038.17,4,0.15,Cash on Delivery,Consumer,2539.19
ORD102068,2024-10-28 20:13:00.636127,Air Fryer,Home & Kitchen,West,Ahmedabad,6306.44,2,0.38,UPI,Home Office,959.3
ORD102069,2024-10-28 23:43:17.559511,Dinner Set,Home & Kitchen,East,Mumbai,14946.63,8,0.17,Debit Card,Consumer,2489.52
ORD102070,2024-10-29 03:13:34.482896,Jeans,Clothing,West,Lucknow,44344.52,6,0.33,Credit Card,Corporate,6759.13
ORD102071,2024-10-29 06:43:51.406281,Exam Guide,Books,West,Pune,15242.03,3,0.11,Credit Card,Home Office,2771.19
ORD102072,2024-10-29 10:14:08.329665,Air Fryer,Home & Kitchen,East,Pune,35754.98,5,0.12,Credit Card,Consumer,2979.98
ORD102073,2024-10-29 13:44:25.253050,T-Shirt,Clothing,West,Lucknow,30679.94,5,0.24,UPI,Corporate,4333.16
ORD102074,2024-10-29 17:14:42.176435,Data Science Book,Books,North,Jaipur,21473.62,1,0.4,UPI,Consumer,1556.09
ORD102075,2024-10-29 20:44:59.099819,Coffee Maker,Home & Kitchen,North,Chennai,12103.48,5,0.21,Credit Card,Corporate,1841.33
ORD102076,2024-10-30 00:15:16.023204,Coffee Maker,Home & Kitchen,North,Chennai,18576.93,6,0.37,Cash on Delivery,Home Office,952.38
ORD102077,2024-10-30 03:45:32.946589,Tablet,Electronics,North,Kolkata,29686.94,2,0.31,UPI,Home Office,2212.1
ORD102078,2024-10-30 07:15:49.869973,Tablet,Electronics,West,Delhi,17667.51,3,0.32,UPI,Corporate,3029.67
ORD102079,2024-10-30 10:46:06.793358,Novel,Books,North,Bengaluru,10901.84,5,0.17,Cash on Delivery,Corporate,1369.2
ORD102080,2024-10-30 14:16:23.716743,Cookware Set,Home & Kitchen,West,Hyderabad,5999.84,3,0.15,Debit Card,Home Office,1114.05
ORD102081,2024-10-30 17:46:40.640128,Sofa,Furniture,South,Pune,44012.39,5,0.08,UPI,Home Office,7064.22
ORD102082,2024-10-30 21:16:57.563512,Laptop,Electronics,West,Mumbai,22127.59,5,0.39,Credit Card,Corporate,1824.56
ORD102083,2024-10-31 00:47:14.486897,Data Science Book,Books,North,Bengaluru,31335.37,8,0.38,Credit Card,Corporate,3376.45
ORD102084,2024-10-31 04:17:31.410282,Cookware Set,Home & Kitchen,South,Jaipur,24622.44,9,0.3,Cash on Delivery,Consumer,4367.96
ORD102085,2024-10-31 07:47:48.333666,Cookware Set,Home & Kitchen,East,Kolkata,43653.81,8,0.12,Credit Card,Consumer,4625.21
ORD102086,2024-10-31 11:18:05.257051,Office Chair,Furniture,West,Bengaluru,27437.36,3,0.1,Net Banking,Home Office,3836.42
ORD102087,2024-10-31 14:48:22.180436,Programming Book,Books,North,Kolkata,24142.91,1,0.4,Credit Card,Home Office,1457.93
ORD102088,2024-10-31 18:18:39.103820,Dinner Set,Home & Kitchen,North,Pune,46245.13,3,0.03,Cash on Delivery,Consumer,6181.28
ORD102089,2024-10-31 21:48:56.027205,Headphones,Electronics,North,Pune,36040.54,1,0.34,Cash on Delivery,Consumer,6452.81
ORD102090,2024-11-01 01:19:12.950590,Office Chair,Furniture,East,Mumbai,5755.19,9,0.14,Cash on Delivery,Home Office,1219.7
ORD102091,2024-11-01 04:49:29.873974,Novel,Books,South,Chennai,9049.68,3,0.17,Net Banking,Home Office,1077.14
ORD102092,2024-11-01 08:19:46.797359,Desk,Furniture,South,Jaipur,39398.72,8,0.33,UPI,Corporate,2193.57
ORD102093,2024-11-01 11:50:03.720744,Smartwatch,Electronics,North,Ahmedabad,41825.4,6,0.04,Debit Card,Corporate,6223.32
ORD102094,2024-11-01 15:20:20.644128,Programming Book,Books,West,Lucknow,27350.5,3,0.14,Credit Card,Home Office,5714.08
ORD102095,2024-11-01 18:50:37.567513,Table,Furniture,North,Mumbai,27811.87,9,0.38,UPI,Consumer,1050.99
ORD102096,2024-11-01 22:20:54.490898,Jacket,Clothing,North,Pune,31670.26,8,0.28,Cash on Delivery,Corporate,5389.05
ORD102097,2024-11-02 01:51:11.414282,Tablet,Electronics,West,Delhi,22067.97,3,0.3,UPI,Home Office,3398.12
ORD102098,2024-11-02 05:21:28.337667,Smartphone,Electronics,North,Chennai,34073.92,7,0.3,UPI,Consumer,1578.08
ORD102099,2024-11-02 08:51:45.261052,Tablet,Electronics,East,Lucknow,5602.37,5,0.02,Net Banking,Consumer,1146.98
ORD102100,2024-11-02 12:22:02.184436,Jeans,Clothing,North,Delhi,48071.71,2,0.08,Cash on Delivery,Home Office,5513.39
ORD102101,2024-11-02 15:52:19.107821,Jeans,Clothing,East,Mumbai,37557.71,8,0.2,Cash on Delivery,Corporate,2833.99
ORD102102,2024-11-02 19:22:36.031206,Cookware Set,Home & Kitchen,North,Bengaluru,31632.48,1,0.15,Credit Card,Corporate,3931.52
ORD102103,2024-11-02 22:52:52.954590,Desk,Furniture,South,Ahmedabad,15952.84,4,0.16,Credit Card,Home Office,1358.09
ORD102104,2024-11-03 02:23:09.877975,Cookware Set,Home & Kitchen,West,Kolkata,8215.58,4,0.31,Credit Card,Consumer,1451.99
ORD102105,2024-11-03 05:53:26.801360,Sofa,Furniture,South,Lucknow,20585.28,5,0.01,Credit Card,Corporate,4799.36
ORD102106,2024-11-03 09:23:43.724744,Dress,Clothing,North,Lucknow,33146.52,4,0.26,UPI,Home Office,7240.5
ORD102107,2024-11-03 12:54:00.648129,Shoes,Clothing,North,Mumbai,31758.75,1,0.0,UPI,Corporate,5828.32
ORD102108,2024-11-03 16:24:17.571514,Coffee Maker,Home & Kitchen,East,Lucknow,19255.53,7,0.03,Credit Card,Home Office,1350.44
ORD102109,2024-11-03 19:54:34.494898,Programming Book,Books,North,Kolkata,30741.66,2,0.16,Credit Card,Corporate,3665.37
ORD102110,2024-11-03 23:24:51.418283,Mixer,Home & Kitchen,North,Kolkata,40724.67,3,0.34,Credit Card,Corporate,6979.19
ORD102111,2024-11-04 02:55:08.341668,Office Chair,Furniture,North,Delhi,1508.98,5,0.06,Debit Card,Corporate,211.65
ORD102112,2024-11-04 06:25:25.265053,Air Fryer,Home & Kitchen,South,Bengaluru,22640.93,8,0.22,Credit Card,Home Office,2894.79
ORD102113,2024-11-04 09:55:42.188437,Laptop,Electronics,East,Kolkata,37976.05,8,0.27,Debit Card,Home Office,4241.34
ORD102114,2024-11-04 13:25:59.111822,Table,Furniture,South,Ahmedabad,27397.99,2,0.09,Credit Card,Consumer,2713.73
ORD102115,2024-11-04 16:56:16.035207,Sofa,Furniture,East,Lucknow,32643.51,9,0.2,Cash on Delivery,Corporate,1783.61
ORD102116,2024-11-04 20:26:32.958591,Exam Guide,Books,South,Delhi,25930.48,6,0.36,Net Banking,Corporate,1578.9
ORD102117,2024-11-04 23:56:49.881976,T-Shirt,Clothing,North,Pune,49595.35,9,0.2,UPI,Home Office,5593.79
ORD102118,2024-11-05 03:27:06.805361,Bookshelf,Furniture,South,Delhi,2920.15,4,0.06,Cash on Delivery,Corporate,305.68
ORD102119,2024-11-05 06:57:23.728745,Jacket,Clothing,South,Ahmedabad,24654.03,3,0.25,Net Banking,Home Office,3572.07
ORD102120,2024-11-05 10:27:40.652130,Coffee Maker,Home & Kitchen,East,Chennai,4752.54,5,0.24,Debit Card,Consumer,734.94
ORD102121,2024-11-05 13:57:57.575515,Tablet,Electronics,East,Delhi,8157.32,5,0.01,UPI,Corporate,1554.71
ORD102122,2024-11-05 17:28:14.498899,Novel,Books,South,Pune,19275.31,4,0.04,Debit Card,Home Office,1318.06
ORD102123,2024-11-05 20:58:31.422284,Dress,Clothing,East,Kolkata,7945.9,7,0.06,Debit Card,Home Office,1618.68
ORD102124,2024-11-06 00:28:48.345669,Office Chair,Furniture,East,Hyderabad,48191.62,8,0.05,UPI,Corporate,6690.81
ORD102125,2024-11-06 03:59:05.269053,Jeans,Clothing,East,Hyderabad,47350.13,5,0.1,Net Banking,Consumer,11486.47
ORD102126,2024-11-06 07:29:22.192438,Bookshelf,Furniture,West,Hyderabad,16938.26,9,0.18,UPI,Home Office,2519.58
ORD102127,2024-11-06 10:59:39.115823,Shoes,Clothing,East,Chennai,32059.44,7,0.15,Credit Card,Corporate,1938.29
ORD102128,2024-11-06 14:29:56.039207,Sofa,Furniture,West,Pune,26780.92,7,0.36,Debit Card,Consumer,896.49
ORD102129,2024-11-06 18:00:12.962592,Air Fryer,Home & Kitchen,West,Ahmedabad,40816.23,8,0.24,Credit Card,Home Office,6999.06
ORD102130,2024-11-06 21:30:29.885977,Office Chair,Furniture,East,Mumbai,31446.79,4,0.35,UPI,Consumer,3068.67
ORD102131,2024-11-07 01:00:46.809361,Bookshelf,Furniture,South,Hyderabad,212.57,6,0.21,UPI,Home Office,20.49
ORD102132,2024-11-07 04:31:03.732746,Laptop,Electronics,East,Mumbai,38206.08,5,0.04,Net Banking,Corporate,5934.28
ORD102133,2024-11-07 08:01:20.656131,Desk,Furniture,North,Chennai,37393.04,1,0.19,Debit Card,Corporate,2062.58
ORD102134,2024-11-07 11:31:37.579515,Headphones,Electronics,South,Mumbai,25584.19,9,0.33,Cash on Delivery,Corporate,2536.86
ORD102135,2024-11-07 15:01:54.502900,Programming Book,Books,West,Lucknow,45165.36,2,0.08,UPI,Consumer,5346.72
ORD102136,2024-11-07 18:32:11.426285,Smartphone,Electronics,West,Chennai,45440.62,6,0.04,Cash on Delivery,Consumer,10907.81
ORD102137,2024-11-07 22:02:28.349669,Air Fryer,Home & Kitchen,South,Mumbai,26290.8,8,0.13,Debit Card,Corporate,2143.51
ORD102138,2024-11-08 01:32:45.273054,Smartwatch,Electronics,South,Delhi,30477.81,3,0.16,Credit Card,Home Office,6120.75
ORD102139,2024-11-08 05:03:02.196439,Data Science Book,Books,East,Hyderabad,49826.8,5,0.12,Debit Card,Consumer,7677.74
ORD102140,2024-11-08 08:33:19.119823,Dinner Set,Home & Kitchen,West,Bengaluru,15081.25,7,0.05,Net Banking,Consumer,1009.67
ORD102141,2024-11-08 12:03:36.043208,Jacket,Clothing,North,Jaipur,16365.94,4,0.1,Cash on Delivery,Home Office,4307.15
ORD102142,2024-11-08 15:33:52.966593,Dress,Clothing,East,Chennai,9302.14,5,0.27,Cash on Delivery,Home Office,1585.95
ORD102143,2024-11-08 19:04:09.889977,Smartphone,Electronics,South,Kolkata,44814.17,1,0.15,Credit Card,Corporate,4381.48
ORD102144,2024-11-08 22:34:26.813362,Headphones,Electronics,West,Jaipur,37275.52,4,0.25,Credit Card,Consumer,5463.8
ORD102145,2024-11-09 02:04:43.736747,Novel,Books,South,Ahmedabad,5461.01,7,0.21,UPI,Home Office,1186.33
ORD102146,2024-11-09 05:35:00.660132,Novel,Books,South,Chennai,49092.01,7,0.22,Debit Card,Home Office,10825.15
ORD102147,2024-11-09 09:05:17.583516,Office Chair,Furniture,South,Chennai,36601.89,4,0.1,Net Banking,Corporate,7668.48
ORD102148,2024-11-09 12:35:34.506901,Novel,Books,East,Mumbai,42556.0,6,0.21,UPI,Corporate,7796.89
ORD102149,2024-11-09 16:05:51.430286,Desk,Furniture,North,Chennai,2597.91,5,0.01,Debit Card,Consumer,306.94
ORD102150,2024-11-09 19:36:08.353670,Air Fryer,Home & Kitchen,North,Hyderabad,25347.05,1,0.17,Credit Card,Home Office,6257.57
ORD102151,2024-11-09 23:06:25.277055,Headphones,Electronics,West,Pune,34990.19,8,0.23,Net Banking,Corporate,2987.12
ORD102152,2024-11-10 02:36:42.200440,Coffee Maker,Home & Kitchen,South,Pune,27238.74,7,0.07,Credit Card,Consumer,1832.81
ORD102153,2024-11-10 06:06:59.123824,Programming Book,Books,North,Ahmedabad,33399.04,5,0.1,Credit Card,Corporate,8847.76
ORD102154,2024-11-10 09:37:16.047209,Cookware Set,Home & Kitchen,South,Lucknow,40930.13,7,0.09,Cash on Delivery,Consumer,3285.56
ORD102155,2024-11-10 13:07:32.970594,Mixer,Home & Kitchen,West,Bengaluru,18841.99,3,0.03,Debit Card,Home Office,3297.18
ORD102156,2024-11-10 16:37:49.893978,Dinner Set,Home & Kitchen,South,Lucknow,42463.7,8,0.14,UPI,Corporate,6100.86
ORD102157,2024-11-10 20:08:06.817363,Novel,Books,North,Hyderabad,8313.22,5,0.39,Cash on Delivery,Consumer,1328.88
ORD102158,2024-11-10 23:38:23.740748,Mixer,Home & Kitchen,South,Hyderabad,13690.13,2,0.14,Debit Card,Consumer,1756.19
ORD102159,2024-11-11 03:08:40.664132,Sofa,Furniture,North,Delhi,2358.61,2,0.18,Debit Card,Home Office,339.52
ORD102160,2024-11-11 06:38:57.587517,Business Book,Books,West,Pune,18348.46,4,0.26,Debit Card,Corporate,827.36
ORD102161,2024-11-11 10:09:14.510902,Cookware Set,Home & Kitchen,South,Jaipur,19119.5,7,0.26,Net Banking,Consumer,1442.56
ORD102162,2024-11-11 13:39:31.434286,Exam Guide,Books,North,Kolkata,40302.48,4,0.38,Cash on Delivery,Consumer,6453.0
ORD102163,2024-11-11 17:09:48.357671,Shoes,Clothing,West,Chennai,32725.91,9,0.34,UPI,Consumer,3663.0
ORD102164,2024-11-11 20:40:05.281056,Sofa,Furniture,South,Bengaluru,21948.78,2,0.32,Cash on Delivery,Consumer,1607.93
ORD102165,2024-11-12 00:10:22.204440,Dinner Set,Home & Kitchen,West,Kolkata,32675.28,6,0.38,Credit Card,Corporate,2881.33
ORD102166,2024-11-12 03:40:39.127825,T-Shirt,Clothing,North,Lucknow,2828.61,4,0.09,Debit Card,Corporate,312.16
ORD102167,2024-11-12 07:10:56.051210,Shoes,Clothing,South,Kolkata,9177.52,6,0.25,Credit Card,Consumer,1301.29
ORD102168,2024-11-12 10:41:12.974594,Data Science Book,Books,South,Delhi,31422.0,9,0.35,Cash on Delivery,Corporate,1283.9
ORD102169,2024-11-12 14:11:29.897979,Shoes,Clothing,South,Bengaluru,32140.07,9,0.25,UPI,Corporate,2560.98
ORD102170,2024-11-12 17:41:46.821364,Office Chair,Furniture,West,Bengaluru,38751.91,9,0.39,Credit Card,Home Office,3279.66
ORD102171,2024-11-12 21:12:03.744748,Office Chair,Furniture,West,Delhi,20269.39,9,0.04,Credit Card,Home Office,5488.37
ORD102172,2024-11-13 00:42:20.668133,Smartphone,Electronics,North,Hyderabad,36183.19,3,0.18,Net Banking,Consumer,6106.71
ORD102173,2024-11-13 04:12:37.591518,Bookshelf,Furniture,East,Delhi,34262.22,9,0.39,Cash on Delivery,Home Office,3679.72
ORD102174,2024-11-13 07:42:54.514902,T-Shirt,Clothing,South,Hyderabad,48176.99,3,0.15,Credit Card,Corporate,4001.1
ORD102175,2024-11-13 11:13:11.438287,Table,Furniture,South,Jaipur,10913.49,3,0.3,Cash on Delivery,Consumer,1447.39
ORD102176,2024-11-13 14:43:28.361672,Data Science Book,Books,North,Ahmedabad,27673.64,5,0.01,UPI,Home Office,7732.84
ORD102177,2024-11-13 18:13:45.285057,Headphones,Electronics,South,Hyderabad,30167.87,6,0.28,Credit Card,Consumer,4161.23
ORD102178,2024-11-13 21:44:02.208441,Dress,Clothing,West,Kolkata,49932.66,9,0.37,UPI,Consumer,2868.73
ORD102179,2024-11-14 01:14:19.131826,Smartwatch,Electronics,West,Hyderabad,10218.97,1,0.15,Credit Card,Home Office,2599.58
ORD102180,2024-11-14 04:44:36.055211,Dress,Clothing,South,Ahmedabad,26256.26,8,0.01,Debit Card,Corporate,4541.47
ORD102181,2024-11-14 08:14:52.978595,Exam Guide,Books,South,Lucknow,17440.03,4,0.01,Net Banking,Corporate,2242.61
ORD102182,2024-11-14 11:45:09.901980,Smartwatch,Electronics,West,Chennai,26389.47,7,0.36,Net Banking,Home Office,2969.88
ORD102183,2024-11-14 15:15:26.825365,Coffee Maker,Home & Kitchen,South,Delhi,11760.0,6,0.29,Net Banking,Home Office,967.91
ORD102184,2024-11-14 18:45:43.748749,Shoes,Clothing,West,Chennai,2571.1,6,0.04,UPI,Home Office,142.15
ORD102185,2024-11-14 22:16:00.672134,Coffee Maker,Home & Kitchen,East,Delhi,28713.76,7,0.02,Cash on Delivery,Home Office,7664.64
ORD102186,2024-11-15 01:46:17.595519,Smartwatch,Electronics,East,Jaipur,16925.54,4,0.32,Net Banking,Consumer,1809.49
ORD102187,2024-11-15 05:16:34.518903,Dinner Set,Home & Kitchen,South,Pune,9260.68,6,0.32,Credit Card,Corporate,1500.15
ORD102188,2024-11-15 08:46:51.442288,Cookware Set,Home & Kitchen,South,Kolkata,16331.99,3,0.05,Credit Card,Corporate,4543.12
ORD102189,2024-11-15 12:17:08.365673,Smartphone,Electronics,South,Kolkata,2654.15,5,0.12,Debit Card,Home Office,486.16
ORD102190,2024-11-15 15:47:25.289057,Programming Book,Books,West,Lucknow,47532.02,2,0.31,UPI,Corporate,7310.61
ORD102191,2024-11-15 19:17:42.212442,Cookware Set,Home & Kitchen,East,Pune,29141.17,3,0.21,Credit Card,Corporate,6579.79
ORD102192,2024-11-15 22:47:59.135827,Cookware Set,Home & Kitchen,East,Pune,40775.48,9,0.38,Credit Card,Corporate,4528.77
ORD102193,2024-11-16 02:18:16.059211,Exam Guide,Books,North,Delhi,21271.29,6,0.19,Debit Card,Home Office,2239.44
ORD102194,2024-11-16 05:48:32.982596,Coffee Maker,Home & Kitchen,North,Kolkata,45185.07,3,0.27,Debit Card,Home Office,9247.24
ORD102195,2024-11-16 09:18:49.905981,Coffee Maker,Home & Kitchen,South,Kolkata,24269.25,2,0.2,Cash on Delivery,Corporate,1305.66
ORD102196,2024-11-16 12:49:06.829365,Dinner Set,Home & Kitchen,West,Pune,28782.48,5,0.38,Cash on Delivery,Home Office,1849.68
ORD102197,2024-11-16 16:19:23.752750,Desk,Furniture,South,Delhi,24691.34,5,0.16,Cash on Delivery,Corporate,2806.56
ORD102198,2024-11-16 19:49:40.676135,Exam Guide,Books,East,Hyderabad,36717.26,1,0.09,Credit Card,Home Office,8203.75
ORD102199,2024-11-16 23:19:57.599519,Mixer,Home & Kitchen,South,Hyderabad,28419.47,3,0.13,Debit Card,Corporate,6823.47
ORD102200,2024-11-17 02:50:14.522904,Business Book,Books,South,Ahmedabad,13725.63,7,0.34,UPI,Home Office,1476.12
ORD102201,2024-11-17 06:20:31.446289,Jacket,Clothing,East,Mumbai,7447.87,9,0.2,Cash on Delivery,Corporate,724.12
ORD102202,2024-11-17 09:50:48.369673,T-Shirt,Clothing,East,Bengaluru,30384.99,5,0.14,Net Banking,Home Office,3614.0
ORD102203,2024-11-17 13:21:05.293058,Mixer,Home & Kitchen,East,Jaipur,24561.16,4,0.22,Credit Card,Home Office,4102.37
ORD102204,2024-11-17 16:51:22.216443,Exam Guide,Books,East,Delhi,4979.59,3,0.05,UPI,Corporate,423.4
ORD102205,2024-11-17 20:21:39.139827,Novel,Books,North,Hyderabad,19901.75,9,0.0,Credit Card,Consumer,3718.8
ORD102206,2024-11-17 23:51:56.063212,Business Book,Books,West,Lucknow,25835.87,7,0.11,Cash on Delivery,Corporate,4532.35
ORD102207,2024-11-18 03:22:12.986597,Bookshelf,Furniture,West,Bengaluru,41379.28,7,0.24,Credit Card,Corporate,7137.62
ORD102208,2024-11-18 06:52:29.909981,T-Shirt,Clothing,East,Bengaluru,3989.83,8,0.28,Cash on Delivery,Consumer,577.33
ORD102209,2024-11-18 10:22:46.833366,Data Science Book,Books,West,Bengaluru,17555.07,1,0.33,Credit Card,Home Office,873.19
ORD102210,2024-11-18 13:53:03.756751,Novel,Books,West,Pune,41168.27,4,0.37,Cash on Delivery,Consumer,5762.97
ORD102211,2024-11-18 17:23:20.680136,Desk,Furniture,West,Ahmedabad,32491.51,5,0.16,Debit Card,Corporate,1513.03
ORD102212,2024-11-18 20:53:37.603520,Bookshelf,Furniture,West,Lucknow,14639.92,5,0.3,Debit Card,Consumer,1512.36
ORD102213,2024-11-19 00:23:54.526905,Business Book,Books,East,Mumbai,42297.69,1,0.03,Debit Card,Home Office,6329.33
ORD102214,2024-11-19 03:54:11.450290,Smartphone,Electronics,South,Lucknow,24766.02,3,0.02,Debit Card,Corporate,1921.21
ORD102215,2024-11-19 07:24:28.373674,Data Science Book,Books,South,Lucknow,25017.92,2,0.05,Debit Card,Corporate,1246.92
ORD102216,2024-11-19 10:54:45.297059,Programming Book,Books,South,Delhi,48834.05,7,0.18,Net Banking,Home Office,2714.6
ORD102217,2024-11-19 14:25:02.220444,Bookshelf,Furniture,North,Ahmedabad,47366.4,5,0.08,Credit Card,Home Office,7040.97
ORD102218,2024-11-19 17:55:19.143828,Bookshelf,Furniture,West,Chennai,18054.93,3,0.11,Debit Card,Corporate,1769.0
ORD102219,2024-11-19 21:25:36.067213,Exam Guide,Books,East,Ahmedabad,7200.84,8,0.26,Net Banking,Home Office,358.32
ORD102220,2024-11-20 00:55:52.990598,Novel,Books,East,Chennai,16418.2,1,0.14,Net Banking,Consumer,1611.07
ORD102221,2024-11-20 04:26:09.913982,Business Book,Books,North,Mumbai,1718.07,1,0.22,Credit Card,Consumer,244.17
ORD102222,2024-11-20 07:56:26.837367,Sofa,Furniture,East,Delhi,1234.24,6,0.16,Credit Card,Consumer,244.19
ORD102223,2024-11-20 11:26:43.760752,Exam Guide,Books,South,Pune,19897.0,1,0.07,Cash on Delivery,Consumer,2831.15
ORD102224,2024-11-20 14:57:00.684136,Business Book,Books,North,Bengaluru,47062.79,4,0.03,Cash on Delivery,Home Office,9280.25
ORD102225,2024-11-20 18:27:17.607521,Air Fryer,Home & Kitchen,East,Delhi,43593.6,6,0.09,Debit Card,Consumer,7901.95
ORD102226,2024-11-20 21:57:34.530906,Tablet,Electronics,North,Pune,25669.85,1,0.02,UPI,Consumer,6894.85
ORD102227,2024-11-21 01:27:51.454290,T-Shirt,Clothing,North,Delhi,28348.27,9,0.25,Cash on Delivery,Corporate,2016.59
ORD102228,2024-11-21 04:58:08.377675,Smartphone,Electronics,East,Pune,495.49,4,0.32,UPI,Home Office,56.98
ORD102229,2024-11-21 08:28:25.301060,Cookware Set,Home & Kitchen,South,Delhi,10931.96,9,0.14,Cash on Delivery,Home Office,1955.11
ORD102230,2024-11-21 11:58:42.224444,Jeans,Clothing,East,Ahmedabad,1433.75,9,0.15,Net Banking,Home Office,219.28
ORD102231,2024-11-21 15:28:59.147829,Data Science Book,Books,West,Ahmedabad,37776.07,6,0.33,Net Banking,Corporate,4115.03
ORD102232,2024-11-21 18:59:16.071214,Mixer,Home & Kitchen,West,Ahmedabad,7453.16,7,0.09,Net Banking,Corporate,1989.71
ORD102233,2024-11-21 22:29:32.994598,Exam Guide,Books,East,Bengaluru,43478.55,1,0.05,UPI,Home Office,11792.61
ORD102234,2024-11-22 01:59:49.917983,Table,Furniture,South,Jaipur,32237.55,5,0.2,Debit Card,Consumer,5231.87
ORD102235,2024-11-22 05:30:06.841368,Cookware Set,Home & Kitchen,West,Kolkata,11625.05,3,0.26,Cash on Delivery,Corporate,1375.49
ORD102236,2024-11-22 09:00:23.764752,Office Chair,Furniture,West,Chennai,8054.47,6,0.24,Cash on Delivery,Corporate,1462.07
ORD102237,2024-11-22 12:30:40.688137,Mixer,Home & Kitchen,East,Ahmedabad,31455.71,4,0.29,UPI,Corporate,3980.59
ORD102238,2024-11-22 16:00:57.611522,Mixer,Home & Kitchen,East,Jaipur,45061.68,9,0.02,Net Banking,Home Office,13199.22
ORD102239,2024-11-22 19:31:14.534906,Sofa,Furniture,East,Chennai,35974.34,7,0.17,Debit Card,Consumer,6613.23
ORD102240,2024-11-22 23:01:31.458291,Shoes,Clothing,North,Delhi,17557.62,4,0.1,Cash on Delivery,Corporate,1059.36
ORD102241,2024-11-23 02:31:48.381676,Smartphone,Electronics,North,Mumbai,29451.7,6,0.3,Debit Card,Corporate,3102.28
ORD102242,2024-11-23 06:02:05.305061,Programming Book,Books,North,Pune,15675.93,2,0.35,Debit Card,Home Office,2369.7
ORD102243,2024-11-23 09:32:22.228445,Mixer,Home & Kitchen,East,Jaipur,49957.65,3,0.11,Credit Card,Consumer,11586.54
ORD102244,2024-11-23 13:02:39.151830,Exam Guide,Books,South,Lucknow,37492.19,7,0.04,Debit Card,Corporate,9118.43
ORD102245,2024-11-23 16:32:56.075215,Table,Furniture,West,Hyderabad,30796.21,4,0.1,Credit Card,Home Office,8157.25
ORD102246,2024-11-23 20:03:12.998599,Novel,Books,North,Jaipur,21278.31,7,0.04,UPI,Home Office,3519.2
ORD102247,2024-11-23 23:33:29.921984,Office Chair,Furniture,South,Ahmedabad,30983.98,9,0.13,Net Banking,Corporate,2291.72
ORD102248,2024-11-24 03:03:46.845369,Novel,Books,East,Ahmedabad,17212.48,5,0.22,Credit Card,Home Office,2860.5
ORD102249,2024-11-24 06:34:03.768753,Tablet,Electronics,North,Jaipur,1637.47,1,0.39,Debit Card,Home Office,67.61
ORD102250,2024-11-24 10:04:20.692138,Tablet,Electronics,East,Pune,19875.41,5,0.16,Net Banking,Corporate,4898.09
ORD102251,2024-11-24 13:34:37.615523,Smartwatch,Electronics,South,Chennai,46537.94,6,0.09,Debit Card,Home Office,10148.36
ORD102252,2024-11-24 17:04:54.538907,Smartphone,Electronics,North,Delhi,31389.79,2,0.07,Debit Card,Consumer,8627.47
ORD102253,2024-11-24 20:35:11.462292,Smartphone,Electronics,North,Hyderabad,4380.99,8,0.07,Credit Card,Consumer,587.98
ORD102254,2024-11-25 00:05:28.385677,Laptop,Electronics,North,Delhi,44272.68,2,0.08,UPI,Corporate,2197.4
ORD102255,2024-11-25 03:35:45.309061,Office Chair,Furniture,North,Bengaluru,13589.97,9,0.3,Debit Card,Consumer,1715.4
ORD102256,2024-11-25 07:06:02.232446,Coffee Maker,Home & Kitchen,South,Pune,12339.72,2,0.02,Credit Card,Consumer,971.01
ORD102257,2024-11-25 10:36:19.155831,Data Science Book,Books,North,Ahmedabad,14995.13,3,0.4,Debit Card,Corporate,1978.52
ORD102258,2024-11-25 14:06:36.079215,Headphones,Electronics,West,Bengaluru,28944.67,8,0.21,Net Banking,Home Office,3987.6
ORD102259,2024-11-25 17:36:53.002600,Bookshelf,Furniture,West,Delhi,27325.47,6,0.22,UPI,Consumer,5080.41
ORD102260,2024-11-25 21:07:09.925985,Desk,Furniture,East,Delhi,24672.4,1,0.14,Debit Card,Home Office,2604.91
ORD102261,2024-11-26 00:37:26.849369,Desk,Furniture,North,Hyderabad,35933.34,4,0.28,UPI,Corporate,6656.64
ORD102262,2024-11-26 04:07:43.772754,Dinner Set,Home & Kitchen,West,Kolkata,15963.58,5,0.19,UPI,Consumer,2750.38
ORD102263,2024-11-26 07:38:00.696139,Novel,Books,West,Delhi,39146.81,3,0.13,Net Banking,Corporate,10112.67
ORD102264,2024-11-26 11:08:17.619523,Cookware Set,Home & Kitchen,West,Chennai,8931.02,1,0.11,Net Banking,Home Office,752.25
ORD102265,2024-11-26 14:38:34.542908,Jeans,Clothing,South,Chennai,39174.52,3,0.37,Cash on Delivery,Corporate,1549.73
ORD102266,2024-11-26 18:08:51.466293,Sofa,Furniture,North,Jaipur,33257.74,9,0.12,UPI,Consumer,7690.22
ORD102267,2024-11-26 21:39:08.389677,Jeans,Clothing,South,Hyderabad,34223.77,2,0.17,Debit Card,Corporate,3823.78
ORD102268,2024-11-27 01:09:25.313062,Laptop,Electronics,South,Hyderabad,24181.36,1,0.14,Net Banking,Corporate,3281.85
ORD102269,2024-11-27 04:39:42.236447,Laptop,Electronics,West,Ahmedabad,33416.68,7,0.03,Debit Card,Corporate,9121.9
ORD102270,2024-11-27 08:09:59.159831,Dinner Set,Home & Kitchen,West,Delhi,4173.89,7,0.07,UPI,Home Office,621.75
ORD102271,2024-11-27 11:40:16.083216,Business Book,Books,East,Kolkata,42607.25,5,0.08,Net Banking,Home Office,4880.42
ORD102272,2024-11-27 15:10:33.006601,T-Shirt,Clothing,North,Lucknow,2966.25,2,0.28,Cash on Delivery,Home Office,138.55
ORD102273,2024-11-27 18:40:49.929985,Business Book,Books,North,Bengaluru,7607.33,1,0.16,UPI,Home Office,1027.11
ORD102274,2024-11-27 22:11:06.853370,Coffee Maker,Home & Kitchen,West,Hyderabad,28924.13,5,0.31,Debit Card,Consumer,4265.71
ORD102275,2024-11-28 01:41:23.776755,Tablet,Electronics,West,Jaipur,37022.69,4,0.28,Cash on Delivery,Home Office,3126.62
ORD102276,2024-11-28 05:11:40.700140,Business Book,Books,North,Jaipur,3997.33,9,0.08,UPI,Home Office,843.79
ORD102277,2024-11-28 08:41:57.623524,Novel,Books,East,Delhi,46054.09,5,0.23,Net Banking,Consumer,6013.09
ORD102278,2024-11-28 12:12:14.546909,Smartwatch,Electronics,West,Delhi,48685.66,2,0.3,UPI,Home Office,9015.06
ORD102279,2024-11-28 15:42:31.470294,Dress,Clothing,East,Lucknow,30376.32,4,0.25,Credit Card,Corporate,2060.3
ORD102280,2024-11-28 19:12:48.393678,Tablet,Electronics,South,Mumbai,24165.92,9,0.24,Debit Card,Home Office,4394.46
ORD102281,2024-11-28 22:43:05.317063,Exam Guide,Books,West,Mumbai,37121.47,8,0.3,Net Banking,Consumer,7357.35
ORD102282,2024-11-29 02:13:22.240448,T-Shirt,Clothing,South,Delhi,16552.2,3,0.02,Net Banking,Corporate,3817.64
ORD102283,2024-11-29 05:43:39.163832,Jeans,Clothing,West,Pune,24764.57,8,0.29,Credit Card,Consumer,2663.53
ORD102284,2024-11-29 09:13:56.087217,Laptop,Electronics,South,Chennai,45824.32,2,0.11,Cash on Delivery,Corporate,4388.89
ORD102285,2024-11-29 12:44:13.010602,Data Science Book,Books,West,Chennai,47791.64,3,0.23,Net Banking,Corporate,2744.95
ORD102286,2024-11-29 16:14:29.933986,Cookware Set,Home & Kitchen,East,Lucknow,46368.04,5,0.1,Cash on Delivery,Corporate,8788.28
ORD102287,2024-11-29 19:44:46.857371,Business Book,Books,East,Lucknow,13269.91,8,0.34,Cash on Delivery,Consumer,750.69
ORD102288,2024-11-29 23:15:03.780756,Table,Furniture,East,Ahmedabad,11776.96,1,0.19,Cash on Delivery,Corporate,2476.18
ORD102289,2024-11-30 02:45:20.704140,Air Fryer,Home & Kitchen,South,Kolkata,15023.69,4,0.26,UPI,Corporate,3226.13
ORD102290,2024-11-30 06:15:37.627525,Jeans,Clothing,East,Jaipur,22177.29,1,0.32,Credit Card,Corporate,1265.97
ORD102291,2024-11-30 09:45:54.550910,Mixer,Home & Kitchen,South,Chennai,15845.54,1,0.36,Debit Card,Corporate,1460.46
ORD102292,2024-11-30 13:16:11.474294,Dress,Clothing,West,Pune,18835.8,5,0.29,Credit Card,Corporate,3802.3
ORD102293,2024-11-30 16:46:28.397679,T-Shirt,Clothing,South,Delhi,31107.72,6,0.06,Net Banking,Home Office,4903.06
ORD102294,2024-11-30 20:16:45.321064,Cookware Set,Home & Kitchen,West,Hyderabad,38173.78,1,0.34,Credit Card,Consumer,4632.15
ORD102295,2024-11-30 23:47:02.244448,Jeans,Clothing,North,Pune,36830.8,6,0.25,Debit Card,Corporate,6543.33
ORD102296,2024-12-01 03:17:19.167833,Jacket,Clothing,North,Ahmedabad,40758.29,5,0.24,UPI,Corporate,3179.2
ORD102297,2024-12-01 06:47:36.091218,Sofa,Furniture,North,Pune,1802.78,4,0.37,Net Banking,Corporate,334.81
ORD102298,2024-12-01 10:17:53.014602,Programming Book,Books,South,Hyderabad,2577.14,5,0.1,UPI,Corporate,568.77
ORD102299,2024-12-01 13:48:09.937987,Data Science Book,Books,North,Bengaluru,39511.27,8,0.1,Net Banking,Corporate,3212.62
ORD102300,2024-12-01 17:18:26.861372,Table,Furniture,North,Mumbai,26747.33,9,0.21,Debit Card,Home Office,1643.26
ORD102301,2024-12-01 20:48:43.784756,Coffee Maker,Home & Kitchen,North,Bengaluru,28991.41,2,0.3,UPI,Home Office,5758.19
ORD102302,2024-12-02 00:19:00.708141,Headphones,Electronics,West,Jaipur,2818.83,6,0.18,Debit Card,Corporate,511.42
ORD102303,2024-12-02 03:49:17.631526,Laptop,Electronics,East,Jaipur,12914.63,3,0.25,Debit Card,Corporate,577.69
ORD102304,2024-12-02 07:19:34.554910,Smartphone,Electronics,South,Chennai,31990.04,2,0.18,Credit Card,Corporate,2242.74
ORD102305,2024-12-02 10:49:51.478295,Table,Furniture,North,Hyderabad,42987.26,1,0.24,Net Banking,Consumer,2024.17
ORD102306,2024-12-02 14:20:08.401680,Office Chair,Furniture,West,Jaipur,45865.77,4,0.33,Cash on Delivery,Consumer,9019.9
ORD102307,2024-12-02 17:50:25.325065,Shoes,Clothing,East,Lucknow,25120.89,8,0.07,Cash on Delivery,Home Office,4075.87
ORD102308,2024-12-02 21:20:42.248449,Smartwatch,Electronics,East,Chennai,27364.62,3,0.28,UPI,Home Office,3261.5
ORD102309,2024-12-03 00:50:59.171834,Cookware Set,Home & Kitchen,East,Ahmedabad,41685.87,5,0.31,Debit Card,Consumer,8310.99
ORD102310,2024-12-03 04:21:16.095219,Cookware Set,Home & Kitchen,West,Chennai,26973.71,5,0.18,Credit Card,Corporate,3896.36
ORD102311,2024-12-03 07:51:33.018603,Tablet,Electronics,North,Bengaluru,25939.55,5,0.13,Net Banking,Home Office,4049.47
ORD102312,2024-12-03 11:21:49.941988,Tablet,Electronics,East,Delhi,45273.19,9,0.01,UPI,Corporate,13267.94
ORD102313,2024-12-03 14:52:06.865373,Smartphone,Electronics,West,Lucknow,39538.65,8,0.32,Debit Card,Corporate,2093.31
ORD102314,2024-12-03 18:22:23.788757,Desk,Furniture,West,Lucknow,45471.81,8,0.13,Cash on Delivery,Home Office,11727.26
ORD102315,2024-12-03 21:52:40.712142,Sofa,Furniture,South,Kolkata,11068.7,1,0.14,Cash on Delivery,Consumer,870.23
ORD102316,2024-12-04 01:22:57.635527,Desk,Furniture,West,Lucknow,26313.9,1,0.13,Net Banking,Consumer,3851.26
ORD102317,2024-12-04 04:53:14.558911,Data Science Book,Books,East,Lucknow,42155.11,2,0.2,Net Banking,Consumer,4532.63
ORD102318,2024-12-04 08:23:31.482296,Mixer,Home & Kitchen,East,Bengaluru,5735.16,8,0.28,Net Banking,Corporate,1192.77
ORD102319,2024-12-04 11:53:48.405681,Cookware Set,Home & Kitchen,West,Pune,39774.18,1,0.31,UPI,Corporate,4703.27
ORD102320,2024-12-04 15:24:05.329065,Dress,Clothing,East,Lucknow,9312.07,4,0.16,Net Banking,Corporate,436.11
ORD102321,2024-12-04 18:54:22.252450,Bookshelf,Furniture,West,Delhi,40444.31,9,0.27,UPI,Consumer,3112.54
ORD102322,2024-12-04 22:24:39.175835,Exam Guide,Books,East,Mumbai,30677.65,2,0.29,Credit Card,Corporate,3434.95
ORD102323,2024-12-05 01:54:56.099219,Data Science Book,Books,South,Bengaluru,9823.15,3,0.12,Debit Card,Home Office,1893.96
ORD102324,2024-12-05 05:25:13.022604,Cookware Set,Home & Kitchen,North,Bengaluru,23773.04,6,0.04,Cash on Delivery,Corporate,4347.06
ORD102325,2024-12-05 08:55:29.945989,Office Chair,Furniture,South,Pune,34158.88,3,0.36,UPI,Home Office,5738.2
ORD102326,2024-12-05 12:25:46.869373,Dress,Clothing,South,Kolkata,31765.87,4,0.27,Debit Card,Consumer,5962.11
ORD102327,2024-12-05 15:56:03.792758,Bookshelf,Furniture,North,Pune,21476.91,9,0.26,Net Banking,Corporate,3140.87
ORD102328,2024-12-05 19:26:20.716143,Smartwatch,Electronics,East,Chennai,44988.45,9,0.02,Cash on Delivery,Corporate,8501.56
ORD102329,2024-12-05 22:56:37.639527,Desk,Furniture,North,Mumbai,26059.32,5,0.33,UPI,Consumer,2087.16
ORD102330,2024-12-06 02:26:54.562912,Laptop,Electronics,West,Jaipur,25392.19,7,0.23,Net Banking,Corporate,5659.84
ORD102331,2024-12-06 05:57:11.486297,Smartphone,Electronics,North,Ahmedabad,3300.08,9,0.34,Debit Card,Home Office,150.75
ORD102332,2024-12-06 09:27:28.409681,Shoes,Clothing,South,Jaipur,46121.6,8,0.39,Credit Card,Consumer,4199.24
ORD102333,2024-12-06 12:57:45.333066,Mixer,Home & Kitchen,North,Kolkata,9020.41,7,0.38,Debit Card,Home Office,1203.59
ORD102334,2024-12-06 16:28:02.256451,Sofa,Furniture,East,Kolkata,26511.57,8,0.34,UPI,Consumer,5011.6
ORD102335,2024-12-06 19:58:19.179835,Smartphone,Electronics,South,Lucknow,40217.67,5,0.0,Credit Card,Home Office,7053.47
ORD102336,2024-12-06 23:28:36.103220,Bookshelf,Furniture,West,Pune,10929.57,5,0.35,Credit Card,Home Office,1946.41
ORD102337,2024-12-07 02:58:53.026605,Cookware Set,Home & Kitchen,East,Chennai,26463.19,5,0.03,Net Banking,Home Office,1956.0
ORD102338,2024-12-07 06:29:09.949989,Cookware Set,Home & Kitchen,South,Lucknow,12186.11,1,0.34,Debit Card,Corporate,1471.0
ORD102339,2024-12-07 09:59:26.873374,Novel,Books,West,Hyderabad,38032.81,6,0.11,UPI,Corporate,4366.97
ORD102340,2024-12-07 13:29:43.796759,Dinner Set,Home & Kitchen,East,Chennai,28304.19,5,0.24,Credit Card,Corporate,5354.65
ORD102341,2024-12-07 17:00:00.720144,Shoes,Clothing,West,Kolkata,42827.6,8,0.02,Net Banking,Corporate,6767.78
ORD102342,2024-12-07 20:30:17.643528,Smartwatch,Electronics,North,Kolkata,44748.99,8,0.31,Credit Card,Corporate,5212.41
ORD102343,2024-12-08 00:00:34.566913,Business Book,Books,North,Bengaluru,32506.93,2,0.04,Debit Card,Home Office,2065.74
ORD102344,2024-12-08 03:30:51.490298,Dress,Clothing,West,Hyderabad,36324.48,6,0.16,Cash on Delivery,Corporate,4866.83
ORD102345,2024-12-08 07:01:08.413682,Bookshelf,Furniture,North,Lucknow,27551.16,6,0.33,UPI,Home Office,1295.97
ORD102346,2024-12-08 10:31:25.337067,Smartphone,Electronics,West,Kolkata,19344.55,3,0.28,Cash on Delivery,Consumer,1739.48
ORD102347,2024-12-08 14:01:42.260452,Air Fryer,Home & Kitchen,East,Hyderabad,32476.27,1,0.0,Debit Card,Home Office,2653.97
ORD102348,2024-12-08 17:31:59.183836,Tablet,Electronics,South,Mumbai,45432.77,7,0.16,Cash on Delivery,Corporate,5099.42
ORD102349,2024-12-08 21:02:16.107221,Sofa,Furniture,West,Ahmedabad,20950.68,5,0.02,Debit Card,Consumer,2193.75
ORD102350,2024-12-09 00:32:33.030606,Novel,Books,South,Pune,15857.62,5,0.27,Debit Card,Corporate,1404.12
ORD102351,2024-12-09 04:02:49.953990,Programming Book,Books,South,Kolkata,19544.16,8,0.39,Net Banking,Consumer,1038.36
ORD102352,2024-12-09 07:33:06.877375,Programming Book,Books,West,Mumbai,21882.8,5,0.26,Cash on Delivery,Home Office,2589.34
ORD102353,2024-12-09 11:03:23.800760,Air Fryer,Home & Kitchen,North,Chennai,3863.34,5,0.09,Credit Card,Consumer,613.11
ORD102354,2024-12-09 14:33:40.724144,Shoes,Clothing,East,Pune,25022.4,1,0.14,Debit Card,Corporate,5576.97
ORD102355,2024-12-09 18:03:57.647529,T-Shirt,Clothing,South,Hyderabad,24816.85,2,0.39,Cash on Delivery,Consumer,2796.14
ORD102356,2024-12-09 21:34:14.570914,Headphones,Electronics,East,Pune,29504.5,5,0.09,Credit Card,Home Office,2877.94
ORD102357,2024-12-10 01:04:31.494298,Dinner Set,Home & Kitchen,South,Jaipur,18268.44,7,0.22,UPI,Consumer,3333.98
ORD102358,2024-12-10 04:34:48.417683,Data Science Book,Books,West,Bengaluru,30732.76,3,0.16,Credit Card,Home Office,3209.17
ORD102359,2024-12-10 08:05:05.341068,Data Science Book,Books,North,Hyderabad,43935.17,1,0.31,Cash on Delivery,Consumer,7248.35
ORD102360,2024-12-10 11:35:22.264452,Bookshelf,Furniture,East,Mumbai,47782.46,2,0.35,Cash on Delivery,Home Office,4559.12
ORD102361,2024-12-10 15:05:39.187837,Desk,Furniture,South,Kolkata,29263.89,3,0.14,Credit Card,Home Office,4490.26
ORD102362,2024-12-10 18:35:56.111222,Data Science Book,Books,West,Hyderabad,2321.03,9,0.26,Credit Card,Home Office,302.19
ORD102363,2024-12-10 22:06:13.034606,Data Science Book,Books,West,Delhi,48467.95,8,0.22,Debit Card,Home Office,10922.2
ORD102364,2024-12-11 01:36:29.957991,Cookware Set,Home & Kitchen,South,Jaipur,35351.93,4,0.11,Cash on Delivery,Corporate,2781.86
ORD102365,2024-12-11 05:06:46.881376,Jeans,Clothing,South,Mumbai,16930.99,8,0.11,Debit Card,Home Office,4289.1
ORD102366,2024-12-11 08:37:03.804760,Table,Furniture,South,Chennai,7528.45,9,0.22,Debit Card,Corporate,1118.64
ORD102367,2024-12-11 12:07:20.728145,Shoes,Clothing,North,Delhi,7342.25,3,0.06,UPI,Home Office,2059.62
ORD102368,2024-12-11 15:37:37.651530,Mixer,Home & Kitchen,South,Hyderabad,8553.67,6,0.32,Cash on Delivery,Consumer,1124.24
ORD102369,2024-12-11 19:07:54.574914,Programming Book,Books,South,Bengaluru,2469.51,8,0.03,Debit Card,Consumer,512.85
ORD102370,2024-12-11 22:38:11.498299,Jacket,Clothing,North,Delhi,45127.28,7,0.04,UPI,Corporate,10284.41
ORD102371,2024-12-12 02:08:28.421684,Exam Guide,Books,West,Pune,27130.26,9,0.14,Debit Card,Consumer,5960.1
ORD102372,2024-12-12 05:38:45.345069,Data Science Book,Books,South,Hyderabad,35057.98,7,0.05,Debit Card,Home Office,5641.58
ORD102373,2024-12-12 09:09:02.268453,Laptop,Electronics,East,Mumbai,41439.8,1,0.19,Cash on Delivery,Consumer,7372.77
ORD102374,2024-12-12 12:39:19.191838,Jeans,Clothing,West,Hyderabad,39618.74,9,0.16,Credit Card,Corporate,6779.77
ORD102375,2024-12-12 16:09:36.115223,Shoes,Clothing,East,Bengaluru,44153.76,5,0.29,Credit Card,Consumer,4757.92
ORD102376,2024-12-12 19:39:53.038607,Exam Guide,Books,South,Ahmedabad,48369.28,6,0.38,Cash on Delivery,Corporate,7653.16
ORD102377,2024-12-12 23:10:09.961992,Cookware Set,Home & Kitchen,North,Pune,22065.72,2,0.3,Credit Card,Home Office,1515.44
ORD102378,2024-12-13 02:40:26.885377,Smartwatch,Electronics,North,Kolkata,47526.71,2,0.07,Net Banking,Home Office,4056.78
ORD102379,2024-12-13 06:10:43.808761,Exam Guide,Books,North,Hyderabad,36219.84,4,0.37,Credit Card,Consumer,5342.03
ORD102380,2024-12-13 09:41:00.732146,Table,Furniture,South,Bengaluru,3719.28,4,0.16,Debit Card,Consumer,654.12
ORD102381,2024-12-13 13:11:17.655531,Office Chair,Furniture,South,Delhi,34152.8,5,0.19,Debit Card,Consumer,3580.11
ORD102382,2024-12-13 16:41:34.578915,Smartphone,Electronics,East,Delhi,34398.49,7,0.17,UPI,Home Office,5960.9
ORD102383,2024-12-13 20:11:51.502300,Dinner Set,Home & Kitchen,North,Mumbai,45311.86,1,0.11,Cash on Delivery,Consumer,9785.96
ORD102384,2024-12-13 23:42:08.425685,Exam Guide,Books,South,Pune,18772.02,4,0.36,UPI,Home Office,1252.37
ORD102385,2024-12-14 03:12:25.349069,Shoes,Clothing,West,Delhi,29328.59,9,0.13,Debit Card,Corporate,4984.49
ORD102386,2024-12-14 06:42:42.272454,Laptop,Electronics,South,Kolkata,806.94,8,0.23,Debit Card,Consumer,159.17
ORD102387,2024-12-14 10:12:59.195839,Air Fryer,Home & Kitchen,South,Ahmedabad,16737.35,3,0.1,UPI,Consumer,2301.87
ORD102388,2024-12-14 13:43:16.119223,T-Shirt,Clothing,West,Ahmedabad,3299.74,6,0.32,Net Banking,Corporate,432.91
ORD102389,2024-12-14 17:13:33.042608,Bookshelf,Furniture,North,Mumbai,26189.27,9,0.31,Credit Card,Corporate,1258.33
ORD102390,2024-12-14 20:43:49.965993,Desk,Furniture,West,Hyderabad,40908.89,8,0.12,Net Banking,Corporate,9274.17
ORD102391,2024-12-15 00:14:06.889377,Jeans,Clothing,North,Delhi,10480.85,7,0.27,Net Banking,Corporate,1905.35
ORD102392,2024-12-15 03:44:23.812762,Tablet,Electronics,West,Bengaluru,26466.56,7,0.28,Net Banking,Home Office,3126.38
ORD102393,2024-12-15 07:14:40.736147,Desk,Furniture,East,Chennai,10359.63,1,0.23,Net Banking,Consumer,636.65
ORD102394,2024-12-15 10:44:57.659531,Exam Guide,Books,North,Ahmedabad,6210.29,5,0.24,Credit Card,Home Office,1015.23
ORD102395,2024-12-15 14:15:14.582916,T-Shirt,Clothing,South,Lucknow,25647.64,7,0.23,Cash on Delivery,Home Office,3816.33
ORD102396,2024-12-15 17:45:31.506301,Jeans,Clothing,East,Mumbai,4141.6,2,0.03,UPI,Corporate,1124.34
ORD102397,2024-12-15 21:15:48.429685,Office Chair,Furniture,North,Hyderabad,29450.26,6,0.27,Net Banking,Consumer,2578.81
ORD102398,2024-12-16 00:46:05.353070,Laptop,Electronics,North,Jaipur,1760.61,2,0.19,Net Banking,Home Office,82.83
ORD102399,2024-12-16 04:16:22.276455,Novel,Books,North,Mumbai,5514.41,3,0.18,UPI,Home Office,514.06
ORD102400,2024-12-16 07:46:39.199839,Laptop,Electronics,West,Bengaluru,27589.87,1,0.34,UPI,Corporate,2858.44
ORD102401,2024-12-16 11:16:56.123224,Cookware Set,Home & Kitchen,North,Chennai,29652.09,3,0.01,Cash on Delivery,Consumer,2608.57
ORD102402,2024-12-16 14:47:13.046609,Cookware Set,Home & Kitchen,South,Lucknow,1643.55,7,0.1,Debit Card,Consumer,436.26
ORD102403,2024-12-16 18:17:29.969994,Desk,Furniture,North,Ahmedabad,28754.16,5,0.05,Cash on Delivery,Consumer,2884.56
ORD102404,2024-12-16 21:47:46.893378,Bookshelf,Furniture,South,Pune,41957.43,4,0.01,Debit Card,Home Office,9116.11
ORD102405,2024-12-17 01:18:03.816763,Office Chair,Furniture,South,Lucknow,36171.35,8,0.11,Credit Card,Corporate,5264.38
ORD102406,2024-12-17 04:48:20.740148,Coffee Maker,Home & Kitchen,South,Ahmedabad,6733.02,8,0.4,Cash on Delivery,Consumer,762.66
ORD102407,2024-12-17 08:18:37.663532,Smartphone,Electronics,East,Jaipur,29705.24,1,0.11,Credit Card,Home Office,7486.35
ORD102408,2024-12-17 11:48:54.586917,Laptop,Electronics,South,Jaipur,33678.17,9,0.27,UPI,Home Office,4496.32
ORD102409,2024-12-17 15:19:11.510302,Table,Furniture,West,Ahmedabad,2054.11,9,0.05,Cash on Delivery,Consumer,246.48
ORD102410,2024-12-17 18:49:28.433686,Novel,Books,North,Pune,42796.31,2,0.24,UPI,Corporate,3421.77
ORD102411,2024-12-17 22:19:45.357071,Smartphone,Electronics,West,Mumbai,45332.12,2,0.39,Net Banking,Corporate,7549.11
ORD102412,2024-12-18 01:50:02.280456,Coffee Maker,Home & Kitchen,East,Pune,42552.52,8,0.12,UPI,Consumer,11109.59
ORD102413,2024-12-18 05:20:19.203840,Jacket,Clothing,North,Delhi,41266.65,6,0.34,Net Banking,Home Office,3076.52
ORD102414,2024-12-18 08:50:36.127225,Jacket,Clothing,South,Ahmedabad,37299.27,3,0.4,Debit Card,Corporate,5158.12
ORD102415,2024-12-18 12:20:53.050610,Jeans,Clothing,North,Ahmedabad,31744.92,2,0.24,Net Banking,Home Office,4256.77
ORD102416,2024-12-18 15:51:09.973994,Programming Book,Books,East,Pune,33995.62,5,0.12,Debit Card,Home Office,6720.53
ORD102417,2024-12-18 19:21:26.897379,Table,Furniture,East,Kolkata,40358.49,8,0.27,Net Banking,Corporate,8574.93
ORD102418,2024-12-18 22:51:43.820764,Dinner Set,Home & Kitchen,West,Kolkata,33192.42,6,0.34,Net Banking,Home Office,2607.41
ORD102419,2024-12-19 02:22:00.744148,Programming Book,Books,North,Bengaluru,16520.8,3,0.07,Credit Card,Home Office,3610.41
ORD102420,2024-12-19 05:52:17.667533,Cookware Set,Home & Kitchen,North,Kolkata,18922.86,9,0.18,Credit Card,Consumer,2474.71
ORD102421,2024-12-19 09:22:34.590918,Dinner Set,Home & Kitchen,North,Jaipur,44873.46,8,0.13,UPI,Corporate,8320.71
ORD102422,2024-12-19 12:52:51.514302,Bookshelf,Furniture,West,Delhi,1052.68,6,0.11,Credit Card,Home Office,142.09
ORD102423,2024-12-19 16:23:08.437687,T-Shirt,Clothing,East,Ahmedabad,35001.26,1,0.34,Debit Card,Corporate,5245.83
ORD102424,2024-12-19 19:53:25.361072,Sofa,Furniture,South,Lucknow,47747.92,2,0.17,Credit Card,Corporate,5325.4
ORD102425,2024-12-19 23:23:42.284456,Novel,Books,North,Jaipur,35370.16,4,0.14,UPI,Home Office,5234.65
ORD102426,2024-12-20 02:53:59.207841,Programming Book,Books,West,Bengaluru,49696.82,2,0.24,Cash on Delivery,Corporate,8581.19
ORD102427,2024-12-20 06:24:16.131226,Exam Guide,Books,West,Chennai,34439.74,3,0.09,Debit Card,Consumer,1901.62
ORD102428,2024-12-20 09:54:33.054610,Desk,Furniture,South,Delhi,1911.28,8,0.09,Cash on Delivery,Consumer,229.62
ORD102429,2024-12-20 13:24:49.977995,Air Fryer,Home & Kitchen,East,Kolkata,41385.09,9,0.21,Debit Card,Home Office,6098.98
ORD102430,2024-12-20 16:55:06.901380,Cookware Set,Home & Kitchen,North,Hyderabad,14374.57,6,0.16,UPI,Corporate,827.52
ORD102431,2024-12-20 20:25:23.824764,Smartphone,Electronics,North,Mumbai,22413.65,4,0.12,Credit Card,Home Office,4453.47
ORD102432,2024-12-20 23:55:40.748149,Data Science Book,Books,West,Lucknow,15742.18,2,0.02,Cash on Delivery,Corporate,3908.08
ORD102433,2024-12-21 03:25:57.671534,Air Fryer,Home & Kitchen,East,Ahmedabad,13573.99,7,0.21,Cash on Delivery,Home Office,974.03
ORD102434,2024-12-21 06:56:14.594918,Smartphone,Electronics,North,Chennai,21684.0,7,0.33,Credit Card,Home Office,3390.4
ORD102435,2024-12-21 10:26:31.518303,Air Fryer,Home & Kitchen,South,Mumbai,19061.82,9,0.34,UPI,Corporate,2661.47
ORD102436,2024-12-21 13:56:48.441688,Programming Book,Books,East,Pune,31740.26,5,0.09,Credit Card,Consumer,4411.1
ORD102437,2024-12-21 17:27:05.365073,Jacket,Clothing,East,Pune,40694.93,4,0.24,Net Banking,Home Office,2822.1
ORD102438,2024-12-21 20:57:22.288457,Data Science Book,Books,West,Delhi,14995.01,6,0.34,Net Banking,Consumer,2857.37
ORD102439,2024-12-22 00:27:39.211842,Desk,Furniture,West,Delhi,10843.31,2,0.16,Net Banking,Corporate,1512.02
ORD102440,2024-12-22 03:57:56.135227,Mixer,Home & Kitchen,North,Delhi,33411.38,2,0.37,Cash on Delivery,Home Office,2018.84
ORD102441,2024-12-22 07:28:13.058611,Coffee Maker,Home & Kitchen,West,Jaipur,33581.94,9,0.36,Cash on Delivery,Corporate,4933.4
ORD102442,2024-12-22 10:58:29.981996,Sofa,Furniture,East,Jaipur,45076.34,7,0.08,UPI,Consumer,8375.93
ORD102443,2024-12-22 14:28:46.905381,Table,Furniture,North,Pune,994.1,7,0.1,Debit Card,Corporate,227.3
ORD102444,2024-12-22 17:59:03.828765,Jacket,Clothing,North,Delhi,42681.42,5,0.07,Credit Card,Home Office,11869.38
ORD102445,2024-12-22 21:29:20.752150,Air Fryer,Home & Kitchen,East,Lucknow,26145.91,7,0.08,Debit Card,Consumer,1472.52
ORD102446,2024-12-23 00:59:37.675535,Mixer,Home & Kitchen,North,Bengaluru,31140.84,9,0.36,Cash on Delivery,Home Office,4680.17
ORD102447,2024-12-23 04:29:54.598919,Shoes,Clothing,South,Delhi,4750.3,5,0.37,Credit Card,Consumer,889.67
ORD102448,2024-12-23 08:00:11.522304,Tablet,Electronics,South,Ahmedabad,21744.22,9,0.02,Cash on Delivery,Corporate,3932.81
ORD102449,2024-12-23 11:30:28.445689,T-Shirt,Clothing,North,Lucknow,11519.66,1,0.24,UPI,Corporate,2004.23
ORD102450,2024-12-23 15:00:45.369073,Data Science Book,Books,West,Ahmedabad,12860.41,3,0.23,Credit Card,Home Office,1587.15
ORD102451,2024-12-23 18:31:02.292458,Coffee Maker,Home & Kitchen,South,Hyderabad,25303.94,7,0.16,Cash on Delivery,Home Office,2958.6
ORD102452,2024-12-23 22:01:19.215843,Table,Furniture,North,Pune,40660.31,4,0.25,Net Banking,Home Office,6834.42
ORD102453,2024-12-24 01:31:36.139227,Novel,Books,South,Delhi,37240.29,2,0.38,Net Banking,Consumer,6857.94
ORD102454,2024-12-24 05:01:53.062612,Coffee Maker,Home & Kitchen,West,Kolkata,29631.8,3,0.07,Cash on Delivery,Consumer,2009.4
ORD102455,2024-12-24 08:32:09.985997,Dress,Clothing,East,Mumbai,27063.03,7,0.05,Debit Card,Home Office,3998.67
ORD102456,2024-12-24 12:02:26.909381,Programming Book,Books,North,Delhi,21479.84,8,0.01,UPI,Consumer,6063.83
ORD102457,2024-12-24 15:32:43.832766,Cookware Set,Home & Kitchen,North,Bengaluru,48640.96,9,0.15,UPI,Consumer,3233.15
ORD102458,2024-12-24 19:03:00.756151,Tablet,Electronics,North,Hyderabad,28097.59,6,0.14,Cash on Delivery,Corporate,5140.47
ORD102459,2024-12-24 22:33:17.679535,Tablet,Electronics,North,Delhi,12847.53,9,0.17,UPI,Corporate,1679.93
ORD102460,2024-12-25 02:03:34.602920,Bookshelf,Furniture,North,Mumbai,11658.52,4,0.2,Credit Card,Corporate,1345.14
ORD102461,2024-12-25 05:33:51.526305,Coffee Maker,Home & Kitchen,North,Mumbai,30645.38,5,0.3,UPI,Home Office,2195.8
ORD102462,2024-12-25 09:04:08.449689,Headphones,Electronics,West,Jaipur,26236.81,1,0.16,Net Banking,Corporate,2073.5
ORD102463,2024-12-25 12:34:25.373074,Jeans,Clothing,East,Bengaluru,583.35,9,0.13,Cash on Delivery,Corporate,90.88
ORD102464,2024-12-25 16:04:42.296459,Dinner Set,Home & Kitchen,West,Bengaluru,41537.26,9,0.33,Credit Card,Consumer,4017.51
ORD102465,2024-12-25 19:34:59.219843,Jacket,Clothing,West,Lucknow,35265.29,9,0.34,UPI,Corporate,4023.94
ORD102466,2024-12-25 23:05:16.143228,Shoes,Clothing,East,Kolkata,33159.1,3,0.09,Net Banking,Consumer,2986.83
ORD102467,2024-12-26 02:35:33.066613,Smartphone,Electronics,West,Bengaluru,3625.28,8,0.13,Debit Card,Corporate,433.83
ORD102468,2024-12-26 06:05:49.989998,Mixer,Home & Kitchen,South,Hyderabad,18230.38,3,0.33,UPI,Home Office,3653.37
ORD102469,2024-12-26 09:36:06.913382,Data Science Book,Books,West,Kolkata,46782.04,6,0.03,Net Banking,Home Office,6444.56
ORD102470,2024-12-26 13:06:23.836767,Smartphone,Electronics,North,Jaipur,43156.94,5,0.13,Net Banking,Corporate,5751.28
ORD102471,2024-12-26 16:36:40.760152,Laptop,Electronics,South,Bengaluru,14420.04,8,0.18,Net Banking,Corporate,649.98
ORD102472,2024-12-26 20:06:57.683536,Air Fryer,Home & Kitchen,South,Jaipur,8021.53,3,0.07,Net Banking,Corporate,1083.24
ORD102473,2024-12-26 23:37:14.606921,Cookware Set,Home & Kitchen,East,Mumbai,22564.58,1,0.07,Debit Card,Home Office,5054.21
ORD102474,2024-12-27 03:07:31.530306,Jeans,Clothing,West,Delhi,17920.35,9,0.17,Cash on Delivery,Consumer,2660.93
ORD102475,2024-12-27 06:37:48.453690,Air Fryer,Home & Kitchen,West,Bengaluru,34174.87,9,0.3,Net Banking,Consumer,5125.65
ORD102476,2024-12-27 10:08:05.377075,Jeans,Clothing,South,Mumbai,48328.45,3,0.34,Cash on Delivery,Corporate,6032.89
ORD102477,2024-12-27 13:38:22.300460,Tablet,Electronics,West,Delhi,18277.47,2,0.39,Debit Card,Home Office,851.5
ORD102478,2024-12-27 17:08:39.223844,Bookshelf,Furniture,West,Delhi,3298.76,4,0.03,Debit Card,Consumer,425.69
ORD102479,2024-12-27 20:38:56.147229,Novel,Books,East,Mumbai,44901.18,8,0.09,Credit Card,Corporate,9134.61
ORD102480,2024-12-28 00:09:13.070614,Laptop,Electronics,South,Ahmedabad,2089.9,6,0.3,Credit Card,Home Office,273.55
ORD102481,2024-12-28 03:39:29.993998,Mixer,Home & Kitchen,North,Kolkata,47647.74,1,0.22,Net Banking,Home Office,8129.53
ORD102482,2024-12-28 07:09:46.917383,Exam Guide,Books,South,Ahmedabad,33296.06,8,0.13,Cash on Delivery,Consumer,4056.77
ORD102483,2024-12-28 10:40:03.840768,Bookshelf,Furniture,East,Pune,47096.12,5,0.08,Debit Card,Home Office,4264.48
ORD102484,2024-12-28 14:10:20.764152,Desk,Furniture,East,Chennai,10143.05,6,0.11,UPI,Corporate,2324.11
ORD102485,2024-12-28 17:40:37.687537,Jeans,Clothing,East,Delhi,2226.85,5,0.17,Credit Card,Corporate,266.29
ORD102486,2024-12-28 21:10:54.610922,Programming Book,Books,West,Lucknow,24512.86,5,0.07,Credit Card,Consumer,4872.91
ORD102487,2024-12-29 00:41:11.534306,Dress,Clothing,South,Kolkata,22641.05,3,0.39,UPI,Home Office,2006.9
ORD102488,2024-12-29 04:11:28.457691,Laptop,Electronics,West,Delhi,16708.32,4,0.04,Cash on Delivery,Consumer,4520.28
ORD102489,2024-12-29 07:41:45.381076,Programming Book,Books,West,Hyderabad,47891.29,5,0.39,Cash on Delivery,Consumer,8705.24
ORD102490,2024-12-29 11:12:02.304460,Tablet,Electronics,South,Lucknow,41164.67,2,0.34,Cash on Delivery,Home Office,5766.07
ORD102491,2024-12-29 14:42:19.227845,Jacket,Clothing,East,Pune,33146.78,6,0.17,Net Banking,Consumer,5517.16
ORD102492,2024-12-29 18:12:36.151230,Novel,Books,North,Pune,8310.34,2,0.3,Net Banking,Home Office,1513.68
ORD102493,2024-12-29 21:42:53.074614,Jacket,Clothing,North,Hyderabad,36769.31,4,0.27,UPI,Corporate,4806.2
ORD102494,2024-12-30 01:13:09.997999,Business Book,Books,South,Mumbai,36405.22,1,0.09,Debit Card,Consumer,8857.85
ORD102495,2024-12-30 04:43:26.921384,Shoes,Clothing,South,Kolkata,21368.4,4,0.14,UPI,Home Office,2815.96
ORD102496,2024-12-30 08:13:43.844768,Sofa,Furniture,East,Jaipur,46254.34,7,0.21,Debit Card,Home Office,2118.43
ORD102497,2024-12-30 11:44:00.768153,Dress,Clothing,South,Kolkata,8515.5,8,0.26,UPI,Home Office,1774.79
ORD102498,2024-12-30 15:14:17.691538,Office Chair,Furniture,South,Lucknow,13513.41,2,0.22,Net Banking,Consumer,2428.33
ORD102499,2024-12-30 18:44:34.614922,Jacket,Clothing,East,Ahmedabad,3348.57,3,0.19,Cash on Delivery,Corporate,481.96
ORD102500,2024-12-30 22:14:51.538307,Novel,Books,East,Jaipur,39813.46,1,0.18,Credit Card,Consumer,9344.35
ORD102501,2024-12-31 01:45:08.461692,Business Book,Books,West,Pune,31163.62,7,0.2,UPI,Corporate,6773.53
ORD102502,2024-12-31 05:15:25.385077,Data Science Book,Books,South,Pune,15884.03,4,0.17,UPI,Consumer,1016.55
ORD102503,2024-12-31 08:45:42.308461,Coffee Maker,Home & Kitchen,North,Mumbai,8357.92,8,0.22,Credit Card,Consumer,1343.6
ORD102504,2024-12-31 12:15:59.231846,Smartwatch,Electronics,South,Chennai,2199.36,5,0.36,UPI,Consumer,259.74
ORD102505,2024-12-31 15:46:16.155231,Novel,Books,North,Kolkata,8503.93,9,0.25,Cash on Delivery,Corporate,1556.97
ORD102506,2024-12-31 19:16:33.078615,Table,Furniture,North,Mumbai,22773.58,6,0.29,Credit Card,Home Office,2024.26
ORD102507,2024-12-31 22:46:50.002000,Programming Book,Books,North,Lucknow,12509.41,2,0.24,Credit Card,Consumer,494.65
ORD102508,2025-01-01 02:17:06.925385,Dinner Set,Home & Kitchen,West,Jaipur,13097.31,1,0.26,Cash on Delivery,Consumer,933.82
ORD102509,2025-01-01 05:47:23.848769,Bookshelf,Furniture,East,Hyderabad,43803.7,1,0.23,Cash on Delivery,Corporate,3465.14
ORD102510,2025-01-01 09:17:40.772154,Dinner Set,Home & Kitchen,East,Delhi,25853.86,9,0.01,Credit Card,Consumer,3144.49
ORD102511,2025-01-01 12:47:57.695539,Bookshelf,Furniture,West,Ahmedabad,36516.75,1,0.4,Cash on Delivery,Home Office,3124.33
ORD102512,2025-01-01 16:18:14.618923,Jacket,Clothing,East,Lucknow,1978.41,3,0.01,Cash on Delivery,Home Office,443.9
ORD102513,2025-01-01 19:48:31.542308,Laptop,Electronics,West,Delhi,18385.14,2,0.16,Cash on Delivery,Corporate,1058.83
ORD102514,2025-01-01 23:18:48.465693,Smartphone,Electronics,South,Kolkata,24062.63,4,0.04,Credit Card,Corporate,3964.83
ORD102515,2025-01-02 02:49:05.389077,Mixer,Home & Kitchen,West,Hyderabad,9483.56,1,0.04,UPI,Home Office,1590.15
ORD102516,2025-01-02 06:19:22.312462,Tablet,Electronics,East,Pune,6185.54,1,0.32,Debit Card,Home Office,857.92
ORD102517,2025-01-02 09:49:39.235847,Air Fryer,Home & Kitchen,East,Mumbai,43541.13,4,0.17,Credit Card,Home Office,4612.69
ORD102518,2025-01-02 13:19:56.159231,Coffee Maker,Home & Kitchen,South,Jaipur,46983.7,4,0.32,Debit Card,Corporate,3672.44
ORD102519,2025-01-02 16:50:13.082616,Coffee Maker,Home & Kitchen,West,Mumbai,4124.57,7,0.11,Cash on Delivery,Home Office,627.61
ORD102520,2025-01-02 20:20:30.006001,Headphones,Electronics,South,Jaipur,17581.13,8,0.1,Cash on Delivery,Home Office,3400.4
ORD102521,2025-01-02 23:50:46.929385,Mixer,Home & Kitchen,North,Chennai,47922.62,8,0.1,UPI,Home Office,2637.34
ORD102522,2025-01-03 03:21:03.852770,Smartphone,Electronics,West,Chennai,4341.45,8,0.25,Cash on Delivery,Consumer,401.79
ORD102523,2025-01-03 06:51:20.776155,Mixer,Home & Kitchen,South,Mumbai,32253.34,9,0.33,Debit Card,Corporate,5333.88
ORD102524,2025-01-03 10:21:37.699539,Data Science Book,Books,South,Jaipur,48616.62,1,0.18,Credit Card,Corporate,6818.91
ORD102525,2025-01-03 13:51:54.622924,Air Fryer,Home & Kitchen,East,Jaipur,48915.54,9,0.15,Credit Card,Corporate,11972.71
ORD102526,2025-01-03 17:22:11.546309,Desk,Furniture,West,Delhi,23666.92,8,0.39,UPI,Corporate,3852.98
ORD102527,2025-01-03 20:52:28.469693,Dinner Set,Home & Kitchen,North,Mumbai,8304.91,1,0.05,Debit Card,Consumer,1072.89
ORD102528,2025-01-04 00:22:45.393078,Dress,Clothing,North,Bengaluru,10263.8,7,0.19,Cash on Delivery,Consumer,1925.18
ORD102529,2025-01-04 03:53:02.316463,Cookware Set,Home & Kitchen,West,Kolkata,44502.15,9,0.16,Net Banking,Consumer,4432.63
ORD102530,2025-01-04 07:23:19.239847,Table,Furniture,West,Pune,45601.81,4,0.04,UPI,Consumer,4107.41
ORD102531,2025-01-04 10:53:36.163232,Sofa,Furniture,South,Chennai,30472.41,9,0.11,UPI,Consumer,7329.44
ORD102532,2025-01-04 14:23:53.086617,Tablet,Electronics,East,Bengaluru,38355.58,1,0.01,Net Banking,Corporate,5223.52
ORD102533,2025-01-04 17:54:10.010002,Exam Guide,Books,East,Chennai,37048.58,9,0.35,Credit Card,Corporate,2428.74
ORD102534,2025-01-04 21:24:26.933386,Dinner Set,Home & Kitchen,East,Hyderabad,33158.72,6,0.24,Credit Card,Corporate,7339.53
ORD102535,2025-01-05 00:54:43.856771,Smartwatch,Electronics,West,Chennai,41398.39,4,0.33,Credit Card,Consumer,1602.01
ORD102536,2025-01-05 04:25:00.780156,Exam Guide,Books,East,Lucknow,34333.25,5,0.21,Net Banking,Home Office,3844.04
ORD102537,2025-01-05 07:55:17.703540,Coffee Maker,Home & Kitchen,South,Chennai,26793.31,7,0.24,Cash on Delivery,Corporate,1213.72
ORD102538,2025-01-05 11:25:34.626925,Jeans,Clothing,West,Delhi,12000.43,4,0.28,Cash on Delivery,Corporate,1520.91
ORD102539,2025-01-05 14:55:51.550310,Mixer,Home & Kitchen,West,Bengaluru,37245.63,8,0.36,Debit Card,Home Office,3582.59
ORD102540,2025-01-05 18:26:08.473694,Desk,Furniture,East,Hyderabad,23777.21,3,0.04,Debit Card,Consumer,5253.82
ORD102541,2025-01-05 21:56:25.397079,Office Chair,Furniture,North,Jaipur,14880.63,2,0.13,Credit Card,Home Office,3735.08
ORD102542,2025-01-06 01:26:42.320464,Jeans,Clothing,North,Jaipur,40136.92,1,0.28,Net Banking,Home Office,5199.5
ORD102543,2025-01-06 04:56:59.243848,Laptop,Electronics,South,Hyderabad,34896.34,6,0.38,UPI,Corporate,2625.49
ORD102544,2025-01-06 08:27:16.167233,Programming Book,Books,East,Ahmedabad,46879.51,2,0.39,Cash on Delivery,Corporate,7665.12
ORD102545,2025-01-06 11:57:33.090618,Air Fryer,Home & Kitchen,East,Mumbai,8438.99,8,0.26,Net Banking,Consumer,1256.06
ORD102546,2025-01-06 15:27:50.014002,Office Chair,Furniture,West,Ahmedabad,32529.63,4,0.08,Debit Card,Home Office,5637.43
ORD102547,2025-01-06 18:58:06.937387,Laptop,Electronics,West,Bengaluru,12363.13,9,0.05,Cash on Delivery,Consumer,1140.95
ORD102548,2025-01-06 22:28:23.860772,Jacket,Clothing,East,Chennai,45198.43,4,0.38,Cash on Delivery,Home Office,1685.53
ORD102549,2025-01-07 01:58:40.784156,Table,Furniture,West,Jaipur,5155.07,4,0.17,Net Banking,Corporate,707.49
ORD102550,2025-01-07 05:28:57.707541,Dress,Clothing,East,Delhi,32876.86,8,0.08,Debit Card,Home Office,5505.26
ORD102551,2025-01-07 08:59:14.630926,Air Fryer,Home & Kitchen,South,Ahmedabad,39596.07,8,0.37,Net Banking,Consumer,2039.88
ORD102552,2025-01-07 12:29:31.554310,Business Book,Books,West,Chennai,17874.91,5,0.04,UPI,Home Office,1112.81
ORD102553,2025-01-07 15:59:48.477695,Office Chair,Furniture,East,Pune,47716.08,3,0.29,Cash on Delivery,Consumer,3524.04
ORD102554,2025-01-07 19:30:05.401080,Office Chair,Furniture,West,Mumbai,42566.39,2,0.25,Net Banking,Home Office,2099.84
ORD102555,2025-01-07 23:00:22.324464,Air Fryer,Home & Kitchen,South,Hyderabad,14871.99,9,0.04,Net Banking,Corporate,914.23
ORD102556,2025-01-08 02:30:39.247849,Headphones,Electronics,West,Chennai,575.55,9,0.14,UPI,Corporate,79.71
ORD102557,2025-01-08 06:00:56.171234,Business Book,Books,East,Mumbai,14973.53,5,0.06,Net Banking,Consumer,3554.83
ORD102558,2025-01-08 09:31:13.094618,Table,Furniture,West,Mumbai,14209.26,8,0.24,Cash on Delivery,Corporate,2332.56
ORD102559,2025-01-08 13:01:30.018003,Novel,Books,West,Jaipur,44520.24,7,0.19,Credit Card,Home Office,7928.22
ORD102560,2025-01-08 16:31:46.941388,Table,Furniture,East,Jaipur,48362.63,3,0.0,Credit Card,Home Office,5591.16
ORD102561,2025-01-08 20:02:03.864772,Programming Book,Books,North,Bengaluru,3707.91,5,0.39,Debit Card,Corporate,119.37
ORD102562,2025-01-08 23:32:20.788157,Jacket,Clothing,West,Pune,23670.48,9,0.14,UPI,Consumer,3311.24
ORD102563,2025-01-09 03:02:37.711542,Sofa,Furniture,West,Hyderabad,27506.93,4,0.1,Debit Card,Home Office,3571.86
ORD102564,2025-01-09 06:32:54.634926,Exam Guide,Books,South,Mumbai,4827.0,3,0.09,Credit Card,Consumer,1259.83
ORD102565,2025-01-09 10:03:11.558311,Smartwatch,Electronics,North,Bengaluru,18999.39,7,0.06,UPI,Home Office,1214.53
ORD102566,2025-01-09 13:33:28.481696,Dress,Clothing,South,Lucknow,15990.7,8,0.4,Net Banking,Consumer,2342.04
ORD102567,2025-01-09 17:03:45.405081,T-Shirt,Clothing,East,Ahmedabad,26895.61,5,0.12,Net Banking,Consumer,3463.93
ORD102568,2025-01-09 20:34:02.328465,Smartphone,Electronics,East,Kolkata,33127.31,8,0.16,Cash on Delivery,Home Office,7162.79
ORD102569,2025-01-10 00:04:19.251850,Business Book,Books,South,Mumbai,35233.56,5,0.35,Credit Card,Home Office,3978.66
ORD102570,2025-01-10 03:34:36.175235,Coffee Maker,Home & Kitchen,West,Bengaluru,7010.4,9,0.26,Net Banking,Consumer,1323.51
ORD102571,2025-01-10 07:04:53.098619,Smartphone,Electronics,North,Pune,40684.8,7,0.15,UPI,Home Office,5765.25
ORD102572,2025-01-10 10:35:10.022004,Business Book,Books,South,Jaipur,33991.39,5,0.36,Net Banking,Corporate,3273.29
ORD102573,2025-01-10 14:05:26.945389,Smartwatch,Electronics,South,Mumbai,44475.93,9,0.3,Debit Card,Home Office,9057.48
ORD102574,2025-01-10 17:35:43.868773,Tablet,Electronics,East,Mumbai,22576.94,5,0.09,Debit Card,Consumer,2921.8
ORD102575,2025-01-10 21:06:00.792158,Table,Furniture,West,Chennai,44715.71,8,0.26,Debit Card,Home Office,8316.25
ORD102576,2025-01-11 00:36:17.715543,Novel,Books,North,Pune,43315.55,4,0.37,Debit Card,Home Office,1821.75
ORD102577,2025-01-11 04:06:34.638927,Mixer,Home & Kitchen,South,Hyderabad,22032.78,9,0.2,Debit Card,Consumer,1157.38
ORD102578,2025-01-11 07:36:51.562312,Sofa,Furniture,North,Jaipur,19180.94,6,0.29,Cash on Delivery,Home Office,2172.51
ORD102579,2025-01-11 11:07:08.485697,Laptop,Electronics,North,Mumbai,46654.04,6,0.39,Debit Card,Consumer,5589.13
ORD102580,2025-01-11 14:37:25.409081,Smartphone,Electronics,South,Ahmedabad,35815.2,3,0.28,Cash on Delivery,Consumer,5212.4
ORD102581,2025-01-11 18:07:42.332466,Smartphone,Electronics,North,Jaipur,46426.62,3,0.04,Cash on Delivery,Consumer,2633.91
ORD102582,2025-01-11 21:37:59.255851,Exam Guide,Books,East,Ahmedabad,39889.34,4,0.1,Net Banking,Consumer,8048.33
ORD102583,2025-01-12 01:08:16.179235,Business Book,Books,West,Kolkata,30543.01,1,0.24,UPI,Corporate,1914.62
ORD102584,2025-01-12 04:38:33.102620,Bookshelf,Furniture,West,Hyderabad,5969.47,6,0.11,Debit Card,Corporate,1534.54
ORD102585,2025-01-12 08:08:50.026005,Cookware Set,Home & Kitchen,West,Kolkata,14715.74,1,0.38,UPI,Consumer,1216.99
ORD102586,2025-01-12 11:39:06.949389,Sofa,Furniture,East,Mumbai,48448.35,4,0.16,Credit Card,Home Office,4694.81
ORD102587,2025-01-12 15:09:23.872774,T-Shirt,Clothing,East,Chennai,16107.22,7,0.18,Cash on Delivery,Corporate,1622.15
ORD102588,2025-01-12 18:39:40.796159,Tablet,Electronics,East,Hyderabad,4844.09,6,0.28,Credit Card,Consumer,991.7
ORD102589,2025-01-12 22:09:57.719543,Laptop,Electronics,West,Chennai,35436.16,8,0.21,Cash on Delivery,Corporate,4778.96
ORD102590,2025-01-13 01:40:14.642928,Smartphone,Electronics,North,Bengaluru,36753.41,4,0.15,Debit Card,Consumer,4956.91
ORD102591,2025-01-13 05:10:31.566313,Desk,Furniture,East,Lucknow,14415.79,9,0.03,Credit Card,Corporate,2677.45
ORD102592,2025-01-13 08:40:48.489697,Office Chair,Furniture,South,Pune,15024.06,8,0.24,Net Banking,Consumer,3227.84
ORD102593,2025-01-13 12:11:05.413082,Smartphone,Electronics,East,Bengaluru,23550.87,5,0.35,Credit Card,Corporate,1945.42
ORD102594,2025-01-13 15:41:22.336467,Sofa,Furniture,South,Kolkata,1285.09,6,0.27,Cash on Delivery,Corporate,89.31
ORD102595,2025-01-13 19:11:39.259851,Novel,Books,West,Ahmedabad,39508.29,5,0.15,Cash on Delivery,Home Office,6678.55
ORD102596,2025-01-13 22:41:56.183236,Exam Guide,Books,South,Kolkata,15991.02,6,0.05,UPI,Corporate,2626.89
ORD102597,2025-01-14 02:12:13.106621,Sofa,Furniture,East,Hyderabad,42717.4,1,0.33,Credit Card,Home Office,1874.43
ORD102598,2025-01-14 05:42:30.030006,Headphones,Electronics,East,Hyderabad,40170.99,4,0.38,Net Banking,Corporate,4495.15
ORD102599,2025-01-14 09:12:46.953390,Desk,Furniture,North,Kolkata,33137.82,9,0.16,Debit Card,Consumer,5305.62
ORD102600,2025-01-14 12:43:03.876775,Desk,Furniture,West,Mumbai,16378.77,4,0.29,UPI,Home Office,2599.5
ORD102601,2025-01-14 16:13:20.800160,Table,Furniture,South,Kolkata,25912.56,2,0.16,Credit Card,Corporate,6505.71
ORD102602,2025-01-14 19:43:37.723544,Dress,Clothing,West,Hyderabad,22352.5,6,0.2,UPI,Home Office,2778.78
ORD102603,2025-01-14 23:13:54.646929,Programming Book,Books,East,Hyderabad,17076.32,2,0.33,Credit Card,Consumer,2031.38
ORD102604,2025-01-15 02:44:11.570314,Mixer,Home & Kitchen,North,Jaipur,42437.19,3,0.03,Debit Card,Consumer,2830.05
ORD102605,2025-01-15 06:14:28.493698,Mixer,Home & Kitchen,East,Delhi,24278.65,7,0.21,Debit Card,Consumer,4946.5
ORD102606,2025-01-15 09:44:45.417083,Dress,Clothing,East,Chennai,41669.61,4,0.09,Net Banking,Consumer,2826.47
ORD102607,2025-01-15 13:15:02.340468,Office Chair,Furniture,East,Bengaluru,5439.88,1,0.14,UPI,Consumer,1326.1
ORD102608,2025-01-15 16:45:19.263852,T-Shirt,Clothing,South,Kolkata,7223.03,9,0.26,Net Banking,Home Office,732.94
ORD102609,2025-01-15 20:15:36.187237,Jacket,Clothing,East,Jaipur,48870.55,6,0.01,Credit Card,Home Office,6502.31
ORD102610,2025-01-15 23:45:53.110622,Laptop,Electronics,West,Mumbai,29470.87,9,0.24,Debit Card,Corporate,2959.93
ORD102611,2025-01-16 03:16:10.034006,Novel,Books,West,Hyderabad,25586.53,3,0.11,Debit Card,Corporate,6549.74
ORD102612,2025-01-16 06:46:26.957391,Dinner Set,Home & Kitchen,North,Kolkata,26253.17,5,0.27,Cash on Delivery,Consumer,5654.14
ORD102613,2025-01-16 10:16:43.880776,Sofa,Furniture,West,Hyderabad,10920.38,9,0.06,Cash on Delivery,Consumer,3010.87
ORD102614,2025-01-16 13:47:00.804160,Air Fryer,Home & Kitchen,East,Ahmedabad,35991.46,6,0.29,Net Banking,Home Office,5780.22
ORD102615,2025-01-16 17:17:17.727545,Dinner Set,Home & Kitchen,East,Jaipur,4422.08,2,0.26,UPI,Consumer,254.47
ORD102616,2025-01-16 20:47:34.650930,Exam Guide,Books,West,Kolkata,28751.52,1,0.39,Credit Card,Consumer,2570.97
ORD102617,2025-01-17 00:17:51.574314,Cookware Set,Home & Kitchen,North,Ahmedabad,28624.29,9,0.36,Net Banking,Consumer,2240.98
ORD102618,2025-01-17 03:48:08.497699,Mixer,Home & Kitchen,North,Lucknow,45726.58,1,0.11,Debit Card,Corporate,9242.1
ORD102619,2025-01-17 07:18:25.421084,Jeans,Clothing,West,Jaipur,26403.9,5,0.01,Debit Card,Home Office,4526.47
ORD102620,2025-01-17 10:48:42.344468,Programming Book,Books,South,Kolkata,7025.72,1,0.26,Debit Card,Corporate,1061.25
ORD102621,2025-01-17 14:18:59.267853,Laptop,Electronics,South,Kolkata,28723.11,5,0.24,Credit Card,Consumer,1139.13
ORD102622,2025-01-17 17:49:16.191238,Table,Furniture,South,Pune,4748.12,5,0.01,Net Banking,Consumer,1155.02
ORD102623,2025-01-17 21:19:33.114622,Mixer,Home & Kitchen,South,Jaipur,10348.93,7,0.05,Credit Card,Corporate,2831.59
ORD102624,2025-01-18 00:49:50.038007,Bookshelf,Furniture,West,Jaipur,1749.21,7,0.23,Debit Card,Corporate,292.74
ORD102625,2025-01-18 04:20:06.961392,Headphones,Electronics,North,Hyderabad,25762.02,1,0.36,Cash on Delivery,Home Office,4336.01
ORD102626,2025-01-18 07:50:23.884776,Bookshelf,Furniture,East,Kolkata,4409.72,9,0.36,Net Banking,Consumer,478.54
ORD102627,2025-01-18 11:20:40.808161,Tablet,Electronics,East,Chennai,23575.84,1,0.06,Cash on Delivery,Consumer,1220.02
ORD102628,2025-01-18 14:50:57.731546,Jeans,Clothing,West,Chennai,46660.66,5,0.15,Net Banking,Corporate,11803.97
ORD102629,2025-01-18 18:21:14.654930,Coffee Maker,Home & Kitchen,East,Chennai,36044.12,7,0.02,Debit Card,Home Office,2285.7
ORD102630,2025-01-18 21:51:31.578315,Laptop,Electronics,South,Lucknow,4055.1,8,0.19,Cash on Delivery,Home Office,322.53
ORD102631,2025-01-19 01:21:48.501700,Sofa,Furniture,North,Kolkata,11365.65,2,0.3,Cash on Delivery,Consumer,502.1
ORD102632,2025-01-19 04:52:05.425085,Cookware Set,Home & Kitchen,West,Kolkata,33748.39,1,0.32,Net Banking,Consumer,4732.97
ORD102633,2025-01-19 08:22:22.348469,Jeans,Clothing,North,Ahmedabad,44756.15,4,0.2,Cash on Delivery,Corporate,7010.88
ORD102634,2025-01-19 11:52:39.271854,Dinner Set,Home & Kitchen,West,Pune,1839.35,4,0.04,Cash on Delivery,Consumer,180.85
ORD102635,2025-01-19 15:22:56.195239,Headphones,Electronics,West,Jaipur,40660.07,6,0.15,Debit Card,Corporate,9993.79
ORD102636,2025-01-19 18:53:13.118623,Jacket,Clothing,West,Hyderabad,28178.33,1,0.37,Net Banking,Consumer,4941.75
ORD102637,2025-01-19 22:23:30.042008,Desk,Furniture,West,Pune,27395.35,1,0.09,Net Banking,Consumer,2990.39
ORD102638,2025-01-20 01:53:46.965393,Dress,Clothing,North,Ahmedabad,47899.1,3,0.13,UPI,Consumer,8947.7
ORD102639,2025-01-20 05:24:03.888777,Dress,Clothing,East,Kolkata,37432.7,5,0.3,Net Banking,Home Office,6912.54
ORD102640,2025-01-20 08:54:20.812162,Programming Book,Books,West,Bengaluru,42535.92,6,0.29,Debit Card,Consumer,4226.55
ORD102641,2025-01-20 12:24:37.735547,Jacket,Clothing,South,Jaipur,17828.98,5,0.36,Cash on Delivery,Consumer,1293.91
ORD102642,2025-01-20 15:54:54.658931,Jeans,Clothing,West,Lucknow,27807.33,5,0.16,UPI,Home Office,2663.94
ORD102643,2025-01-20 19:25:11.582316,Coffee Maker,Home & Kitchen,North,Chennai,30847.2,9,0.21,Cash on Delivery,Home Office,6216.95
ORD102644,2025-01-20 22:55:28.505701,Bookshelf,Furniture,West,Lucknow,16214.88,2,0.19,Net Banking,Consumer,2177.2
ORD102645,2025-01-21 02:25:45.429085,Mixer,Home & Kitchen,South,Kolkata,28598.36,1,0.37,Credit Card,Home Office,4122.9
ORD102646,2025-01-21 05:56:02.352470,Dinner Set,Home & Kitchen,North,Ahmedabad,11985.44,6,0.31,Cash on Delivery,Home Office,1757.99
ORD102647,2025-01-21 09:26:19.275855,Smartphone,Electronics,West,Bengaluru,7340.11,9,0.33,Net Banking,Home Office,622.39
ORD102648,2025-01-21 12:56:36.199239,Air Fryer,Home & Kitchen,South,Mumbai,18823.72,7,0.05,Debit Card,Home Office,1824.36
ORD102649,2025-01-21 16:26:53.122624,Business Book,Books,North,Chennai,37016.62,8,0.32,Net Banking,Corporate,2050.11
ORD102650,2025-01-21 19:57:10.046009,Programming Book,Books,West,Hyderabad,45826.12,5,0.17,UPI,Consumer,2128.91
ORD102651,2025-01-21 23:27:26.969393,Laptop,Electronics,South,Kolkata,22994.16,4,0.01,Credit Card,Corporate,1600.65
ORD102652,2025-01-22 02:57:43.892778,Bookshelf,Furniture,North,Delhi,32212.62,6,0.02,Credit Card,Consumer,3600.74
ORD102653,2025-01-22 06:28:00.816163,Sofa,Furniture,West,Bengaluru,5331.25,3,0.27,Credit Card,Home Office,888.89
ORD102654,2025-01-22 09:58:17.739547,Mixer,Home & Kitchen,North,Bengaluru,45242.3,1,0.15,Debit Card,Corporate,3412.19
ORD102655,2025-01-22 13:28:34.662932,Cookware Set,Home & Kitchen,South,Jaipur,28516.49,4,0.35,Credit Card,Home Office,3352.16
ORD102656,2025-01-22 16:58:51.586317,Mixer,Home & Kitchen,West,Lucknow,39060.84,9,0.29,Cash on Delivery,Home Office,3086.23
ORD102657,2025-01-22 20:29:08.509701,Sofa,Furniture,West,Chennai,39763.17,4,0.01,Debit Card,Home Office,7005.19
ORD102658,2025-01-22 23:59:25.433086,Dress,Clothing,West,Kolkata,12972.73,1,0.27,Net Banking,Consumer,2249.17
ORD102659,2025-01-23 03:29:42.356471,Exam Guide,Books,South,Delhi,26552.89,4,0.08,UPI,Home Office,2845.82
ORD102660,2025-01-23 06:59:59.279855,Jacket,Clothing,East,Chennai,48031.89,7,0.17,Debit Card,Consumer,5460.7
ORD102661,2025-01-23 10:30:16.203240,Shoes,Clothing,West,Ahmedabad,4663.8,3,0.25,UPI,Consumer,807.13
ORD102662,2025-01-23 14:00:33.126625,Office Chair,Furniture,South,Delhi,34215.88,6,0.35,Debit Card,Home Office,4149.7
ORD102663,2025-01-23 17:30:50.050010,T-Shirt,Clothing,North,Pune,48120.75,1,0.18,Net Banking,Consumer,2905.83
ORD102664,2025-01-23 21:01:06.973394,Tablet,Electronics,North,Pune,15168.74,4,0.32,UPI,Corporate,2470.78
ORD102665,2025-01-24 00:31:23.896779,Dinner Set,Home & Kitchen,South,Bengaluru,43100.11,3,0.31,Debit Card,Consumer,3549.65
ORD102666,2025-01-24 04:01:40.820164,Smartphone,Electronics,East,Ahmedabad,46696.15,1,0.17,UPI,Home Office,5668.89
ORD102667,2025-01-24 07:31:57.743548,Exam Guide,Books,South,Pune,37404.89,3,0.2,Credit Card,Home Office,3330.36
ORD102668,2025-01-24 11:02:14.666933,Cookware Set,Home & Kitchen,North,Bengaluru,11720.15,4,0.28,Credit Card,Corporate,1568.21
ORD102669,2025-01-24 14:32:31.590318,T-Shirt,Clothing,North,Lucknow,16833.24,5,0.01,Credit Card,Corporate,3781.97
ORD102670,2025-01-24 18:02:48.513702,Novel,Books,West,Kolkata,1983.3,6,0.36,Cash on Delivery,Consumer,318.35
ORD102671,2025-01-24 21:33:05.437087,Cookware Set,Home & Kitchen,East,Bengaluru,41606.37,2,0.31,Credit Card,Consumer,8053.58
ORD102672,2025-01-25 01:03:22.360472,Jacket,Clothing,South,Kolkata,42510.64,2,0.1,Credit Card,Corporate,5348.85
ORD102673,2025-01-25 04:33:39.283856,Tablet,Electronics,North,Ahmedabad,31708.97,6,0.39,Net Banking,Home Office,5476.89
ORD102674,2025-01-25 08:03:56.207241,Cookware Set,Home & Kitchen,North,Jaipur,17755.89,5,0.07,UPI,Home Office,3372.59
ORD102675,2025-01-25 11:34:13.130626,T-Shirt,Clothing,North,Chennai,4025.19,1,0.37,UPI,Corporate,373.78
ORD102676,2025-01-25 15:04:30.054010,Smartwatch,Electronics,South,Bengaluru,37702.27,3,0.13,Credit Card,Corporate,8916.08
ORD102677,2025-01-25 18:34:46.977395,Novel,Books,South,Bengaluru,36381.0,5,0.31,UPI,Home Office,4892.74
ORD102678,2025-01-25 22:05:03.900780,Exam Guide,Books,East,Kolkata,45647.61,2,0.18,Debit Card,Home Office,6122.63
ORD102679,2025-01-26 01:35:20.824164,Data Science Book,Books,West,Pune,36580.49,1,0.29,Credit Card,Consumer,1373.29
ORD102680,2025-01-26 05:05:37.747549,Programming Book,Books,West,Pune,41469.01,9,0.06,Credit Card,Corporate,8941.31
ORD102681,2025-01-26 08:35:54.670934,Bookshelf,Furniture,West,Bengaluru,37348.54,5,0.11,Cash on Delivery,Corporate,2304.78
ORD102682,2025-01-26 12:06:11.594318,Coffee Maker,Home & Kitchen,North,Pune,31608.22,2,0.04,Debit Card,Corporate,3712.52
ORD102683,2025-01-26 15:36:28.517703,Cookware Set,Home & Kitchen,West,Pune,21462.93,4,0.35,Credit Card,Home Office,4051.67
ORD102684,2025-01-26 19:06:45.441088,Desk,Furniture,North,Bengaluru,45125.44,3,0.12,Credit Card,Consumer,3526.41
ORD102685,2025-01-26 22:37:02.364472,Dress,Clothing,East,Lucknow,32618.23,7,0.28,UPI,Home Office,3004.83
ORD102686,2025-01-27 02:07:19.287857,Jeans,Clothing,North,Lucknow,20038.1,1,0.33,Credit Card,Corporate,3800.56
ORD102687,2025-01-27 05:37:36.211242,Programming Book,Books,East,Mumbai,4356.77,4,0.36,Credit Card,Corporate,374.81
ORD102688,2025-01-27 09:07:53.134626,Smartwatch,Electronics,East,Lucknow,14677.1,7,0.04,Credit Card,Corporate,1862.26
ORD102689,2025-01-27 12:38:10.058011,Jacket,Clothing,West,Mumbai,27277.59,5,0.36,Credit Card,Corporate,3700.83
ORD102690,2025-01-27 16:08:26.981396,Smartwatch,Electronics,West,Ahmedabad,13926.64,4,0.08,Cash on Delivery,Corporate,1061.38
ORD102691,2025-01-27 19:38:43.904780,Cookware Set,Home & Kitchen,North,Hyderabad,11217.52,4,0.29,Debit Card,Home Office,2335.08
ORD102692,2025-01-27 23:09:00.828165,Headphones,Electronics,South,Chennai,26464.2,2,0.29,Cash on Delivery,Consumer,2231.37
ORD102693,2025-01-28 02:39:17.751550,Dinner Set,Home & Kitchen,West,Hyderabad,8657.05,8,0.0,UPI,Corporate,2133.29
ORD102694,2025-01-28 06:09:34.674934,Sofa,Furniture,West,Pune,40060.42,4,0.09,Net Banking,Corporate,4443.99
ORD102695,2025-01-28 09:39:51.598319,Bookshelf,Furniture,South,Delhi,24321.53,2,0.2,Credit Card,Corporate,2312.36
ORD102696,2025-01-28 13:10:08.521704,Data Science Book,Books,South,Pune,28778.37,9,0.17,UPI,Home Office,1537.74
ORD102697,2025-01-28 16:40:25.445089,Jacket,Clothing,West,Bengaluru,7539.69,7,0.37,Net Banking,Home Office,379.19
ORD102698,2025-01-28 20:10:42.368473,Programming Book,Books,South,Bengaluru,16363.9,3,0.14,Credit Card,Corporate,2540.05
ORD102699,2025-01-28 23:40:59.291858,Coffee Maker,Home & Kitchen,North,Chennai,20622.47,7,0.37,Credit Card,Corporate,2523.22
ORD102700,2025-01-29 03:11:16.215243,Data Science Book,Books,East,Jaipur,40449.0,1,0.18,Net Banking,Corporate,8423.42
ORD102701,2025-01-29 06:41:33.138627,Smartwatch,Electronics,East,Jaipur,38553.94,1,0.39,Cash on Delivery,Corporate,1529.93
ORD102702,2025-01-29 10:11:50.062012,Air Fryer,Home & Kitchen,West,Jaipur,11304.28,4,0.29,Net Banking,Corporate,1115.92
ORD102703,2025-01-29 13:42:06.985397,Table,Furniture,West,Lucknow,30885.72,4,0.33,Net Banking,Home Office,2070.17
ORD102704,2025-01-29 17:12:23.908781,Dress,Clothing,North,Ahmedabad,12324.13,4,0.04,Debit Card,Corporate,1650.09
ORD102705,2025-01-29 20:42:40.832166,Dinner Set,Home & Kitchen,South,Pune,49414.71,9,0.23,Credit Card,Corporate,5272.75
ORD102706,2025-01-30 00:12:57.755551,Cookware Set,Home & Kitchen,West,Bengaluru,47615.77,6,0.06,Credit Card,Corporate,6202.23
ORD102707,2025-01-30 03:43:14.678935,Headphones,Electronics,East,Delhi,28250.58,3,0.12,Cash on Delivery,Home Office,3167.44
ORD102708,2025-01-30 07:13:31.602320,Jeans,Clothing,North,Delhi,35005.35,6,0.25,Cash on Delivery,Corporate,6327.07
ORD102709,2025-01-30 10:43:48.525705,Sofa,Furniture,North,Delhi,40111.23,2,0.29,Debit Card,Home Office,6334.48
ORD102710,2025-01-30 14:14:05.449089,Cookware Set,Home & Kitchen,South,Jaipur,36105.72,2,0.02,Debit Card,Consumer,4789.78
ORD102711,2025-01-30 17:44:22.372474,Coffee Maker,Home & Kitchen,West,Chennai,35051.47,7,0.21,Debit Card,Home Office,2398.62
ORD102712,2025-01-30 21:14:39.295859,Smartwatch,Electronics,West,Jaipur,47935.99,3,0.23,Cash on Delivery,Corporate,6628.06
ORD102713,2025-01-31 00:44:56.219243,Business Book,Books,North,Bengaluru,29903.51,7,0.03,Net Banking,Home Office,8113.44
ORD102714,2025-01-31 04:15:13.142628,Desk,Furniture,East,Pune,31887.87,3,0.2,Credit Card,Corporate,2063.52
ORD102715,2025-01-31 07:45:30.066013,Jacket,Clothing,West,Pune,42493.58,2,0.29,Credit Card,Home Office,7188.33
ORD102716,2025-01-31 11:15:46.989397,Cookware Set,Home & Kitchen,East,Chennai,33560.57,4,0.02,UPI,Home Office,6572.77
ORD102717,2025-01-31 14:46:03.912782,Air Fryer,Home & Kitchen,North,Ahmedabad,36700.04,4,0.3,Cash on Delivery,Consumer,5064.73
ORD102718,2025-01-31 18:16:20.836167,Bookshelf,Furniture,West,Lucknow,11861.6,3,0.23,Cash on Delivery,Home Office,2590.83
ORD102719,2025-01-31 21:46:37.759551,Business Book,Books,East,Delhi,18689.09,9,0.33,Debit Card,Consumer,3618.58
ORD102720,2025-02-01 01:16:54.682936,Cookware Set,Home & Kitchen,North,Pune,7535.61,6,0.09,UPI,Consumer,760.9
ORD102721,2025-02-01 04:47:11.606321,Bookshelf,Furniture,East,Chennai,25387.12,5,0.33,UPI,Home Office,4288.39
ORD102722,2025-02-01 08:17:28.529705,Tablet,Electronics,West,Delhi,22895.22,6,0.04,Cash on Delivery,Home Office,4510.17
ORD102723,2025-02-01 11:47:45.453090,Data Science Book,Books,South,Jaipur,49858.71,8,0.16,Debit Card,Home Office,6374.81
ORD102724,2025-02-01 15:18:02.376475,Dress,Clothing,East,Kolkata,30638.19,5,0.08,Credit Card,Consumer,6099.85
ORD102725,2025-02-01 18:48:19.299859,Cookware Set,Home & Kitchen,South,Hyderabad,39364.95,4,0.35,Debit Card,Corporate,7394.49
ORD102726,2025-02-01 22:18:36.223244,Desk,Furniture,West,Pune,16833.93,7,0.28,Credit Card,Corporate,2172.21
ORD102727,2025-02-02 01:48:53.146629,Smartphone,Electronics,South,Ahmedabad,41610.96,5,0.01,Cash on Delivery,Consumer,11741.35
ORD102728,2025-02-02 05:19:10.070014,Jacket,Clothing,North,Chennai,30831.23,4,0.0,Debit Card,Consumer,6496.81
ORD102729,2025-02-02 08:49:26.993398,Office Chair,Furniture,South,Lucknow,34910.22,5,0.12,UPI,Home Office,5244.91
ORD102730,2025-02-02 12:19:43.916783,Bookshelf,Furniture,East,Ahmedabad,14862.65,4,0.06,Net Banking,Home Office,2948.45
ORD102731,2025-02-02 15:50:00.840168,Jacket,Clothing,East,Jaipur,27522.19,8,0.25,UPI,Corporate,4141.44
ORD102732,2025-02-02 19:20:17.763552,Smartwatch,Electronics,South,Pune,31775.04,8,0.27,Credit Card,Corporate,3605.19
ORD102733,2025-02-02 22:50:34.686937,Smartwatch,Electronics,North,Bengaluru,29536.91,1,0.38,Cash on Delivery,Corporate,3490.71
ORD102734,2025-02-03 02:20:51.610322,Data Science Book,Books,West,Jaipur,45776.65,3,0.38,Debit Card,Home Office,6408.89
ORD102735,2025-02-03 05:51:08.533706,Dinner Set,Home & Kitchen,South,Lucknow,44933.98,4,0.26,Cash on Delivery,Home Office,8635.87
ORD102736,2025-02-03 09:21:25.457091,Shoes,Clothing,East,Jaipur,48555.01,2,0.0,Cash on Delivery,Consumer,6121.95
ORD102737,2025-02-03 12:51:42.380476,Jacket,Clothing,East,Chennai,33437.91,5,0.14,Credit Card,Home Office,1543.14
ORD102738,2025-02-03 16:21:59.303860,T-Shirt,Clothing,South,Ahmedabad,48601.32,8,0.21,Cash on Delivery,Corporate,7210.76
ORD102739,2025-02-03 19:52:16.227245,Tablet,Electronics,South,Chennai,41657.4,2,0.2,Debit Card,Consumer,5742.76
ORD102740,2025-02-03 23:22:33.150630,Cookware Set,Home & Kitchen,South,Delhi,13687.44,9,0.24,UPI,Home Office,661.07
ORD102741,2025-02-04 02:52:50.074014,Data Science Book,Books,West,Kolkata,21486.3,7,0.38,Cash on Delivery,Corporate,2772.56
ORD102742,2025-02-04 06:23:06.997399,Bookshelf,Furniture,East,Ahmedabad,12071.94,6,0.35,Debit Card,Home Office,2239.07
ORD102743,2025-02-04 09:53:23.920784,Table,Furniture,East,Kolkata,409.02,8,0.04,Debit Card,Consumer,59.12
ORD102744,2025-02-04 13:23:40.844168,Shoes,Clothing,East,Chennai,9564.83,2,0.11,Credit Card,Home Office,2328.99
ORD102745,2025-02-04 16:53:57.767553,Coffee Maker,Home & Kitchen,West,Bengaluru,402.22,5,0.33,Cash on Delivery,Corporate,68.25
ORD102746,2025-02-04 20:24:14.690938,Smartwatch,Electronics,North,Pune,36047.96,4,0.33,Credit Card,Consumer,2184.05
ORD102747,2025-02-04 23:54:31.614322,Cookware Set,Home & Kitchen,East,Lucknow,21391.61,8,0.11,UPI,Corporate,4699.09
ORD102748,2025-02-05 03:24:48.537707,Dinner Set,Home & Kitchen,East,Jaipur,15766.22,1,0.29,UPI,Consumer,2005.7
ORD102749,2025-02-05 06:55:05.461092,Tablet,Electronics,North,Jaipur,38133.7,3,0.27,Debit Card,Home Office,7784.98
ORD102750,2025-02-05 10:25:22.384476,Shoes,Clothing,West,Kolkata,41657.84,8,0.19,Cash on Delivery,Home Office,3285.09
ORD102751,2025-02-05 13:55:39.307861,Coffee Maker,Home & Kitchen,North,Lucknow,48769.92,5,0.08,Debit Card,Corporate,3646.07
ORD102752,2025-02-05 17:25:56.231246,Office Chair,Furniture,North,Ahmedabad,32172.28,4,0.36,Cash on Delivery,Home Office,2271.52
ORD102753,2025-02-05 20:56:13.154630,Laptop,Electronics,North,Pune,23184.14,6,0.27,Credit Card,Consumer,1098.51
ORD102754,2025-02-06 00:26:30.078015,Data Science Book,Books,North,Hyderabad,15402.16,5,0.07,UPI,Home Office,1862.41
ORD102755,2025-02-06 03:56:47.001400,Jacket,Clothing,West,Kolkata,11271.45,3,0.28,UPI,Home Office,979.96
ORD102756,2025-02-06 07:27:03.924784,Tablet,Electronics,West,Ahmedabad,10803.71,5,0.3,Credit Card,Home Office,1165.05
ORD102757,2025-02-06 10:57:20.848169,Exam Guide,Books,North,Ahmedabad,20577.63,4,0.35,Net Banking,Home Office,2216.91
ORD102758,2025-02-06 14:27:37.771554,Novel,Books,South,Lucknow,49590.96,1,0.09,Net Banking,Home Office,3889.12
ORD102759,2025-02-06 17:57:54.694938,Cookware Set,Home & Kitchen,South,Lucknow,242.51,1,0.4,Net Banking,Home Office,29.81
ORD102760,2025-02-06 21:28:11.618323,Mixer,Home & Kitchen,South,Mumbai,10020.85,7,0.06,Cash on Delivery,Home Office,997.46
ORD102761,2025-02-07 00:58:28.541708,Air Fryer,Home & Kitchen,South,Jaipur,9581.97,4,0.24,Credit Card,Home Office,586.1
ORD102762,2025-02-07 04:28:45.465093,Laptop,Electronics,East,Pune,35912.55,1,0.26,Cash on Delivery,Corporate,6037.98
ORD102763,2025-02-07 07:59:02.388477,Laptop,Electronics,West,Delhi,17753.74,6,0.17,Cash on Delivery,Corporate,820.53
ORD102764,2025-02-07 11:29:19.311862,Jacket,Clothing,West,Kolkata,22971.59,1,0.19,Credit Card,Home Office,2643.89
ORD102765,2025-02-07 14:59:36.235247,Cookware Set,Home & Kitchen,North,Pune,7601.48,8,0.36,Cash on Delivery,Corporate,418.88
ORD102766,2025-02-07 18:29:53.158631,Data Science Book,Books,East,Mumbai,20368.85,9,0.26,Credit Card,Home Office,4080.22
ORD102767,2025-02-07 22:00:10.082016,Sofa,Furniture,North,Mumbai,5339.35,3,0.2,Net Banking,Home Office,1093.99
ORD102768,2025-02-08 01:30:27.005401,Shoes,Clothing,North,Pune,26745.56,7,0.05,Net Banking,Home Office,1654.88
ORD102769,2025-02-08 05:00:43.928785,Smartwatch,Electronics,West,Lucknow,5077.33,5,0.0,Cash on Delivery,Corporate,952.57
ORD102770,2025-02-08 08:31:00.852170,Dress,Clothing,East,Ahmedabad,39567.32,3,0.05,UPI,Consumer,4654.97
ORD102771,2025-02-08 12:01:17.775555,Jeans,Clothing,South,Hyderabad,28416.77,5,0.38,Credit Card,Home Office,1729.01
ORD102772,2025-02-08 15:31:34.698939,Jeans,Clothing,West,Pune,36253.6,7,0.31,Debit Card,Home Office,3199.03
ORD102773,2025-02-08 19:01:51.622324,Dress,Clothing,East,Kolkata,21042.12,7,0.39,Debit Card,Consumer,3259.9
ORD102774,2025-02-08 22:32:08.545709,Office Chair,Furniture,East,Delhi,19198.27,9,0.01,Cash on Delivery,Corporate,1225.22
ORD102775,2025-02-09 02:02:25.469093,Coffee Maker,Home & Kitchen,West,Jaipur,5090.8,8,0.27,UPI,Consumer,788.07
ORD102776,2025-02-09 05:32:42.392478,Business Book,Books,West,Mumbai,26288.01,4,0.02,Credit Card,Home Office,7170.73
ORD102777,2025-02-09 09:02:59.315863,T-Shirt,Clothing,North,Bengaluru,25822.21,5,0.31,Net Banking,Consumer,2886.66
ORD102778,2025-02-09 12:33:16.239247,Jacket,Clothing,North,Bengaluru,23511.48,5,0.15,Cash on Delivery,Home Office,5503.37
ORD102779,2025-02-09 16:03:33.162632,Jacket,Clothing,North,Ahmedabad,37077.81,2,0.04,Credit Card,Corporate,9849.06
ORD102780,2025-02-09 19:33:50.086017,Cookware Set,Home & Kitchen,South,Lucknow,41658.72,7,0.23,Credit Card,Corporate,6492.39
ORD102781,2025-02-09 23:04:07.009401,Tablet,Electronics,West,Jaipur,37589.33,7,0.11,Credit Card,Corporate,5485.2
ORD102782,2025-02-10 02:34:23.932786,Smartphone,Electronics,East,Mumbai,7364.51,9,0.26,UPI,Home Office,1277.51
ORD102783,2025-02-10 06:04:40.856171,Bookshelf,Furniture,West,Bengaluru,31178.56,9,0.26,Credit Card,Corporate,6438.41
ORD102784,2025-02-10 09:34:57.779555,Laptop,Electronics,East,Bengaluru,4200.09,4,0.28,UPI,Consumer,665.32
ORD102785,2025-02-10 13:05:14.702940,Jeans,Clothing,South,Hyderabad,34792.19,5,0.4,UPI,Corporate,2137.67
ORD102786,2025-02-10 16:35:31.626325,Shoes,Clothing,West,Pune,19215.59,7,0.15,Credit Card,Home Office,4165.21
ORD102787,2025-02-10 20:05:48.549709,Shoes,Clothing,East,Chennai,6798.45,7,0.19,Net Banking,Consumer,1585.3
ORD102788,2025-02-10 23:36:05.473094,Office Chair,Furniture,East,Jaipur,43130.13,8,0.32,Credit Card,Consumer,4474.61
ORD102789,2025-02-11 03:06:22.396479,Jacket,Clothing,North,Chennai,30777.62,8,0.23,Net Banking,Consumer,5317.94
ORD102790,2025-02-11 06:36:39.319863,Smartwatch,Electronics,South,Delhi,17865.3,2,0.01,Cash on Delivery,Consumer,3175.49
ORD102791,2025-02-11 10:06:56.243248,Coffee Maker,Home & Kitchen,West,Lucknow,1730.21,9,0.34,Debit Card,Home Office,89.07
ORD102792,2025-02-11 13:37:13.166633,Dinner Set,Home & Kitchen,North,Pune,26958.05,4,0.02,Cash on Delivery,Corporate,3631.55
ORD102793,2025-02-11 17:07:30.090018,Novel,Books,South,Delhi,46176.65,1,0.07,UPI,Consumer,3906.1
ORD102794,2025-02-11 20:37:47.013402,Headphones,Electronics,North,Kolkata,29899.72,1,0.04,Cash on Delivery,Corporate,6268.7
ORD102795,2025-02-12 00:08:03.936787,Jeans,Clothing,West,Mumbai,48588.2,5,0.03,Debit Card,Corporate,9215.14
ORD102796,2025-02-12 03:38:20.860172,Air Fryer,Home & Kitchen,East,Chennai,6995.27,7,0.01,Debit Card,Corporate,404.32
ORD102797,2025-02-12 07:08:37.783556,Smartwatch,Electronics,West,Ahmedabad,28501.59,5,0.02,Net Banking,Corporate,1826.77
ORD102798,2025-02-12 10:38:54.706941,Dinner Set,Home & Kitchen,South,Kolkata,39946.63,3,0.18,Cash on Delivery,Home Office,3773.46
ORD102799,2025-02-12 14:09:11.630326,Jeans,Clothing,West,Jaipur,26371.93,7,0.1,UPI,Consumer,5606.5
ORD102800,2025-02-12 17:39:28.553710,Coffee Maker,Home & Kitchen,South,Mumbai,4735.1,1,0.05,UPI,Consumer,367.56
ORD102801,2025-02-12 21:09:45.477095,Data Science Book,Books,North,Bengaluru,29227.72,1,0.26,Net Banking,Corporate,2188.67
ORD102802,2025-02-13 00:40:02.400480,Novel,Books,South,Chennai,30664.55,2,0.09,Net Banking,Consumer,7727.01
ORD102803,2025-02-13 04:10:19.323864,Cookware Set,Home & Kitchen,East,Pune,36489.72,1,0.01,Cash on Delivery,Corporate,6738.52
ORD102804,2025-02-13 07:40:36.247249,Smartwatch,Electronics,East,Pune,38108.33,9,0.17,Net Banking,Home Office,6490.85
ORD102805,2025-02-13 11:10:53.170634,Smartphone,Electronics,East,Kolkata,38584.48,4,0.12,Debit Card,Consumer,5566.53
ORD102806,2025-02-13 14:41:10.094018,Tablet,Electronics,North,Kolkata,33239.53,7,0.13,UPI,Corporate,3613.14
ORD102807,2025-02-13 18:11:27.017403,Dinner Set,Home & Kitchen,South,Lucknow,10947.4,5,0.18,Debit Card,Consumer,1007.95
ORD102808,2025-02-13 21:41:43.940788,Smartwatch,Electronics,North,Bengaluru,20330.94,7,0.27,Credit Card,Corporate,2928.32
ORD102809,2025-02-14 01:12:00.864172,Jacket,Clothing,West,Hyderabad,38851.27,7,0.25,Debit Card,Consumer,4887.8
ORD102810,2025-02-14 04:42:17.787557,Business Book,Books,West,Chennai,47680.66,1,0.37,UPI,Home Office,4528.6
ORD102811,2025-02-14 08:12:34.710942,Dress,Clothing,West,Delhi,4131.56,1,0.21,Credit Card,Consumer,729.8
ORD102812,2025-02-14 11:42:51.634326,Laptop,Electronics,West,Jaipur,26869.73,3,0.19,Cash on Delivery,Home Office,3287.28
ORD102813,2025-02-14 15:13:08.557711,T-Shirt,Clothing,East,Chennai,15763.61,2,0.09,Credit Card,Home Office,848.97
ORD102814,2025-02-14 18:43:25.481096,Smartphone,Electronics,South,Chennai,11424.62,7,0.3,Net Banking,Corporate,2078.62
ORD102815,2025-02-14 22:13:42.404480,Cookware Set,Home & Kitchen,East,Bengaluru,25389.37,3,0.06,UPI,Corporate,3093.06
ORD102816,2025-02-15 01:43:59.327865,T-Shirt,Clothing,South,Chennai,30383.25,7,0.2,Net Banking,Consumer,6966.28
ORD102817,2025-02-15 05:14:16.251250,Dinner Set,Home & Kitchen,South,Lucknow,686.66,9,0.17,Debit Card,Home Office,153.82
ORD102818,2025-02-15 08:44:33.174634,Cookware Set,Home & Kitchen,North,Chennai,39054.29,1,0.26,Cash on Delivery,Corporate,3135.06
ORD102819,2025-02-15 12:14:50.098019,Sofa,Furniture,West,Ahmedabad,41030.13,3,0.37,UPI,Home Office,7531.56
ORD102820,2025-02-15 15:45:07.021404,Smartwatch,Electronics,South,Ahmedabad,48282.44,6,0.38,Cash on Delivery,Home Office,7884.62
ORD102821,2025-02-15 19:15:23.944788,Exam Guide,Books,West,Mumbai,9196.06,9,0.07,UPI,Home Office,2533.66
ORD102822,2025-02-15 22:45:40.868173,Smartphone,Electronics,West,Jaipur,29808.72,5,0.1,Net Banking,Consumer,5888.37
ORD102823,2025-02-16 02:15:57.791558,Business Book,Books,West,Ahmedabad,21445.94,3,0.32,Debit Card,Home Office,4122.41
ORD102824,2025-02-16 05:46:14.714942,Smartphone,Electronics,East,Jaipur,16874.43,8,0.21,Credit Card,Home Office,2966.41
ORD102825,2025-02-16 09:16:31.638327,Cookware Set,Home & Kitchen,West,Pune,28368.55,5,0.18,Cash on Delivery,Consumer,6135.95
ORD102826,2025-02-16 12:46:48.561712,Shoes,Clothing,South,Lucknow,39162.68,6,0.28,UPI,Consumer,5712.94
ORD102827,2025-02-16 16:17:05.485097,T-Shirt,Clothing,East,Bengaluru,1348.03,2,0.24,UPI,Corporate,289.21
ORD102828,2025-02-16 19:47:22.408481,Sofa,Furniture,West,Bengaluru,48476.13,4,0.39,Cash on Delivery,Home Office,5308.54
ORD102829,2025-02-16 23:17:39.331866,Exam Guide,Books,North,Ahmedabad,40532.1,1,0.23,Credit Card,Home Office,7307.51
ORD102830,2025-02-17 02:47:56.255251,Data Science Book,Books,West,Lucknow,37607.45,4,0.19,Debit Card,Consumer,8506.22
ORD102831,2025-02-17 06:18:13.178635,Business Book,Books,West,Pune,38067.29,1,0.22,UPI,Consumer,4620.08
ORD102832,2025-02-17 09:48:30.102020,Cookware Set,Home & Kitchen,East,Delhi,19575.22,4,0.32,UPI,Corporate,753.42
ORD102833,2025-02-17 13:18:47.025405,Novel,Books,South,Lucknow,37630.7,2,0.25,Cash on Delivery,Consumer,2208.78
ORD102834,2025-02-17 16:49:03.948789,Shoes,Clothing,West,Mumbai,19461.16,6,0.26,Cash on Delivery,Consumer,4219.25
ORD102835,2025-02-17 20:19:20.872174,Air Fryer,Home & Kitchen,East,Bengaluru,44955.6,6,0.39,UPI,Consumer,7357.59
ORD102836,2025-02-17 23:49:37.795559,Smartwatch,Electronics,East,Mumbai,9025.67,8,0.25,UPI,Consumer,1156.56
ORD102837,2025-02-18 03:19:54.718943,Data Science Book,Books,South,Bengaluru,14758.9,9,0.15,UPI,Corporate,3640.89
ORD102838,2025-02-18 06:50:11.642328,Data Science Book,Books,East,Pune,27656.61,8,0.28,Net Banking,Home Office,1919.62
ORD102839,2025-02-18 10:20:28.565713,Tablet,Electronics,South,Chennai,16096.71,1,0.26,UPI,Home Office,926.02
ORD102840,2025-02-18 13:50:45.489097,Novel,Books,North,Hyderabad,21327.01,3,0.01,Debit Card,Home Office,4230.35
ORD102841,2025-02-18 17:21:02.412482,Smartphone,Electronics,West,Lucknow,24722.65,6,0.19,Debit Card,Home Office,2914.29
ORD102842,2025-02-18 20:51:19.335867,Air Fryer,Home & Kitchen,East,Lucknow,42846.4,1,0.3,Credit Card,Home Office,4047.26
ORD102843,2025-02-19 00:21:36.259251,Jeans,Clothing,North,Chennai,26254.97,8,0.2,Cash on Delivery,Consumer,4905.23
ORD102844,2025-02-19 03:51:53.182636,Laptop,Electronics,East,Delhi,18250.5,6,0.31,Credit Card,Home Office,1101.92
ORD102845,2025-02-19 07:22:10.106021,Bookshelf,Furniture,East,Bengaluru,12537.26,1,0.18,UPI,Consumer,2514.75
ORD102846,2025-02-19 10:52:27.029405,Smartphone,Electronics,North,Delhi,20552.06,2,0.39,Cash on Delivery,Home Office,1753.42
ORD102847,2025-02-19 14:22:43.952790,Programming Book,Books,East,Lucknow,25883.66,6,0.12,UPI,Home Office,6757.76
ORD102848,2025-02-19 17:53:00.876175,Dinner Set,Home & Kitchen,East,Ahmedabad,37356.52,8,0.04,Cash on Delivery,Consumer,9043.98
ORD102849,2025-02-19 21:23:17.799559,Cookware Set,Home & Kitchen,North,Ahmedabad,6228.23,5,0.17,Net Banking,Home Office,1093.62
ORD102850,2025-02-20 00:53:34.722944,Laptop,Electronics,East,Kolkata,11236.14,1,0.22,Net Banking,Consumer,940.94
ORD102851,2025-02-20 04:23:51.646329,Shoes,Clothing,South,Jaipur,19106.77,2,0.14,Net Banking,Corporate,4750.55
ORD102852,2025-02-20 07:54:08.569713,Sofa,Furniture,East,Ahmedabad,18147.84,4,0.1,Credit Card,Corporate,951.03
ORD102853,2025-02-20 11:24:25.493098,Mixer,Home & Kitchen,West,Ahmedabad,19709.05,4,0.27,Cash on Delivery,Corporate,1522.75
ORD102854,2025-02-20 14:54:42.416483,Data Science Book,Books,East,Bengaluru,39717.36,7,0.15,Credit Card,Home Office,1998.37
ORD102855,2025-02-20 18:24:59.339867,Data Science Book,Books,West,Kolkata,16342.89,2,0.25,Cash on Delivery,Home Office,3574.55
ORD102856,2025-02-20 21:55:16.263252,Jeans,Clothing,West,Bengaluru,25194.53,7,0.31,UPI,Home Office,4656.58
ORD102857,2025-02-21 01:25:33.186637,Coffee Maker,Home & Kitchen,East,Lucknow,31270.57,7,0.3,Net Banking,Home Office,6304.74
ORD102858,2025-02-21 04:55:50.110022,Headphones,Electronics,North,Mumbai,11762.49,7,0.15,Net Banking,Consumer,2287.16
ORD102859,2025-02-21 08:26:07.033406,Data Science Book,Books,South,Delhi,35991.03,3,0.23,Cash on Delivery,Corporate,1575.66
ORD102860,2025-02-21 11:56:23.956791,Shoes,Clothing,South,Lucknow,27446.14,6,0.18,Credit Card,Consumer,6366.35
ORD102861,2025-02-21 15:26:40.880176,Dinner Set,Home & Kitchen,East,Mumbai,22449.7,6,0.35,Credit Card,Corporate,2265.28
ORD102862,2025-02-21 18:56:57.803560,Air Fryer,Home & Kitchen,North,Pune,40527.24,4,0.35,Debit Card,Corporate,3741.99
ORD102863,2025-02-21 22:27:14.726945,Mixer,Home & Kitchen,North,Pune,12326.06,1,0.14,Net Banking,Consumer,1283.0
ORD102864,2025-02-22 01:57:31.650330,Cookware Set,Home & Kitchen,South,Bengaluru,44182.16,9,0.04,Net Banking,Consumer,5161.87
ORD102865,2025-02-22 05:27:48.573714,Air Fryer,Home & Kitchen,North,Hyderabad,28140.23,2,0.07,Credit Card,Consumer,6546.72
ORD102866,2025-02-22 08:58:05.497099,Data Science Book,Books,East,Hyderabad,30536.91,9,0.15,Net Banking,Corporate,2961.49
ORD102867,2025-02-22 12:28:22.420484,Dress,Clothing,East,Mumbai,43777.94,8,0.23,Credit Card,Consumer,3557.67
ORD102868,2025-02-22 15:58:39.343868,Mixer,Home & Kitchen,North,Ahmedabad,40915.62,1,0.26,Debit Card,Home Office,6797.46
ORD102869,2025-02-22 19:28:56.267253,Desk,Furniture,East,Bengaluru,30157.79,7,0.13,Cash on Delivery,Consumer,3197.43
ORD102870,2025-02-22 22:59:13.190638,Bookshelf,Furniture,West,Mumbai,37708.75,3,0.27,Cash on Delivery,Corporate,1466.73
ORD102871,2025-02-23 02:29:30.114022,Jeans,Clothing,South,Bengaluru,21779.31,9,0.38,Debit Card,Corporate,3820.61
ORD102872,2025-02-23 05:59:47.037407,Smartwatch,Electronics,East,Mumbai,27459.41,5,0.26,Net Banking,Consumer,2608.9
ORD102873,2025-02-23 09:30:03.960792,Headphones,Electronics,North,Pune,3291.09,3,0.06,UPI,Consumer,745.86
ORD102874,2025-02-23 13:00:20.884176,Headphones,Electronics,South,Kolkata,4674.92,8,0.23,Net Banking,Corporate,602.04
ORD102875,2025-02-23 16:30:37.807561,Sofa,Furniture,East,Bengaluru,41505.39,3,0.22,Credit Card,Corporate,2703.89
ORD102876,2025-02-23 20:00:54.730946,Tablet,Electronics,South,Kolkata,3171.65,7,0.35,UPI,Consumer,444.23
ORD102877,2025-02-23 23:31:11.654330,Data Science Book,Books,North,Pune,8636.08,7,0.14,Debit Card,Home Office,801.3
ORD102878,2025-02-24 03:01:28.577715,Cookware Set,Home & Kitchen,West,Hyderabad,39832.47,7,0.17,Cash on Delivery,Home Office,4032.76
ORD102879,2025-02-24 06:31:45.501100,Office Chair,Furniture,West,Chennai,257.07,1,0.24,Cash on Delivery,Home Office,11.35
ORD102880,2025-02-24 10:02:02.424484,Jeans,Clothing,East,Delhi,14263.74,5,0.21,Net Banking,Corporate,609.63
ORD102881,2025-02-24 13:32:19.347869,Dress,Clothing,West,Lucknow,29285.13,1,0.29,Cash on Delivery,Home Office,3709.47
ORD102882,2025-02-24 17:02:36.271254,Mixer,Home & Kitchen,East,Delhi,29853.41,7,0.02,Net Banking,Home Office,1885.53
ORD102883,2025-02-24 20:32:53.194638,Desk,Furniture,South,Delhi,38902.21,8,0.23,Credit Card,Consumer,3066.0
ORD102884,2025-02-25 00:03:10.118023,Smartphone,Electronics,East,Lucknow,25395.13,7,0.05,Credit Card,Consumer,6778.07
ORD102885,2025-02-25 03:33:27.041408,Smartwatch,Electronics,East,Pune,25568.21,1,0.13,Debit Card,Home Office,1572.98
ORD102886,2025-02-25 07:03:43.964792,Exam Guide,Books,East,Pune,36320.47,3,0.26,Credit Card,Corporate,3297.76
ORD102887,2025-02-25 10:34:00.888177,Business Book,Books,West,Hyderabad,25031.5,3,0.06,Net Banking,Home Office,5450.21
ORD102888,2025-02-25 14:04:17.811562,Laptop,Electronics,East,Chennai,30502.86,7,0.12,Cash on Delivery,Consumer,7276.5
ORD102889,2025-02-25 17:34:34.734946,Shoes,Clothing,North,Jaipur,44909.15,4,0.28,Credit Card,Consumer,1990.28
ORD102890,2025-02-25 21:04:51.658331,Dress,Clothing,East,Delhi,20192.26,3,0.26,Credit Card,Consumer,1439.84
ORD102891,2025-02-26 00:35:08.581716,Data Science Book,Books,South,Ahmedabad,19379.23,6,0.04,Net Banking,Home Office,2734.25
ORD102892,2025-02-26 04:05:25.505101,Air Fryer,Home & Kitchen,North,Delhi,376.74,6,0.23,Credit Card,Corporate,40.68
ORD102893,2025-02-26 07:35:42.428485,Laptop,Electronics,South,Jaipur,30748.63,5,0.06,Cash on Delivery,Home Office,3530.05
ORD102894,2025-02-26 11:05:59.351870,Data Science Book,Books,South,Bengaluru,1682.64,6,0.1,Cash on Delivery,Consumer,167.45
ORD102895,2025-02-26 14:36:16.275255,Business Book,Books,South,Hyderabad,25306.59,3,0.18,Cash on Delivery,Consumer,2431.33
ORD102896,2025-02-26 18:06:33.198639,Laptop,Electronics,North,Kolkata,40250.84,5,0.04,Cash on Delivery,Consumer,3220.96
ORD102897,2025-02-26 21:36:50.122024,Tablet,Electronics,North,Kolkata,27586.07,9,0.4,UPI,Consumer,1503.41
ORD102898,2025-02-27 01:07:07.045409,T-Shirt,Clothing,West,Jaipur,13627.88,4,0.07,Cash on Delivery,Home Office,2556.23
ORD102899,2025-02-27 04:37:23.968793,Mixer,Home & Kitchen,North,Delhi,39351.19,2,0.31,UPI,Home Office,3341.03
ORD102900,2025-02-27 08:07:40.892178,Cookware Set,Home & Kitchen,East,Kolkata,13631.91,5,0.33,Cash on Delivery,Corporate,1369.29
ORD102901,2025-02-27 11:37:57.815563,Smartphone,Electronics,South,Jaipur,36704.98,3,0.4,Cash on Delivery,Consumer,3369.33
ORD102902,2025-02-27 15:08:14.738947,Office Chair,Furniture,West,Lucknow,30590.87,3,0.17,Net Banking,Home Office,1966.09
ORD102903,2025-02-27 18:38:31.662332,Data Science Book,Books,North,Pune,8665.82,4,0.35,Cash on Delivery,Home Office,1435.65
ORD102904,2025-02-27 22:08:48.585717,Novel,Books,South,Mumbai,45275.67,4,0.38,Credit Card,Consumer,8115.02
ORD102905,2025-02-28 01:39:05.509101,Tablet,Electronics,North,Pune,10192.06,5,0.07,Cash on Delivery,Home Office,1098.43
ORD102906,2025-02-28 05:09:22.432486,Sofa,Furniture,West,Delhi,49481.44,7,0.19,Debit Card,Consumer,4953.99
ORD102907,2025-02-28 08:39:39.355871,Jeans,Clothing,North,Jaipur,564.06,4,0.02,Net Banking,Corporate,123.43
ORD102908,2025-02-28 12:09:56.279255,Laptop,Electronics,North,Bengaluru,13321.47,7,0.25,Net Banking,Consumer,700.85
ORD102909,2025-02-28 15:40:13.202640,Headphones,Electronics,South,Kolkata,10153.04,9,0.23,Cash on Delivery,Consumer,2164.22
ORD102910,2025-02-28 19:10:30.126025,Business Book,Books,East,Kolkata,896.87,3,0.08,Debit Card,Home Office,66.13
ORD102911,2025-02-28 22:40:47.049409,Smartphone,Electronics,North,Kolkata,36671.92,5,0.32,Cash on Delivery,Corporate,5810.69
ORD102912,2025-03-01 02:11:03.972794,Headphones,Electronics,West,Jaipur,34732.6,4,0.01,Credit Card,Corporate,4225.22
ORD102913,2025-03-01 05:41:20.896179,Headphones,Electronics,North,Pune,39659.08,9,0.32,Net Banking,Home Office,3527.87
ORD102914,2025-03-01 09:11:37.819563,Data Science Book,Books,North,Bengaluru,12983.59,5,0.01,Net Banking,Corporate,1095.28
ORD102915,2025-03-01 12:41:54.742948,T-Shirt,Clothing,East,Jaipur,22327.89,2,0.26,Debit Card,Corporate,3495.93
ORD102916,2025-03-01 16:12:11.666333,Dress,Clothing,South,Delhi,33023.85,1,0.03,UPI,Consumer,7968.2
ORD102917,2025-03-01 19:42:28.589717,Headphones,Electronics,West,Hyderabad,22100.47,7,0.1,Debit Card,Home Office,5719.7
ORD102918,2025-03-01 23:12:45.513102,Business Book,Books,South,Delhi,34926.82,1,0.29,Credit Card,Corporate,3295.35
ORD102919,2025-03-02 02:43:02.436487,Jeans,Clothing,South,Mumbai,31771.88,8,0.11,Debit Card,Corporate,5805.13
ORD102920,2025-03-02 06:13:19.359871,Shoes,Clothing,South,Hyderabad,5909.46,9,0.2,UPI,Corporate,726.86
ORD102921,2025-03-02 09:43:36.283256,T-Shirt,Clothing,North,Delhi,39095.95,7,0.37,Credit Card,Consumer,4666.51
ORD102922,2025-03-02 13:13:53.206641,Programming Book,Books,East,Bengaluru,36089.68,9,0.02,Credit Card,Consumer,3209.03
ORD102923,2025-03-02 16:44:10.130026,Business Book,Books,North,Chennai,32860.55,6,0.32,UPI,Home Office,4367.1
ORD102924,2025-03-02 20:14:27.053410,Tablet,Electronics,West,Chennai,7923.66,7,0.03,Cash on Delivery,Home Office,2015.8
ORD102925,2025-03-02 23:44:43.976795,Mixer,Home & Kitchen,East,Chennai,13546.22,3,0.05,Debit Card,Consumer,3422.01
ORD102926,2025-03-03 03:15:00.900180,T-Shirt,Clothing,South,Mumbai,19780.22,9,0.05,Credit Card,Home Office,3210.43
ORD102927,2025-03-03 06:45:17.823564,Coffee Maker,Home & Kitchen,East,Mumbai,14140.5,3,0.4,Debit Card,Home Office,924.25
ORD102928,2025-03-03 10:15:34.746949,Programming Book,Books,West,Chennai,11544.95,6,0.07,UPI,Home Office,2782.65
ORD102929,2025-03-03 13:45:51.670334,Exam Guide,Books,North,Lucknow,40306.81,4,0.36,Net Banking,Consumer,7735.22
ORD102930,2025-03-03 17:16:08.593718,Exam Guide,Books,North,Kolkata,31983.97,9,0.4,UPI,Consumer,2768.98
ORD102931,2025-03-03 20:46:25.517103,Dinner Set,Home & Kitchen,South,Hyderabad,28360.51,1,0.15,Debit Card,Corporate,6776.13
ORD102932,2025-03-04 00:16:42.440488,Novel,Books,North,Hyderabad,11452.45,9,0.25,Credit Card,Corporate,2541.28
ORD102933,2025-03-04 03:46:59.363872,Tablet,Electronics,North,Kolkata,45920.21,4,0.31,Debit Card,Corporate,4717.99
ORD102934,2025-03-04 07:17:16.287257,Exam Guide,Books,West,Pune,9720.92,5,0.16,Net Banking,Corporate,1870.5
ORD102935,2025-03-04 10:47:33.210642,Desk,Furniture,East,Lucknow,39788.56,1,0.06,Credit Card,Home Office,7303.46
ORD102936,2025-03-04 14:17:50.134026,Air Fryer,Home & Kitchen,North,Chennai,48340.3,1,0.17,Net Banking,Home Office,9250.17
ORD102937,2025-03-04 17:48:07.057411,Office Chair,Furniture,West,Kolkata,36409.22,6,0.31,Cash on Delivery,Consumer,2224.29
ORD102938,2025-03-04 21:18:23.980796,Exam Guide,Books,West,Jaipur,49644.37,1,0.31,UPI,Home Office,4853.19
ORD102939,2025-03-05 00:48:40.904180,Laptop,Electronics,South,Hyderabad,32622.35,2,0.09,Cash on Delivery,Home Office,1950.38
ORD102940,2025-03-05 04:18:57.827565,Shoes,Clothing,West,Jaipur,11029.53,3,0.07,Debit Card,Home Office,2085.38
ORD102941,2025-03-05 07:49:14.750950,Programming Book,Books,South,Kolkata,10350.21,7,0.37,Cash on Delivery,Corporate,1836.69
ORD102942,2025-03-05 11:19:31.674334,Smartphone,Electronics,North,Kolkata,16363.3,2,0.02,UPI,Consumer,3047.98
ORD102943,2025-03-05 14:49:48.597719,Mixer,Home & Kitchen,South,Delhi,555.08,5,0.29,Credit Card,Corporate,26.63
ORD102944,2025-03-05 18:20:05.521104,Office Chair,Furniture,West,Delhi,34148.58,9,0.02,Net Banking,Home Office,9457.19
ORD102945,2025-03-05 21:50:22.444488,Office Chair,Furniture,East,Bengaluru,13579.66,8,0.34,Credit Card,Home Office,746.06
ORD102946,2025-03-06 01:20:39.367873,Bookshelf,Furniture,East,Bengaluru,40796.12,8,0.36,Cash on Delivery,Consumer,7068.77
ORD102947,2025-03-06 04:50:56.291258,Air Fryer,Home & Kitchen,North,Mumbai,18086.8,2,0.12,Debit Card,Corporate,3637.8
ORD102948,2025-03-06 08:21:13.214642,Smartwatch,Electronics,North,Mumbai,24101.83,1,0.03,Cash on Delivery,Home Office,4888.31
ORD102949,2025-03-06 11:51:30.138027,Cookware Set,Home & Kitchen,East,Chennai,48291.31,9,0.19,UPI,Consumer,7694.58
ORD102950,2025-03-06 15:21:47.061412,Office Chair,Furniture,South,Delhi,12260.17,4,0.12,UPI,Home Office,893.19
ORD102951,2025-03-06 18:52:03.984796,Programming Book,Books,North,Chennai,36118.45,9,0.17,Debit Card,Home Office,5252.53
ORD102952,2025-03-06 22:22:20.908181,T-Shirt,Clothing,West,Kolkata,37804.87,7,0.27,Credit Card,Consumer,2736.94
ORD102953,2025-03-07 01:52:37.831566,Mixer,Home & Kitchen,North,Chennai,11205.71,6,0.08,UPI,Consumer,1989.13
ORD102954,2025-03-07 05:22:54.754950,Air Fryer,Home & Kitchen,South,Kolkata,25149.64,9,0.14,UPI,Home Office,3500.3
ORD102955,2025-03-07 08:53:11.678335,Smartwatch,Electronics,North,Hyderabad,17640.06,4,0.31,Debit Card,Consumer,2676.77
ORD102956,2025-03-07 12:23:28.601720,Tablet,Electronics,West,Delhi,38640.93,1,0.26,Credit Card,Home Office,8453.17
ORD102957,2025-03-07 15:53:45.525105,Cookware Set,Home & Kitchen,West,Bengaluru,31199.67,5,0.13,Cash on Delivery,Corporate,3807.01
ORD102958,2025-03-07 19:24:02.448489,Office Chair,Furniture,West,Chennai,23903.96,6,0.27,Net Banking,Home Office,3562.89
ORD102959,2025-03-07 22:54:19.371874,Shoes,Clothing,South,Delhi,39012.29,6,0.31,Debit Card,Consumer,7163.05
ORD102960,2025-03-08 02:24:36.295259,Tablet,Electronics,South,Hyderabad,11910.75,1,0.24,Credit Card,Corporate,662.91
ORD102961,2025-03-08 05:54:53.218643,Sofa,Furniture,West,Jaipur,37730.37,7,0.1,Net Banking,Consumer,8491.42
ORD102962,2025-03-08 09:25:10.142028,Data Science Book,Books,West,Bengaluru,43295.64,8,0.0,Debit Card,Home Office,4756.3
ORD102963,2025-03-08 12:55:27.065413,Tablet,Electronics,South,Lucknow,43955.36,5,0.32,Cash on Delivery,Consumer,5531.65
ORD102964,2025-03-08 16:25:43.988797,Sofa,Furniture,South,Ahmedabad,39226.94,2,0.33,Cash on Delivery,Home Office,7828.78
ORD102965,2025-03-08 19:56:00.912182,Bookshelf,Furniture,South,Delhi,20519.11,2,0.28,Credit Card,Consumer,4373.23
ORD102966,2025-03-08 23:26:17.835567,Shoes,Clothing,East,Pune,49094.04,5,0.03,Credit Card,Consumer,6140.73
ORD102967,2025-03-09 02:56:34.758951,Shoes,Clothing,South,Delhi,19103.76,7,0.23,Cash on Delivery,Home Office,1220.05
ORD102968,2025-03-09 06:26:51.682336,Exam Guide,Books,West,Kolkata,32003.54,7,0.33,Cash on Delivery,Corporate,6101.35
ORD102969,2025-03-09 09:57:08.605721,Bookshelf,Furniture,East,Lucknow,8221.49,4,0.16,Debit Card,Home Office,1887.99
ORD102970,2025-03-09 13:27:25.529105,Office Chair,Furniture,South,Pune,49026.36,3,0.08,Credit Card,Corporate,9201.63
ORD102971,2025-03-09 16:57:42.452490,Jeans,Clothing,West,Chennai,35258.5,9,0.24,Net Banking,Corporate,1556.94
ORD102972,2025-03-09 20:27:59.375875,Tablet,Electronics,North,Hyderabad,37718.2,7,0.33,Cash on Delivery,Corporate,6010.0
ORD102973,2025-03-09 23:58:16.299259,Headphones,Electronics,East,Pune,3475.68,2,0.02,Net Banking,Corporate,307.28
ORD102974,2025-03-10 03:28:33.222644,Coffee Maker,Home & Kitchen,West,Chennai,38218.21,1,0.24,Credit Card,Home Office,8300.0
ORD102975,2025-03-10 06:58:50.146029,Jacket,Clothing,North,Chennai,38781.23,2,0.26,Credit Card,Home Office,4556.73
ORD102976,2025-03-10 10:29:07.069413,Cookware Set,Home & Kitchen,West,Chennai,33654.28,3,0.24,UPI,Corporate,5212.1
ORD102977,2025-03-10 13:59:23.992798,Jeans,Clothing,South,Kolkata,14737.1,5,0.26,Cash on Delivery,Corporate,1311.6
ORD102978,2025-03-10 17:29:40.916183,Programming Book,Books,South,Pune,24586.56,3,0.25,Credit Card,Corporate,3112.09
ORD102979,2025-03-10 20:59:57.839567,Office Chair,Furniture,North,Mumbai,5699.63,9,0.05,Credit Card,Corporate,1292.25
ORD102980,2025-03-11 00:30:14.762952,Novel,Books,South,Hyderabad,23685.04,4,0.09,Cash on Delivery,Corporate,3728.83
ORD102981,2025-03-11 04:00:31.686337,Dress,Clothing,West,Jaipur,12342.43,7,0.25,UPI,Corporate,2423.43
ORD102982,2025-03-11 07:30:48.609721,Table,Furniture,North,Delhi,17585.03,4,0.01,UPI,Consumer,3973.76
ORD102983,2025-03-11 11:01:05.533106,Smartwatch,Electronics,West,Kolkata,8297.5,3,0.25,UPI,Corporate,431.51
ORD102984,2025-03-11 14:31:22.456491,Laptop,Electronics,West,Bengaluru,11656.71,1,0.27,UPI,Consumer,1716.42
ORD102985,2025-03-11 18:01:39.379875,Coffee Maker,Home & Kitchen,West,Jaipur,4013.12,9,0.1,Debit Card,Home Office,733.74
ORD102986,2025-03-11 21:31:56.303260,T-Shirt,Clothing,South,Hyderabad,46011.09,1,0.24,Cash on Delivery,Home Office,5078.28
ORD102987,2025-03-12 01:02:13.226645,Jeans,Clothing,South,Kolkata,26614.45,1,0.21,Cash on Delivery,Corporate,2747.62
ORD102988,2025-03-12 04:32:30.150030,Tablet,Electronics,West,Jaipur,19957.75,1,0.1,Cash on Delivery,Home Office,1180.5
ORD102989,2025-03-12 08:02:47.073414,Exam Guide,Books,East,Delhi,26844.45,5,0.19,UPI,Home Office,3512.51
ORD102990,2025-03-12 11:33:03.996799,Desk,Furniture,West,Chennai,31489.0,7,0.36,UPI,Corporate,2703.5
ORD102991,2025-03-12 15:03:20.920184,Business Book,Books,West,Lucknow,46109.56,7,0.17,Credit Card,Home Office,11013.06
ORD102992,2025-03-12 18:33:37.843568,Business Book,Books,North,Chennai,9098.91,1,0.25,Debit Card,Home Office,1491.38
ORD102993,2025-03-12 22:03:54.766953,Headphones,Electronics,West,Hyderabad,14918.51,6,0.01,Cash on Delivery,Corporate,2437.17
ORD102994,2025-03-13 01:34:11.690338,Laptop,Electronics,South,Delhi,48794.31,9,0.03,Debit Card,Corporate,11295.56
ORD102995,2025-03-13 05:04:28.613722,Smartwatch,Electronics,North,Jaipur,18685.41,6,0.03,Cash on Delivery,Corporate,4435.01
ORD102996,2025-03-13 08:34:45.537107,Cookware Set,Home & Kitchen,East,Ahmedabad,1323.57,4,0.31,UPI,Consumer,155.36
ORD102997,2025-03-13 12:05:02.460492,Business Book,Books,North,Lucknow,7552.65,9,0.14,UPI,Corporate,447.78
ORD102998,2025-03-13 15:35:19.383876,Dress,Clothing,East,Chennai,1511.67,3,0.09,Cash on Delivery,Home Office,337.22
ORD102999,2025-03-13 19:05:36.307261,Office Chair,Furniture,North,Mumbai,49498.17,4,0.3,Net Banking,Corporate,2514.49
ORD103000,2025-03-13 22:35:53.230646,Air Fryer,Home & Kitchen,North,Jaipur,14087.77,4,0.07,UPI,Consumer,3431.01
ORD103001,2025-03-14 02:06:10.154030,T-Shirt,Clothing,East,Chennai,46192.43,4,0.1,Credit Card,Home Office,5551.65
ORD103002,2025-03-14 05:36:27.077415,Exam Guide,Books,South,Jaipur,49795.14,6,0.17,UPI,Consumer,8661.12
ORD103003,2025-03-14 09:06:44.000800,Tablet,Electronics,South,Lucknow,30072.09,7,0.13,Credit Card,Home Office,6150.88
ORD103004,2025-03-14 12:37:00.924184,Exam Guide,Books,South,Hyderabad,1853.18,9,0.23,Debit Card,Corporate,83.9
ORD103005,2025-03-14 16:07:17.847569,Table,Furniture,North,Bengaluru,4263.26,3,0.14,UPI,Consumer,535.86
ORD103006,2025-03-14 19:37:34.770954,Cookware Set,Home & Kitchen,West,Chennai,24183.13,8,0.16,UPI,Corporate,4083.81
ORD103007,2025-03-14 23:07:51.694338,Air Fryer,Home & Kitchen,North,Jaipur,20427.37,8,0.35,Debit Card,Home Office,3479.26
ORD103008,2025-03-15 02:38:08.617723,Table,Furniture,West,Bengaluru,30387.63,1,0.35,Credit Card,Corporate,4531.94
ORD103009,2025-03-15 06:08:25.541108,Dress,Clothing,West,Bengaluru,22054.62,5,0.33,Net Banking,Corporate,4049.31
ORD103010,2025-03-15 09:38:42.464492,Shoes,Clothing,South,Mumbai,46717.03,5,0.35,Credit Card,Home Office,2146.29
ORD103011,2025-03-15 13:08:59.387877,Air Fryer,Home & Kitchen,West,Bengaluru,26830.04,8,0.23,Cash on Delivery,Consumer,1403.9
ORD103012,2025-03-15 16:39:16.311262,Mixer,Home & Kitchen,North,Lucknow,34747.56,8,0.26,Cash on Delivery,Home Office,5872.41
ORD103013,2025-03-15 20:09:33.234646,Headphones,Electronics,North,Delhi,44844.97,2,0.22,Cash on Delivery,Home Office,5233.99
ORD103014,2025-03-15 23:39:50.158031,Jacket,Clothing,South,Bengaluru,7514.22,3,0.31,Debit Card,Corporate,883.53
ORD103015,2025-03-16 03:10:07.081416,Bookshelf,Furniture,East,Ahmedabad,11640.79,2,0.22,Credit Card,Home Office,1825.76
ORD103016,2025-03-16 06:40:24.004800,Dress,Clothing,North,Jaipur,5544.47,1,0.04,UPI,Consumer,1578.1
ORD103017,2025-03-16 10:10:40.928185,Tablet,Electronics,West,Bengaluru,7153.99,2,0.32,Cash on Delivery,Home Office,324.92
ORD103018,2025-03-16 13:40:57.851570,Cookware Set,Home & Kitchen,North,Pune,25726.68,6,0.3,Credit Card,Home Office,1390.7
ORD103019,2025-03-16 17:11:14.774954,Mixer,Home & Kitchen,North,Delhi,16194.73,1,0.33,UPI,Corporate,2792.13
ORD103020,2025-03-16 20:41:31.698339,Smartwatch,Electronics,North,Kolkata,21274.01,6,0.08,Credit Card,Consumer,1079.03
ORD103021,2025-03-17 00:11:48.621724,Bookshelf,Furniture,East,Delhi,49127.99,1,0.11,Debit Card,Corporate,7110.11
ORD103022,2025-03-17 03:42:05.545109,Mixer,Home & Kitchen,West,Hyderabad,8003.88,2,0.12,Cash on Delivery,Corporate,1715.28
ORD103023,2025-03-17 07:12:22.468493,Programming Book,Books,South,Kolkata,27132.44,8,0.2,Net Banking,Consumer,2144.92
ORD103024,2025-03-17 10:42:39.391878,Cookware Set,Home & Kitchen,North,Mumbai,5123.78,6,0.05,Cash on Delivery,Consumer,470.95
ORD103025,2025-03-17 14:12:56.315263,Business Book,Books,West,Delhi,16061.12,9,0.15,Cash on Delivery,Home Office,1741.49
ORD103026,2025-03-17 17:43:13.238647,Headphones,Electronics,West,Hyderabad,26470.79,1,0.07,Debit Card,Consumer,2154.12
ORD103027,2025-03-17 21:13:30.162032,Smartwatch,Electronics,South,Delhi,47342.26,5,0.11,UPI,Corporate,9254.37
ORD103028,2025-03-18 00:43:47.085417,Cookware Set,Home & Kitchen,North,Bengaluru,19683.17,7,0.28,Cash on Delivery,Consumer,1417.68
ORD103029,2025-03-18 04:14:04.008801,Dress,Clothing,East,Chennai,3432.35,9,0.34,UPI,Consumer,241.75
ORD103030,2025-03-18 07:44:20.932186,Programming Book,Books,West,Chennai,19530.44,9,0.01,UPI,Consumer,3745.87
ORD103031,2025-03-18 11:14:37.855571,Bookshelf,Furniture,South,Hyderabad,7457.91,4,0.23,Debit Card,Corporate,1675.89
ORD103032,2025-03-18 14:44:54.778955,Dinner Set,Home & Kitchen,East,Delhi,11653.48,4,0.01,Cash on Delivery,Home Office,3212.7
ORD103033,2025-03-18 18:15:11.702340,Desk,Furniture,West,Hyderabad,30980.91,4,0.03,Debit Card,Home Office,7997.43
ORD103034,2025-03-18 21:45:28.625725,Coffee Maker,Home & Kitchen,North,Mumbai,3557.71,3,0.28,Debit Card,Corporate,468.07
ORD103035,2025-03-19 01:15:45.549109,T-Shirt,Clothing,West,Chennai,23343.24,8,0.29,Net Banking,Home Office,2062.4
ORD103036,2025-03-19 04:46:02.472494,Jacket,Clothing,East,Pune,30551.19,5,0.33,Debit Card,Home Office,4635.1
ORD103037,2025-03-19 08:16:19.395879,Dress,Clothing,East,Kolkata,21208.55,7,0.19,Net Banking,Corporate,2532.08
ORD103038,2025-03-19 11:46:36.319263,Dress,Clothing,North,Lucknow,1152.49,6,0.34,UPI,Corporate,185.96
ORD103039,2025-03-19 15:16:53.242648,Laptop,Electronics,North,Bengaluru,49278.86,9,0.07,UPI,Home Office,2476.98
ORD103040,2025-03-19 18:47:10.166033,Smartwatch,Electronics,South,Pune,18482.37,3,0.1,Credit Card,Consumer,3033.82
ORD103041,2025-03-19 22:17:27.089417,Novel,Books,North,Pune,38973.14,6,0.05,Credit Card,Home Office,4973.78
ORD103042,2025-03-20 01:47:44.012802,Sofa,Furniture,South,Jaipur,16417.2,3,0.32,UPI,Consumer,1253.26
ORD103043,2025-03-20 05:18:00.936187,Coffee Maker,Home & Kitchen,East,Pune,23855.83,2,0.09,Cash on Delivery,Corporate,4677.36
ORD103044,2025-03-20 08:48:17.859571,Coffee Maker,Home & Kitchen,East,Kolkata,19545.49,3,0.06,Credit Card,Consumer,3942.67
ORD103045,2025-03-20 12:18:34.782956,Laptop,Electronics,West,Kolkata,17258.45,2,0.25,Debit Card,Consumer,767.14
ORD103046,2025-03-20 15:48:51.706341,Mixer,Home & Kitchen,West,Bengaluru,1288.2,2,0.03,Credit Card,Consumer,358.53
ORD103047,2025-03-20 19:19:08.629725,Smartphone,Electronics,South,Hyderabad,18129.04,7,0.02,UPI,Corporate,2495.53
ORD103048,2025-03-20 22:49:25.553110,Business Book,Books,North,Ahmedabad,44496.6,3,0.04,Cash on Delivery,Home Office,11933.0
ORD103049,2025-03-21 02:19:42.476495,Office Chair,Furniture,North,Ahmedabad,34581.59,8,0.0,UPI,Home Office,6775.57
ORD103050,2025-03-21 05:49:59.399879,Novel,Books,West,Delhi,7442.06,2,0.28,Cash on Delivery,Consumer,1142.11
ORD103051,2025-03-21 09:20:16.323264,Jeans,Clothing,East,Delhi,29639.52,7,0.22,Credit Card,Home Office,6707.44
ORD103052,2025-03-21 12:50:33.246649,Shoes,Clothing,South,Lucknow,44633.1,3,0.08,Debit Card,Corporate,10493.48
ORD103053,2025-03-21 16:20:50.170034,Jacket,Clothing,East,Kolkata,35061.7,9,0.09,Debit Card,Corporate,2712.3
ORD103054,2025-03-21 19:51:07.093418,Business Book,Books,East,Delhi,7604.48,7,0.32,UPI,Corporate,265.3
ORD103055,2025-03-21 23:21:24.016803,Air Fryer,Home & Kitchen,North,Jaipur,43418.06,9,0.2,Cash on Delivery,Corporate,4416.38
ORD103056,2025-03-22 02:51:40.940188,Desk,Furniture,South,Delhi,15216.89,2,0.28,Credit Card,Home Office,1885.93
ORD103057,2025-03-22 06:21:57.863572,T-Shirt,Clothing,East,Mumbai,22812.99,6,0.18,Cash on Delivery,Consumer,4359.35
ORD103058,2025-03-22 09:52:14.786957,Dress,Clothing,West,Mumbai,26401.91,5,0.1,Cash on Delivery,Consumer,5115.0
ORD103059,2025-03-22 13:22:31.710342,Jeans,Clothing,West,Jaipur,42555.23,2,0.39,Cash on Delivery,Consumer,3328.27
ORD103060,2025-03-22 16:52:48.633726,Office Chair,Furniture,North,Pune,46594.05,4,0.23,Credit Card,Corporate,6655.23
ORD103061,2025-03-22 20:23:05.557111,Jeans,Clothing,West,Mumbai,46496.71,4,0.05,Cash on Delivery,Home Office,9396.83
ORD103062,2025-03-22 23:53:22.480496,Sofa,Furniture,West,Ahmedabad,596.12,8,0.16,Debit Card,Home Office,89.35
ORD103063,2025-03-23 03:23:39.403880,Jacket,Clothing,East,Ahmedabad,46110.05,7,0.13,UPI,Home Office,8915.47
ORD103064,2025-03-23 06:53:56.327265,Novel,Books,West,Mumbai,2908.47,5,0.09,Net Banking,Home Office,453.39
ORD103065,2025-03-23 10:24:13.250650,Programming Book,Books,West,Delhi,13435.53,9,0.37,Cash on Delivery,Home Office,1544.08
ORD103066,2025-03-23 13:54:30.174034,Sofa,Furniture,East,Lucknow,25846.4,1,0.35,Debit Card,Home Office,4791.3
ORD103067,2025-03-23 17:24:47.097419,Exam Guide,Books,North,Lucknow,24100.3,4,0.08,Debit Card,Consumer,3265.74
ORD103068,2025-03-23 20:55:04.020804,Sofa,Furniture,North,Ahmedabad,30314.55,5,0.14,UPI,Corporate,6228.95
ORD103069,2025-03-24 00:25:20.944188,Data Science Book,Books,South,Mumbai,24076.42,8,0.3,UPI,Consumer,2252.79
ORD103070,2025-03-24 03:55:37.867573,Business Book,Books,West,Pune,46731.91,3,0.08,Net Banking,Home Office,5716.55
ORD103071,2025-03-24 07:25:54.790958,Table,Furniture,East,Bengaluru,12179.33,5,0.24,Net Banking,Corporate,2607.2
ORD103072,2025-03-24 10:56:11.714342,Mixer,Home & Kitchen,South,Delhi,13846.43,3,0.28,Net Banking,Corporate,2239.81
ORD103073,2025-03-24 14:26:28.637727,Novel,Books,North,Delhi,46052.75,7,0.26,Credit Card,Corporate,9618.45
ORD103074,2025-03-24 17:56:45.561112,Jacket,Clothing,North,Lucknow,4021.63,3,0.28,Credit Card,Corporate,864.75
ORD103075,2025-03-24 21:27:02.484496,Dinner Set,Home & Kitchen,East,Mumbai,30556.13,7,0.28,Debit Card,Home Office,1101.14
ORD103076,2025-03-25 00:57:19.407881,Bookshelf,Furniture,South,Hyderabad,34150.45,2,0.39,UPI,Home Office,6161.78
ORD103077,2025-03-25 04:27:36.331266,Coffee Maker,Home & Kitchen,South,Chennai,25375.98,7,0.14,Cash on Delivery,Corporate,1641.5
ORD103078,2025-03-25 07:57:53.254650,Headphones,Electronics,East,Mumbai,34772.75,9,0.35,UPI,Home Office,1527.98
ORD103079,2025-03-25 11:28:10.178035,Tablet,Electronics,East,Jaipur,8803.18,5,0.01,Credit Card,Corporate,2108.65
ORD103080,2025-03-25 14:58:27.101420,Novel,Books,South,Mumbai,42661.09,6,0.12,Debit Card,Home Office,5163.72
ORD103081,2025-03-25 18:28:44.024804,Novel,Books,North,Delhi,7173.28,3,0.02,Cash on Delivery,Corporate,1964.5
ORD103082,2025-03-25 21:59:00.948189,Jacket,Clothing,West,Bengaluru,20160.46,5,0.26,Net Banking,Home Office,2776.78
ORD103083,2025-03-26 01:29:17.871574,Mixer,Home & Kitchen,North,Jaipur,3947.83,5,0.04,Net Banking,Consumer,555.33
ORD103084,2025-03-26 04:59:34.794958,Headphones,Electronics,East,Lucknow,27351.51,3,0.34,Credit Card,Consumer,1234.02
ORD103085,2025-03-26 08:29:51.718343,Business Book,Books,South,Kolkata,33553.34,8,0.26,Debit Card,Home Office,4125.64
ORD103086,2025-03-26 12:00:08.641728,Cookware Set,Home & Kitchen,South,Kolkata,47072.84,6,0.01,UPI,Home Office,5567.76
ORD103087,2025-03-26 15:30:25.565113,Novel,Books,West,Hyderabad,37018.94,3,0.29,Credit Card,Consumer,1817.59
ORD103088,2025-03-26 19:00:42.488497,Novel,Books,South,Lucknow,27146.93,1,0.34,UPI,Home Office,3898.68
ORD103089,2025-03-26 22:30:59.411882,Laptop,Electronics,West,Pune,46644.33,1,0.26,Cash on Delivery,Corporate,10159.48
ORD103090,2025-03-27 02:01:16.335267,Laptop,Electronics,North,Ahmedabad,24026.15,2,0.01,UPI,Home Office,3442.5
ORD103091,2025-03-27 05:31:33.258651,Exam Guide,Books,North,Hyderabad,28148.04,5,0.34,Cash on Delivery,Home Office,2309.51
ORD103092,2025-03-27 09:01:50.182036,Bookshelf,Furniture,South,Kolkata,29885.71,7,0.29,Debit Card,Consumer,1538.16
ORD103093,2025-03-27 12:32:07.105421,Data Science Book,Books,South,Ahmedabad,20616.99,1,0.15,Credit Card,Consumer,1853.85
ORD103094,2025-03-27 16:02:24.028805,Business Book,Books,East,Pune,41956.44,1,0.13,UPI,Home Office,4425.63
ORD103095,2025-03-27 19:32:40.952190,Jeans,Clothing,East,Lucknow,9421.76,4,0.19,Debit Card,Corporate,1038.24
ORD103096,2025-03-27 23:02:57.875575,T-Shirt,Clothing,South,Ahmedabad,27831.14,6,0.35,Debit Card,Home Office,3771.67
ORD103097,2025-03-28 02:33:14.798959,Shoes,Clothing,South,Lucknow,36167.22,9,0.1,UPI,Corporate,2562.32
ORD103098,2025-03-28 06:03:31.722344,Sofa,Furniture,North,Pune,45218.01,1,0.04,Net Banking,Corporate,2804.5
ORD103099,2025-03-28 09:33:48.645729,Office Chair,Furniture,South,Chennai,44219.14,5,0.35,Net Banking,Home Office,8123.92
ORD103100,2025-03-28 13:04:05.569113,Data Science Book,Books,East,Jaipur,25535.27,9,0.01,Cash on Delivery,Corporate,6314.85
ORD103101,2025-03-28 16:34:22.492498,Jeans,Clothing,North,Ahmedabad,32229.44,8,0.36,Debit Card,Consumer,2466.05
ORD103102,2025-03-28 20:04:39.415883,Bookshelf,Furniture,West,Ahmedabad,19833.04,7,0.12,Credit Card,Corporate,3659.88
ORD103103,2025-03-28 23:34:56.339267,Smartwatch,Electronics,East,Lucknow,23515.25,2,0.2,Credit Card,Corporate,3727.13
ORD103104,2025-03-29 03:05:13.262652,Novel,Books,East,Lucknow,45332.04,9,0.05,Debit Card,Corporate,10152.79
ORD103105,2025-03-29 06:35:30.186037,Dinner Set,Home & Kitchen,North,Ahmedabad,46549.06,8,0.36,Net Banking,Consumer,7889.47
ORD103106,2025-03-29 10:05:47.109421,Business Book,Books,West,Lucknow,44791.62,9,0.3,Debit Card,Consumer,4371.96
ORD103107,2025-03-29 13:36:04.032806,Air Fryer,Home & Kitchen,East,Bengaluru,7090.87,9,0.37,Cash on Delivery,Home Office,961.39
ORD103108,2025-03-29 17:06:20.956191,Jacket,Clothing,South,Bengaluru,42534.18,9,0.27,Debit Card,Corporate,7778.33
ORD103109,2025-03-29 20:36:37.879575,Air Fryer,Home & Kitchen,East,Chennai,47428.51,3,0.07,UPI,Consumer,9916.63
ORD103110,2025-03-30 00:06:54.802960,T-Shirt,Clothing,North,Chennai,18190.23,7,0.12,Net Banking,Corporate,4490.62
ORD103111,2025-03-30 03:37:11.726345,Smartwatch,Electronics,North,Chennai,26028.59,1,0.19,UPI,Corporate,3661.55
ORD103112,2025-03-30 07:07:28.649729,Cookware Set,Home & Kitchen,North,Kolkata,38998.94,9,0.24,UPI,Home Office,7429.36
ORD103113,2025-03-30 10:37:45.573114,Data Science Book,Books,East,Kolkata,28191.49,9,0.37,Debit Card,Corporate,4927.43
ORD103114,2025-03-30 14:08:02.496499,Jacket,Clothing,West,Mumbai,49675.48,3,0.15,Debit Card,Consumer,7991.48
ORD103115,2025-03-30 17:38:19.419883,Programming Book,Books,South,Hyderabad,22894.53,5,0.28,Credit Card,Home Office,895.47
ORD103116,2025-03-30 21:08:36.343268,Desk,Furniture,North,Jaipur,35754.35,8,0.38,UPI,Home Office,5641.73
ORD103117,2025-03-31 00:38:53.266653,Shoes,Clothing,West,Bengaluru,39671.04,6,0.06,Debit Card,Corporate,9751.86
ORD103118,2025-03-31 04:09:10.190038,Dinner Set,Home & Kitchen,South,Pune,24806.2,9,0.35,Credit Card,Corporate,2418.0
ORD103119,2025-03-31 07:39:27.113422,T-Shirt,Clothing,North,Jaipur,42877.79,3,0.17,UPI,Consumer,3817.57
ORD103120,2025-03-31 11:09:44.036807,Business Book,Books,South,Jaipur,27398.5,7,0.29,Credit Card,Corporate,5729.62
ORD103121,2025-03-31 14:40:00.960192,Tablet,Electronics,South,Pune,20700.21,6,0.12,Net Banking,Consumer,3422.93
ORD103122,2025-03-31 18:10:17.883576,Jacket,Clothing,West,Delhi,5569.62,5,0.13,Cash on Delivery,Corporate,867.57
ORD103123,2025-03-31 21:40:34.806961,Air Fryer,Home & Kitchen,South,Ahmedabad,19792.0,4,0.01,UPI,Consumer,5614.07
ORD103124,2025-04-01 01:10:51.730346,Desk,Furniture,North,Hyderabad,36750.04,5,0.39,Debit Card,Corporate,3408.01
ORD103125,2025-04-01 04:41:08.653730,Tablet,Electronics,West,Mumbai,46080.06,4,0.33,Net Banking,Home Office,8089.94
ORD103126,2025-04-01 08:11:25.577115,Bookshelf,Furniture,East,Chennai,12733.63,3,0.04,Credit Card,Consumer,2752.45
ORD103127,2025-04-01 11:41:42.500500,Jacket,Clothing,East,Pune,17890.73,7,0.4,Cash on Delivery,Home Office,3133.69
ORD103128,2025-04-01 15:11:59.423884,Novel,Books,West,Kolkata,7867.26,6,0.24,UPI,Home Office,939.69
ORD103129,2025-04-01 18:42:16.347269,Business Book,Books,East,Chennai,34598.0,4,0.34,Cash on Delivery,Home Office,6323.07
ORD103130,2025-04-01 22:12:33.270654,Air Fryer,Home & Kitchen,South,Lucknow,48017.38,9,0.03,Net Banking,Home Office,8953.01
ORD103131,2025-04-02 01:42:50.194038,Programming Book,Books,North,Pune,32119.42,1,0.16,Cash on Delivery,Consumer,4558.84
ORD103132,2025-04-02 05:13:07.117423,Laptop,Electronics,South,Chennai,30930.41,1,0.27,UPI,Corporate,2854.37
ORD103133,2025-04-02 08:43:24.040808,Business Book,Books,West,Ahmedabad,27763.8,9,0.04,Net Banking,Home Office,5015.46
ORD103134,2025-04-02 12:13:40.964192,Dinner Set,Home & Kitchen,North,Ahmedabad,4605.1,7,0.2,Credit Card,Corporate,711.54
ORD103135,2025-04-02 15:43:57.887577,Jeans,Clothing,West,Ahmedabad,36529.29,2,0.18,UPI,Consumer,8225.31
ORD103136,2025-04-02 19:14:14.810962,T-Shirt,Clothing,West,Chennai,30182.07,5,0.09,Cash on Delivery,Corporate,6207.67
ORD103137,2025-04-02 22:44:31.734346,Programming Book,Books,West,Ahmedabad,33141.54,4,0.12,UPI,Consumer,7484.16
ORD103138,2025-04-03 02:14:48.657731,Sofa,Furniture,South,Bengaluru,44960.79,1,0.39,Net Banking,Corporate,6644.86
ORD103139,2025-04-03 05:45:05.581116,Dress,Clothing,North,Kolkata,39241.25,9,0.12,Cash on Delivery,Consumer,4114.93
ORD103140,2025-04-03 09:15:22.504500,Exam Guide,Books,North,Mumbai,39089.58,6,0.09,Credit Card,Consumer,3608.71
ORD103141,2025-04-03 12:45:39.427885,Coffee Maker,Home & Kitchen,North,Pune,46373.75,6,0.21,Debit Card,Corporate,4199.15
ORD103142,2025-04-03 16:15:56.351270,Programming Book,Books,South,Jaipur,49498.76,4,0.27,Credit Card,Home Office,3130.83
ORD103143,2025-04-03 19:46:13.274654,Jeans,Clothing,East,Chennai,29147.88,2,0.29,UPI,Home Office,3031.62
ORD103144,2025-04-03 23:16:30.198039,Mixer,Home & Kitchen,South,Chennai,5622.3,8,0.3,Debit Card,Corporate,840.16
ORD103145,2025-04-04 02:46:47.121424,Exam Guide,Books,South,Kolkata,23064.67,8,0.01,Net Banking,Home Office,4207.04
ORD103146,2025-04-04 06:17:04.044808,Laptop,Electronics,West,Delhi,39422.54,3,0.16,Cash on Delivery,Home Office,7278.78
ORD103147,2025-04-04 09:47:20.968193,Cookware Set,Home & Kitchen,North,Hyderabad,1580.72,7,0.31,Cash on Delivery,Consumer,151.63
ORD103148,2025-04-04 13:17:37.891578,Headphones,Electronics,North,Lucknow,3032.99,7,0.36,Net Banking,Corporate,196.67
ORD103149,2025-04-04 16:47:54.814962,Office Chair,Furniture,East,Pune,3544.46,5,0.24,UPI,Home Office,271.24
ORD103150,2025-04-04 20:18:11.738347,Coffee Maker,Home & Kitchen,East,Delhi,36605.58,5,0.02,Credit Card,Home Office,7182.43
ORD103151,2025-04-04 23:48:28.661732,Headphones,Electronics,West,Lucknow,25158.1,8,0.16,Debit Card,Home Office,1924.64
ORD103152,2025-04-05 03:18:45.585117,Shoes,Clothing,North,Hyderabad,18571.12,4,0.03,Net Banking,Corporate,2689.34
ORD103153,2025-04-05 06:49:02.508501,Shoes,Clothing,East,Jaipur,5459.73,1,0.3,UPI,Home Office,394.44
ORD103154,2025-04-05 10:19:19.431886,Sofa,Furniture,East,Chennai,36665.56,1,0.03,UPI,Home Office,7671.15
ORD103155,2025-04-05 13:49:36.355271,Mixer,Home & Kitchen,North,Ahmedabad,16186.79,9,0.07,Debit Card,Home Office,3068.78
ORD103156,2025-04-05 17:19:53.278655,Dinner Set,Home & Kitchen,South,Kolkata,13413.14,4,0.17,Net Banking,Consumer,1617.4
ORD103157,2025-04-05 20:50:10.202040,Air Fryer,Home & Kitchen,East,Pune,32685.5,1,0.19,Credit Card,Corporate,2175.72
ORD103158,2025-04-06 00:20:27.125425,Desk,Furniture,North,Kolkata,28038.74,2,0.16,Credit Card,Home Office,2424.83
ORD103159,2025-04-06 03:50:44.048809,Dinner Set,Home & Kitchen,East,Mumbai,18248.05,7,0.19,Net Banking,Consumer,2483.97
ORD103160,2025-04-06 07:21:00.972194,T-Shirt,Clothing,West,Jaipur,32146.08,2,0.29,Cash on Delivery,Corporate,6687.82
ORD103161,2025-04-06 10:51:17.895579,Smartwatch,Electronics,East,Mumbai,13706.83,1,0.15,Credit Card,Consumer,1371.23
ORD103162,2025-04-06 14:21:34.818963,Jeans,Clothing,North,Hyderabad,39782.55,9,0.22,Cash on Delivery,Consumer,3034.7
ORD103163,2025-04-06 17:51:51.742348,Jacket,Clothing,East,Hyderabad,11620.08,5,0.12,Net Banking,Corporate,1075.44
ORD103164,2025-04-06 21:22:08.665733,Tablet,Electronics,West,Bengaluru,8110.12,4,0.14,UPI,Home Office,1583.5
ORD103165,2025-04-07 00:52:25.589117,Dress,Clothing,West,Hyderabad,39165.48,4,0.25,Net Banking,Home Office,8185.71
ORD103166,2025-04-07 04:22:42.512502,Desk,Furniture,East,Delhi,35453.02,1,0.2,UPI,Consumer,1951.13
ORD103167,2025-04-07 07:52:59.435887,Laptop,Electronics,East,Delhi,9295.42,3,0.29,Net Banking,Corporate,1566.27
ORD103168,2025-04-07 11:23:16.359271,Jacket,Clothing,West,Ahmedabad,5989.04,1,0.22,Cash on Delivery,Corporate,811.21
ORD103169,2025-04-07 14:53:33.282656,Novel,Books,West,Chennai,41952.27,5,0.32,Cash on Delivery,Home Office,7311.54
ORD103170,2025-04-07 18:23:50.206041,Shoes,Clothing,South,Kolkata,38874.6,5,0.18,Net Banking,Consumer,4952.96
ORD103171,2025-04-07 21:54:07.129425,Bookshelf,Furniture,South,Chennai,16497.42,9,0.2,UPI,Home Office,677.11
ORD103172,2025-04-08 01:24:24.052810,Dinner Set,Home & Kitchen,West,Chennai,32978.23,8,0.27,Net Banking,Corporate,5313.13
ORD103173,2025-04-08 04:54:40.976195,Jeans,Clothing,East,Delhi,6383.18,5,0.09,UPI,Corporate,1463.75
ORD103174,2025-04-08 08:24:57.899579,Dinner Set,Home & Kitchen,North,Kolkata,25450.97,5,0.15,Cash on Delivery,Home Office,5960.09
ORD103175,2025-04-08 11:55:14.822964,Exam Guide,Books,East,Ahmedabad,1132.77,7,0.25,Debit Card,Home Office,163.34
ORD103176,2025-04-08 15:25:31.746349,Dress,Clothing,East,Jaipur,19701.77,2,0.01,Credit Card,Corporate,1570.37
ORD103177,2025-04-08 18:55:48.669733,Laptop,Electronics,South,Bengaluru,3927.17,7,0.17,Cash on Delivery,Consumer,464.35
ORD103178,2025-04-08 22:26:05.593118,Dinner Set,Home & Kitchen,South,Delhi,23862.33,1,0.24,Net Banking,Corporate,4462.44
ORD103179,2025-04-09 01:56:22.516503,Business Book,Books,South,Mumbai,21199.75,5,0.39,Net Banking,Consumer,2245.01
ORD103180,2025-04-09 05:26:39.439887,Smartwatch,Electronics,West,Bengaluru,22330.37,6,0.35,UPI,Home Office,3263.08
ORD103181,2025-04-09 08:56:56.363272,Headphones,Electronics,West,Jaipur,2457.5,1,0.11,Credit Card,Home Office,111.92
ORD103182,2025-04-09 12:27:13.286657,Tablet,Electronics,East,Hyderabad,18208.49,9,0.2,Cash on Delivery,Consumer,994.19
ORD103183,2025-04-09 15:57:30.210042,Tablet,Electronics,East,Chennai,37872.9,9,0.02,Credit Card,Corporate,8176.19
ORD103184,2025-04-09 19:27:47.133426,Jeans,Clothing,North,Pune,18571.94,1,0.1,Credit Card,Corporate,2048.4
ORD103185,2025-04-09 22:58:04.056811,T-Shirt,Clothing,East,Ahmedabad,35815.56,4,0.31,Cash on Delivery,Consumer,3633.93
ORD103186,2025-04-10 02:28:20.980196,Jacket,Clothing,East,Chennai,18600.04,8,0.05,UPI,Consumer,3720.13
ORD103187,2025-04-10 05:58:37.903580,Exam Guide,Books,South,Hyderabad,21277.32,2,0.1,UPI,Consumer,1493.74
ORD103188,2025-04-10 09:28:54.826965,Novel,Books,South,Jaipur,28281.83,8,0.38,UPI,Consumer,4527.07
ORD103189,2025-04-10 12:59:11.750350,Programming Book,Books,South,Mumbai,47543.96,9,0.33,Debit Card,Corporate,2742.94
ORD103190,2025-04-10 16:29:28.673734,Bookshelf,Furniture,South,Ahmedabad,5621.25,9,0.31,Credit Card,Home Office,904.97
ORD103191,2025-04-10 19:59:45.597119,Data Science Book,Books,South,Ahmedabad,1839.11,1,0.35,Debit Card,Corporate,147.26
ORD103192,2025-04-10 23:30:02.520504,Dress,Clothing,North,Jaipur,30476.27,9,0.3,UPI,Consumer,2453.18
ORD103193,2025-04-11 03:00:19.443888,Jacket,Clothing,North,Bengaluru,47465.04,4,0.05,Cash on Delivery,Corporate,11512.66
ORD103194,2025-04-11 06:30:36.367273,Desk,Furniture,North,Lucknow,49488.21,8,0.21,Credit Card,Consumer,7351.96
ORD103195,2025-04-11 10:00:53.290658,Bookshelf,Furniture,South,Chennai,24311.38,9,0.18,Cash on Delivery,Consumer,2020.93
ORD103196,2025-04-11 13:31:10.214042,Business Book,Books,West,Bengaluru,23510.46,3,0.12,Net Banking,Consumer,1047.63
ORD103197,2025-04-11 17:01:27.137427,Cookware Set,Home & Kitchen,South,Delhi,32319.2,6,0.33,Credit Card,Consumer,6350.18
ORD103198,2025-04-11 20:31:44.060812,Office Chair,Furniture,South,Jaipur,27870.61,3,0.19,Cash on Delivery,Corporate,3563.42
ORD103199,2025-04-12 00:02:00.984196,Laptop,Electronics,North,Delhi,31777.59,1,0.02,UPI,Consumer,4651.24
ORD103200,2025-04-12 03:32:17.907581,Dress,Clothing,South,Mumbai,43725.17,6,0.11,Debit Card,Corporate,2435.27
ORD103201,2025-04-12 07:02:34.830966,Tablet,Electronics,North,Bengaluru,37366.05,5,0.09,Cash on Delivery,Corporate,9303.28
ORD103202,2025-04-12 10:32:51.754350,Shoes,Clothing,South,Pune,24944.49,3,0.35,Net Banking,Home Office,1380.57
ORD103203,2025-04-12 14:03:08.677735,T-Shirt,Clothing,East,Lucknow,23200.85,4,0.26,UPI,Corporate,2298.26
ORD103204,2025-04-12 17:33:25.601120,Office Chair,Furniture,West,Jaipur,32052.17,2,0.22,Net Banking,Home Office,3882.01
ORD103205,2025-04-12 21:03:42.524504,Office Chair,Furniture,West,Jaipur,22894.17,4,0.2,Debit Card,Home Office,4625.11
ORD103206,2025-04-13 00:33:59.447889,Laptop,Electronics,North,Lucknow,22997.41,4,0.26,Net Banking,Home Office,2380.26
ORD103207,2025-04-13 04:04:16.371274,Jacket,Clothing,East,Ahmedabad,1012.03,3,0.3,Cash on Delivery,Corporate,129.55
ORD103208,2025-04-13 07:34:33.294658,Smartphone,Electronics,West,Hyderabad,8868.39,6,0.22,Cash on Delivery,Home Office,1087.29
ORD103209,2025-04-13 11:04:50.218043,Cookware Set,Home & Kitchen,North,Mumbai,24527.98,1,0.38,UPI,Consumer,1945.95
ORD103210,2025-04-13 14:35:07.141428,Smartwatch,Electronics,South,Bengaluru,41168.14,9,0.39,Debit Card,Corporate,7196.65
ORD103211,2025-04-13 18:05:24.064812,Data Science Book,Books,South,Jaipur,14080.6,3,0.4,Debit Card,Consumer,2105.49
ORD103212,2025-04-13 21:35:40.988197,Laptop,Electronics,East,Jaipur,26227.64,3,0.27,Credit Card,Corporate,1791.86
ORD103213,2025-04-14 01:05:57.911582,Programming Book,Books,West,Lucknow,17379.11,3,0.37,Credit Card,Home Office,2065.79
ORD103214,2025-04-14 04:36:14.834966,Exam Guide,Books,South,Pune,5419.24,7,0.16,Cash on Delivery,Home Office,1134.13
ORD103215,2025-04-14 08:06:31.758351,Exam Guide,Books,North,Lucknow,47923.26,8,0.34,Net Banking,Corporate,6166.06
ORD103216,2025-04-14 11:36:48.681736,Coffee Maker,Home & Kitchen,South,Lucknow,42762.76,2,0.36,Net Banking,Home Office,4746.87
ORD103217,2025-04-14 15:07:05.605121,Laptop,Electronics,South,Chennai,4108.92,1,0.36,UPI,Consumer,178.86
ORD103218,2025-04-14 18:37:22.528505,Smartwatch,Electronics,West,Bengaluru,36045.41,5,0.33,Debit Card,Consumer,1847.91
ORD103219,2025-04-14 22:07:39.451890,Air Fryer,Home & Kitchen,West,Ahmedabad,17509.48,8,0.16,Cash on Delivery,Home Office,1637.14
ORD103220,2025-04-15 01:37:56.375275,Jeans,Clothing,North,Lucknow,49743.52,3,0.06,Net Banking,Corporate,8339.41
ORD103221,2025-04-15 05:08:13.298659,Office Chair,Furniture,East,Pune,15259.45,6,0.13,Credit Card,Corporate,3940.56
ORD103222,2025-04-15 08:38:30.222044,Headphones,Electronics,East,Ahmedabad,12089.17,3,0.31,Cash on Delivery,Consumer,2090.11
ORD103223,2025-04-15 12:08:47.145429,Office Chair,Furniture,South,Kolkata,28480.95,6,0.09,UPI,Home Office,2008.95
ORD103224,2025-04-15 15:39:04.068813,Dinner Set,Home & Kitchen,North,Bengaluru,41789.28,4,0.19,Cash on Delivery,Home Office,7762.15
ORD103225,2025-04-15 19:09:20.992198,Shoes,Clothing,East,Jaipur,9787.44,7,0.23,Net Banking,Consumer,1903.81
ORD103226,2025-04-15 22:39:37.915583,Dress,Clothing,East,Kolkata,35528.26,1,0.24,UPI,Corporate,4146.5
ORD103227,2025-04-16 02:09:54.838967,Jeans,Clothing,South,Ahmedabad,3258.05,1,0.37,Credit Card,Home Office,272.04
ORD103228,2025-04-16 05:40:11.762352,Dinner Set,Home & Kitchen,North,Ahmedabad,45962.95,5,0.26,Credit Card,Corporate,6671.7
ORD103229,2025-04-16 09:10:28.685737,Programming Book,Books,East,Bengaluru,4237.53,9,0.31,Net Banking,Corporate,525.68
ORD103230,2025-04-16 12:40:45.609121,Exam Guide,Books,West,Hyderabad,45728.72,5,0.23,UPI,Consumer,4095.17
ORD103231,2025-04-16 16:11:02.532506,Office Chair,Furniture,West,Chennai,24642.2,4,0.33,Credit Card,Corporate,2465.72
ORD103232,2025-04-16 19:41:19.455891,Novel,Books,South,Jaipur,22514.94,8,0.11,UPI,Consumer,3729.31
ORD103233,2025-04-16 23:11:36.379275,Exam Guide,Books,South,Kolkata,48670.69,5,0.08,Cash on Delivery,Home Office,8730.68
ORD103234,2025-04-17 02:41:53.302660,Shoes,Clothing,South,Lucknow,49521.13,1,0.37,Debit Card,Corporate,5707.34
ORD103235,2025-04-17 06:12:10.226045,Shoes,Clothing,South,Mumbai,32578.87,7,0.28,Debit Card,Consumer,6134.58
ORD103236,2025-04-17 09:42:27.149429,Sofa,Furniture,East,Hyderabad,6530.54,4,0.27,Debit Card,Consumer,276.2
ORD103237,2025-04-17 13:12:44.072814,Tablet,Electronics,North,Jaipur,25407.27,5,0.19,Credit Card,Corporate,2742.19
ORD103238,2025-04-17 16:43:00.996199,Table,Furniture,South,Mumbai,26552.32,6,0.15,Net Banking,Consumer,5359.31
ORD103239,2025-04-17 20:13:17.919583,Table,Furniture,South,Chennai,25819.43,7,0.22,Debit Card,Home Office,4288.55
ORD103240,2025-04-17 23:43:34.842968,Mixer,Home & Kitchen,East,Mumbai,28560.69,2,0.05,Net Banking,Corporate,7585.39
ORD103241,2025-04-18 03:13:51.766353,Cookware Set,Home & Kitchen,South,Lucknow,1132.49,1,0.18,Debit Card,Home Office,182.95
ORD103242,2025-04-18 06:44:08.689737,Sofa,Furniture,South,Mumbai,35619.12,3,0.18,Cash on Delivery,Consumer,6120.11
ORD103243,2025-04-18 10:14:25.613122,Office Chair,Furniture,North,Hyderabad,35677.24,1,0.22,Debit Card,Home Office,6295.77
ORD103244,2025-04-18 13:44:42.536507,Sofa,Furniture,West,Delhi,5950.39,4,0.25,Net Banking,Consumer,430.88
ORD103245,2025-04-18 17:14:59.459891,Programming Book,Books,South,Hyderabad,28597.92,6,0.38,Credit Card,Consumer,4225.42
ORD103246,2025-04-18 20:45:16.383276,Dinner Set,Home & Kitchen,East,Lucknow,28504.39,5,0.26,Cash on Delivery,Home Office,2636.07
ORD103247,2025-04-19 00:15:33.306661,Sofa,Furniture,North,Kolkata,34186.03,4,0.35,Net Banking,Corporate,3469.25
ORD103248,2025-04-19 03:45:50.230046,Dress,Clothing,East,Delhi,4452.81,7,0.22,UPI,Corporate,185.82
ORD103249,2025-04-19 07:16:07.153430,Shoes,Clothing,North,Chennai,31399.86,6,0.25,Debit Card,Corporate,6143.97
ORD103250,2025-04-19 10:46:24.076815,Data Science Book,Books,North,Hyderabad,14181.45,3,0.03,Cash on Delivery,Home Office,3966.86
ORD103251,2025-04-19 14:16:41.000200,Programming Book,Books,South,Delhi,25448.75,9,0.05,Credit Card,Home Office,1572.61
ORD103252,2025-04-19 17:46:57.923584,Headphones,Electronics,South,Ahmedabad,38711.51,5,0.23,UPI,Home Office,6223.88
ORD103253,2025-04-19 21:17:14.846969,Laptop,Electronics,South,Hyderabad,35341.17,1,0.16,Debit Card,Home Office,8614.89
ORD103254,2025-04-20 00:47:31.770354,Smartphone,Electronics,West,Delhi,6121.37,6,0.32,Cash on Delivery,Corporate,839.69
ORD103255,2025-04-20 04:17:48.693738,Business Book,Books,West,Bengaluru,29641.0,5,0.22,Net Banking,Corporate,5768.15
ORD103256,2025-04-20 07:48:05.617123,Novel,Books,East,Kolkata,48462.0,8,0.35,Debit Card,Consumer,2505.29
ORD103257,2025-04-20 11:18:22.540508,Novel,Books,South,Jaipur,8007.12,4,0.39,Cash on Delivery,Home Office,543.2
ORD103258,2025-04-20 14:48:39.463892,T-Shirt,Clothing,West,Mumbai,42674.77,1,0.06,Debit Card,Corporate,5472.94
ORD103259,2025-04-20 18:18:56.387277,Data Science Book,Books,South,Delhi,35186.89,2,0.16,Cash on Delivery,Corporate,8727.93
ORD103260,2025-04-20 21:49:13.310662,Dress,Clothing,West,Jaipur,38745.36,8,0.27,Net Banking,Corporate,6942.18
ORD103261,2025-04-21 01:19:30.234046,Laptop,Electronics,West,Hyderabad,14241.52,8,0.12,Debit Card,Corporate,3401.53
ORD103262,2025-04-21 04:49:47.157431,Tablet,Electronics,North,Jaipur,14536.87,5,0.11,Cash on Delivery,Corporate,2222.32
ORD103263,2025-04-21 08:20:04.080816,Smartphone,Electronics,South,Ahmedabad,45319.77,6,0.33,UPI,Corporate,6959.53
ORD103264,2025-04-21 11:50:21.004200,Table,Furniture,South,Pune,18119.64,2,0.39,Credit Card,Home Office,2574.14
ORD103265,2025-04-21 15:20:37.927585,Bookshelf,Furniture,West,Pune,3338.17,9,0.31,Cash on Delivery,Consumer,442.77
ORD103266,2025-04-21 18:50:54.850970,Mixer,Home & Kitchen,South,Kolkata,30109.72,6,0.21,Cash on Delivery,Consumer,6410.33
ORD103267,2025-04-21 22:21:11.774354,Air Fryer,Home & Kitchen,West,Delhi,6415.92,9,0.18,Cash on Delivery,Home Office,471.19
ORD103268,2025-04-22 01:51:28.697739,Air Fryer,Home & Kitchen,South,Ahmedabad,39870.49,3,0.22,Debit Card,Corporate,2002.15
ORD103269,2025-04-22 05:21:45.621124,Office Chair,Furniture,North,Mumbai,32158.97,6,0.19,Credit Card,Home Office,3282.51
ORD103270,2025-04-22 08:52:02.544508,Bookshelf,Furniture,South,Chennai,43761.38,5,0.2,Debit Card,Corporate,2523.03
ORD103271,2025-04-22 12:22:19.467893,Coffee Maker,Home & Kitchen,North,Lucknow,39284.9,9,0.08,Cash on Delivery,Corporate,2352.09
ORD103272,2025-04-22 15:52:36.391278,Coffee Maker,Home & Kitchen,East,Kolkata,5783.26,1,0.36,Cash on Delivery,Corporate,572.86
ORD103273,2025-04-22 19:22:53.314662,Business Book,Books,South,Lucknow,19177.32,9,0.3,Credit Card,Corporate,1344.11
ORD103274,2025-04-22 22:53:10.238047,Dinner Set,Home & Kitchen,South,Pune,38773.1,5,0.27,UPI,Corporate,7006.37
ORD103275,2025-04-23 02:23:27.161432,Data Science Book,Books,South,Bengaluru,20983.61,1,0.38,Debit Card,Home Office,2536.22
ORD103276,2025-04-23 05:53:44.084816,T-Shirt,Clothing,North,Chennai,48623.8,8,0.11,UPI,Home Office,6064.94
ORD103277,2025-04-23 09:24:01.008201,Office Chair,Furniture,South,Chennai,36839.87,7,0.03,Cash on Delivery,Consumer,4346.62
ORD103278,2025-04-23 12:54:17.931586,Dinner Set,Home & Kitchen,South,Lucknow,971.9,6,0.33,Cash on Delivery,Corporate,124.23
ORD103279,2025-04-23 16:24:34.854970,Office Chair,Furniture,West,Bengaluru,44023.29,2,0.4,Net Banking,Home Office,4186.63
ORD103280,2025-04-23 19:54:51.778355,Sofa,Furniture,East,Hyderabad,5220.08,5,0.23,Net Banking,Home Office,256.98
ORD103281,2025-04-23 23:25:08.701740,Bookshelf,Furniture,North,Jaipur,7198.08,3,0.02,UPI,Corporate,1525.79
ORD103282,2025-04-24 02:55:25.625125,T-Shirt,Clothing,West,Kolkata,36777.72,2,0.31,Net Banking,Corporate,4439.37
ORD103283,2025-04-24 06:25:42.548509,Laptop,Electronics,North,Ahmedabad,43275.43,1,0.03,Credit Card,Home Office,5004.72
ORD103284,2025-04-24 09:55:59.471894,Cookware Set,Home & Kitchen,West,Chennai,26910.21,9,0.22,UPI,Corporate,2573.45
ORD103285,2025-04-24 13:26:16.395279,Smartphone,Electronics,East,Lucknow,14594.68,2,0.11,Net Banking,Home Office,2119.8
ORD103286,2025-04-24 16:56:33.318663,Smartphone,Electronics,West,Jaipur,17695.51,1,0.37,Net Banking,Consumer,2863.94
ORD103287,2025-04-24 20:26:50.242048,Headphones,Electronics,North,Pune,17275.89,7,0.18,Credit Card,Corporate,2206.57
ORD103288,2025-04-24 23:57:07.165433,Sofa,Furniture,South,Ahmedabad,16468.57,9,0.36,Credit Card,Consumer,2739.27
ORD103289,2025-04-25 03:27:24.088817,Business Book,Books,South,Lucknow,12296.9,6,0.12,UPI,Consumer,1690.45
ORD103290,2025-04-25 06:57:41.012202,Sofa,Furniture,East,Kolkata,30521.58,8,0.15,Debit Card,Consumer,6679.85
ORD103291,2025-04-25 10:27:57.935587,Bookshelf,Furniture,North,Mumbai,45040.18,7,0.38,Credit Card,Corporate,7899.47
ORD103292,2025-04-25 13:58:14.858971,Headphones,Electronics,North,Chennai,15492.7,9,0.08,Net Banking,Consumer,785.98
ORD103293,2025-04-25 17:28:31.782356,Desk,Furniture,North,Pune,9497.38,7,0.23,UPI,Home Office,479.46
ORD103294,2025-04-25 20:58:48.705741,Laptop,Electronics,East,Kolkata,41961.17,6,0.16,Debit Card,Home Office,2943.33
ORD103295,2025-04-26 00:29:05.629125,Exam Guide,Books,South,Delhi,37140.81,1,0.31,UPI,Corporate,2063.76
ORD103296,2025-04-26 03:59:22.552510,Dinner Set,Home & Kitchen,West,Pune,46555.68,9,0.05,Net Banking,Corporate,7236.54
ORD103297,2025-04-26 07:29:39.475895,Laptop,Electronics,East,Ahmedabad,8442.88,5,0.17,Debit Card,Consumer,1688.89
ORD103298,2025-04-26 10:59:56.399279,Novel,Books,West,Delhi,7383.72,2,0.28,Debit Card,Corporate,1543.49
ORD103299,2025-04-26 14:30:13.322664,Mixer,Home & Kitchen,South,Pune,27163.18,8,0.16,Credit Card,Home Office,3523.99
ORD103300,2025-04-26 18:00:30.246049,T-Shirt,Clothing,East,Lucknow,30798.8,4,0.02,Cash on Delivery,Home Office,6704.22
ORD103301,2025-04-26 21:30:47.169433,Tablet,Electronics,South,Mumbai,24112.64,3,0.28,Net Banking,Home Office,3626.33
ORD103302,2025-04-27 01:01:04.092818,Smartphone,Electronics,West,Jaipur,30028.54,1,0.2,Cash on Delivery,Corporate,3562.49
ORD103303,2025-04-27 04:31:21.016203,Jacket,Clothing,North,Mumbai,9182.91,5,0.0,Net Banking,Home Office,2114.65
ORD103304,2025-04-27 08:01:37.939587,Dress,Clothing,North,Mumbai,24084.76,3,0.25,UPI,Corporate,3576.37
ORD103305,2025-04-27 11:31:54.862972,Headphones,Electronics,West,Lucknow,32973.01,4,0.37,Cash on Delivery,Consumer,4985.21
ORD103306,2025-04-27 15:02:11.786357,Jeans,Clothing,North,Bengaluru,21748.78,9,0.04,Debit Card,Home Office,2054.73
ORD103307,2025-04-27 18:32:28.709741,Office Chair,Furniture,West,Pune,34036.48,7,0.24,Credit Card,Consumer,3623.24
ORD103308,2025-04-27 22:02:45.633126,Coffee Maker,Home & Kitchen,East,Jaipur,22669.33,5,0.29,Net Banking,Home Office,3505.63
ORD103309,2025-04-28 01:33:02.556511,Coffee Maker,Home & Kitchen,East,Hyderabad,16813.26,8,0.03,Credit Card,Home Office,1324.29
ORD103310,2025-04-28 05:03:19.479895,Cookware Set,Home & Kitchen,East,Lucknow,15319.53,6,0.01,Net Banking,Home Office,3679.34
ORD103311,2025-04-28 08:33:36.403280,Sofa,Furniture,North,Bengaluru,20662.92,2,0.19,Debit Card,Consumer,1395.19
ORD103312,2025-04-28 12:03:53.326665,Jacket,Clothing,South,Lucknow,1349.86,7,0.32,Debit Card,Home Office,120.35
ORD103313,2025-04-28 15:34:10.250050,Business Book,Books,North,Bengaluru,33492.55,1,0.06,Debit Card,Consumer,3443.68
ORD103314,2025-04-28 19:04:27.173434,Jeans,Clothing,North,Mumbai,42286.26,3,0.33,Debit Card,Corporate,1848.55
ORD103315,2025-04-28 22:34:44.096819,Smartphone,Electronics,South,Chennai,17860.43,1,0.26,Debit Card,Home Office,1555.13
ORD103316,2025-04-29 02:05:01.020204,Air Fryer,Home & Kitchen,South,Chennai,2492.45,1,0.13,Credit Card,Home Office,602.56
ORD103317,2025-04-29 05:35:17.943588,Shoes,Clothing,South,Delhi,49341.42,5,0.21,UPI,Consumer,2211.4
ORD103318,2025-04-29 09:05:34.866973,Business Book,Books,South,Hyderabad,13332.17,6,0.39,Cash on Delivery,Home Office,440.85
ORD103319,2025-04-29 12:35:51.790358,Laptop,Electronics,North,Jaipur,6505.73,3,0.09,Credit Card,Corporate,1338.36
ORD103320,2025-04-29 16:06:08.713742,Table,Furniture,West,Bengaluru,18613.67,3,0.2,Cash on Delivery,Home Office,2110.31
ORD103321,2025-04-29 19:36:25.637127,Desk,Furniture,East,Pune,36980.14,3,0.25,UPI,Corporate,2979.73
ORD103322,2025-04-29 23:06:42.560512,Programming Book,Books,West,Mumbai,14837.05,1,0.06,Net Banking,Corporate,2471.63
ORD103323,2025-04-30 02:36:59.483896,Smartphone,Electronics,North,Ahmedabad,28820.22,5,0.02,UPI,Home Office,3295.17
ORD103324,2025-04-30 06:07:16.407281,Mixer,Home & Kitchen,South,Pune,20894.89,1,0.01,UPI,Home Office,3061.61
ORD103325,2025-04-30 09:37:33.330666,Dress,Clothing,East,Pune,6064.65,3,0.13,Net Banking,Corporate,1207.38
ORD103326,2025-04-30 13:07:50.254050,Laptop,Electronics,East,Bengaluru,16648.29,6,0.03,Cash on Delivery,Corporate,1279.42
ORD103327,2025-04-30 16:38:07.177435,Desk,Furniture,West,Jaipur,36298.55,6,0.32,Debit Card,Corporate,7155.95
ORD103328,2025-04-30 20:08:24.100820,Business Book,Books,North,Mumbai,30677.79,3,0.4,Net Banking,Home Office,1116.04
ORD103329,2025-04-30 23:38:41.024204,Novel,Books,North,Mumbai,6164.96,9,0.02,Net Banking,Consumer,1520.29
ORD103330,2025-05-01 03:08:57.947589,Jacket,Clothing,North,Jaipur,8333.46,8,0.17,UPI,Home Office,1598.8
ORD103331,2025-05-01 06:39:14.870974,Data Science Book,Books,East,Chennai,32108.52,3,0.01,Net Banking,Consumer,3831.1
ORD103332,2025-05-01 10:09:31.794358,Data Science Book,Books,West,Kolkata,40708.09,5,0.05,Credit Card,Consumer,3077.6
ORD103333,2025-05-01 13:39:48.717743,Headphones,Electronics,East,Delhi,17603.83,5,0.13,Debit Card,Home Office,4029.37
ORD103334,2025-05-01 17:10:05.641128,Dinner Set,Home & Kitchen,East,Lucknow,29846.48,5,0.16,UPI,Consumer,5513.2
ORD103335,2025-05-01 20:40:22.564512,Shoes,Clothing,South,Delhi,8698.05,3,0.38,Cash on Delivery,Corporate,661.8
ORD103336,2025-05-02 00:10:39.487897,Smartwatch,Electronics,West,Chennai,15706.54,5,0.16,Cash on Delivery,Home Office,715.51
ORD103337,2025-05-02 03:40:56.411282,Cookware Set,Home & Kitchen,South,Bengaluru,1209.46,5,0.2,Cash on Delivery,Consumer,275.39
ORD103338,2025-05-02 07:11:13.334666,Laptop,Electronics,North,Bengaluru,38460.14,4,0.1,Cash on Delivery,Corporate,5228.92
ORD103339,2025-05-02 10:41:30.258051,Smartphone,Electronics,East,Hyderabad,20170.29,4,0.0,Cash on Delivery,Consumer,1897.35
ORD103340,2025-05-02 14:11:47.181436,Novel,Books,West,Delhi,40843.05,2,0.36,UPI,Consumer,7265.71
ORD103341,2025-05-02 17:42:04.104820,Cookware Set,Home & Kitchen,North,Delhi,35476.98,9,0.03,Credit Card,Corporate,4809.35
ORD103342,2025-05-02 21:12:21.028205,Jeans,Clothing,West,Lucknow,41471.46,7,0.39,Credit Card,Corporate,4194.67
ORD103343,2025-05-03 00:42:37.951590,Shoes,Clothing,East,Bengaluru,14425.8,1,0.05,Cash on Delivery,Home Office,3078.78
ORD103344,2025-05-03 04:12:54.874974,Mixer,Home & Kitchen,West,Pune,9418.41,5,0.24,Credit Card,Consumer,1824.25
ORD103345,2025-05-03 07:43:11.798359,Novel,Books,North,Delhi,48600.9,2,0.4,Debit Card,Home Office,2188.34
ORD103346,2025-05-03 11:13:28.721744,Sofa,Furniture,South,Lucknow,35922.92,6,0.06,Credit Card,Home Office,9274.88
ORD103347,2025-05-03 14:43:45.645129,Smartphone,Electronics,East,Jaipur,41735.3,7,0.17,Net Banking,Consumer,9807.88
ORD103348,2025-05-03 18:14:02.568513,Data Science Book,Books,South,Ahmedabad,854.04,2,0.31,Cash on Delivery,Consumer,67.66
ORD103349,2025-05-03 21:44:19.491898,Cookware Set,Home & Kitchen,East,Jaipur,17852.19,6,0.01,Net Banking,Home Office,3081.35
ORD103350,2025-05-04 01:14:36.415283,Smartphone,Electronics,North,Lucknow,37192.27,3,0.28,Net Banking,Corporate,7082.06
ORD103351,2025-05-04 04:44:53.338667,Dress,Clothing,East,Pune,4083.55,9,0.03,Cash on Delivery,Home Office,680.65
ORD103352,2025-05-04 08:15:10.262052,Bookshelf,Furniture,South,Hyderabad,28453.53,4,0.09,UPI,Consumer,4414.54
ORD103353,2025-05-04 11:45:27.185437,T-Shirt,Clothing,East,Bengaluru,21567.82,3,0.06,Credit Card,Corporate,4148.63
ORD103354,2025-05-04 15:15:44.108821,Cookware Set,Home & Kitchen,North,Hyderabad,1077.3,3,0.36,Debit Card,Home Office,166.76
ORD103355,2025-05-04 18:46:01.032206,Laptop,Electronics,East,Hyderabad,11951.58,2,0.07,UPI,Consumer,2405.33
ORD103356,2025-05-04 22:16:17.955591,Air Fryer,Home & Kitchen,South,Lucknow,14382.64,9,0.02,Debit Card,Corporate,2912.61
ORD103357,2025-05-05 01:46:34.878975,Smartphone,Electronics,North,Bengaluru,5770.63,8,0.24,Cash on Delivery,Corporate,626.79
ORD103358,2025-05-05 05:16:51.802360,Exam Guide,Books,South,Mumbai,31650.54,5,0.14,Credit Card,Corporate,5648.54
ORD103359,2025-05-05 08:47:08.725745,Sofa,Furniture,East,Ahmedabad,12271.41,9,0.16,UPI,Consumer,781.53
ORD103360,2025-05-05 12:17:25.649129,Exam Guide,Books,West,Delhi,14025.45,2,0.05,Cash on Delivery,Home Office,2030.47
ORD103361,2025-05-05 15:47:42.572514,Exam Guide,Books,South,Hyderabad,44932.28,6,0.3,UPI,Consumer,3053.66
ORD103362,2025-05-05 19:17:59.495899,Coffee Maker,Home & Kitchen,East,Jaipur,23462.73,7,0.24,Net Banking,Consumer,3288.02
ORD103363,2025-05-05 22:48:16.419283,Sofa,Furniture,West,Mumbai,19727.98,6,0.15,Credit Card,Corporate,1936.98
ORD103364,2025-05-06 02:18:33.342668,Smartwatch,Electronics,West,Mumbai,36248.78,3,0.07,Credit Card,Home Office,5949.51
ORD103365,2025-05-06 05:48:50.266053,Smartphone,Electronics,North,Pune,45498.77,9,0.24,Cash on Delivery,Corporate,8448.75
ORD103366,2025-05-06 09:19:07.189437,T-Shirt,Clothing,West,Hyderabad,1446.81,8,0.31,Cash on Delivery,Consumer,158.23
ORD103367,2025-05-06 12:49:24.112822,Laptop,Electronics,South,Hyderabad,22522.29,8,0.12,Cash on Delivery,Corporate,2074.76
ORD103368,2025-05-06 16:19:41.036207,Coffee Maker,Home & Kitchen,South,Kolkata,30616.91,8,0.01,Credit Card,Consumer,3205.22
ORD103369,2025-05-06 19:49:57.959591,Exam Guide,Books,West,Lucknow,16064.44,9,0.09,Net Banking,Consumer,4042.98
ORD103370,2025-05-06 23:20:14.882976,Data Science Book,Books,East,Pune,38665.9,1,0.27,Credit Card,Consumer,6921.78
ORD103371,2025-05-07 02:50:31.806361,Business Book,Books,South,Mumbai,48579.56,8,0.4,Cash on Delivery,Corporate,1723.89
ORD103372,2025-05-07 06:20:48.729745,Table,Furniture,South,Mumbai,47182.68,2,0.01,Debit Card,Home Office,13344.39
ORD103373,2025-05-07 09:51:05.653130,Tablet,Electronics,North,Kolkata,13445.93,4,0.12,Net Banking,Corporate,924.6
ORD103374,2025-05-07 13:21:22.576515,Cookware Set,Home & Kitchen,East,Delhi,11471.65,1,0.02,Credit Card,Consumer,2397.24
ORD103375,2025-05-07 16:51:39.499899,Desk,Furniture,West,Chennai,47883.03,6,0.13,Debit Card,Corporate,7826.57
ORD103376,2025-05-07 20:21:56.423284,T-Shirt,Clothing,East,Jaipur,23039.7,1,0.16,Net Banking,Consumer,1193.49
ORD103377,2025-05-07 23:52:13.346669,Mixer,Home & Kitchen,North,Chennai,10573.23,5,0.37,Credit Card,Home Office,824.6
ORD103378,2025-05-08 03:22:30.270054,Air Fryer,Home & Kitchen,North,Hyderabad,35408.45,9,0.03,Cash on Delivery,Home Office,8379.21
ORD103379,2025-05-08 06:52:47.193438,Air Fryer,Home & Kitchen,East,Bengaluru,14364.13,1,0.31,Credit Card,Consumer,1255.95
ORD103380,2025-05-08 10:23:04.116823,Data Science Book,Books,North,Pune,13508.9,9,0.16,Net Banking,Home Office,1930.01
ORD103381,2025-05-08 13:53:21.040208,Air Fryer,Home & Kitchen,North,Hyderabad,43986.6,4,0.32,Cash on Delivery,Consumer,6714.62
ORD103382,2025-05-08 17:23:37.963592,Tablet,Electronics,North,Delhi,8291.46,3,0.21,UPI,Corporate,444.72
ORD103383,2025-05-08 20:53:54.886977,Dinner Set,Home & Kitchen,East,Chennai,3406.77,8,0.02,Debit Card,Corporate,861.87
ORD103384,2025-05-09 00:24:11.810362,Programming Book,Books,North,Hyderabad,13605.48,6,0.38,Cash on Delivery,Home Office,509.46
ORD103385,2025-05-09 03:54:28.733746,Cookware Set,Home & Kitchen,West,Jaipur,30425.88,7,0.03,Cash on Delivery,Home Office,3411.62
ORD103386,2025-05-09 07:24:45.657131,Jeans,Clothing,West,Mumbai,6329.78,9,0.24,Net Banking,Consumer,1158.24
ORD103387,2025-05-09 10:55:02.580516,Shoes,Clothing,South,Lucknow,23685.41,5,0.35,Net Banking,Home Office,4279.47
ORD103388,2025-05-09 14:25:19.503900,Exam Guide,Books,West,Ahmedabad,31441.39,2,0.03,Debit Card,Home Office,7322.18
ORD103389,2025-05-09 17:55:36.427285,Headphones,Electronics,South,Hyderabad,42467.1,3,0.22,Net Banking,Home Office,3536.02
ORD103390,2025-05-09 21:25:53.350670,Headphones,Electronics,East,Delhi,11647.51,3,0.33,Cash on Delivery,Consumer,2313.3
ORD103391,2025-05-10 00:56:10.274054,Sofa,Furniture,North,Pune,40903.85,4,0.39,Debit Card,Corporate,3825.88
ORD103392,2025-05-10 04:26:27.197439,Novel,Books,West,Bengaluru,11898.33,7,0.29,Debit Card,Consumer,1217.44
ORD103393,2025-05-10 07:56:44.120824,Air Fryer,Home & Kitchen,South,Jaipur,33902.97,6,0.11,Credit Card,Consumer,8035.51
ORD103394,2025-05-10 11:27:01.044208,Novel,Books,East,Kolkata,21647.54,3,0.28,Cash on Delivery,Home Office,1037.3
ORD103395,2025-05-10 14:57:17.967593,Sofa,Furniture,South,Delhi,5911.13,7,0.28,Cash on Delivery,Corporate,804.47
ORD103396,2025-05-10 18:27:34.890978,Novel,Books,North,Chennai,35770.32,4,0.28,Net Banking,Consumer,7505.07
ORD103397,2025-05-10 21:57:51.814362,Novel,Books,West,Lucknow,11044.58,8,0.34,Cash on Delivery,Home Office,546.94
ORD103398,2025-05-11 01:28:08.737747,Desk,Furniture,East,Chennai,8995.85,7,0.03,Net Banking,Consumer,1616.16
ORD103399,2025-05-11 04:58:25.661132,Headphones,Electronics,South,Mumbai,18044.48,7,0.04,Cash on Delivery,Home Office,1439.76
ORD103400,2025-05-11 08:28:42.584516,Mixer,Home & Kitchen,East,Lucknow,32733.85,9,0.26,Credit Card,Corporate,6600.65
ORD103401,2025-05-11 11:58:59.507901,Table,Furniture,South,Chennai,11853.02,8,0.38,Cash on Delivery,Corporate,1447.27
ORD103402,2025-05-11 15:29:16.431286,Jeans,Clothing,South,Pune,9346.34,1,0.19,Credit Card,Home Office,822.55
ORD103403,2025-05-11 18:59:33.354670,Smartphone,Electronics,North,Chennai,695.69,7,0.38,Cash on Delivery,Consumer,54.68
ORD103404,2025-05-11 22:29:50.278055,Jeans,Clothing,North,Jaipur,23687.83,3,0.38,Cash on Delivery,Consumer,2631.19
ORD103405,2025-05-12 02:00:07.201440,Laptop,Electronics,South,Jaipur,21546.55,4,0.36,UPI,Corporate,3190.09
ORD103406,2025-05-12 05:30:24.124824,Coffee Maker,Home & Kitchen,West,Ahmedabad,11846.61,6,0.36,Cash on Delivery,Consumer,1303.12
ORD103407,2025-05-12 09:00:41.048209,Air Fryer,Home & Kitchen,East,Chennai,2871.88,5,0.36,Credit Card,Home Office,178.87
ORD103408,2025-05-12 12:30:57.971594,Programming Book,Books,East,Pune,21576.94,8,0.33,Debit Card,Home Office,3282.11
ORD103409,2025-05-12 16:01:14.894978,Jeans,Clothing,North,Pune,39452.61,2,0.28,Credit Card,Home Office,2260.85
ORD103410,2025-05-12 19:31:31.818363,Laptop,Electronics,West,Hyderabad,35821.05,5,0.01,Cash on Delivery,Corporate,8949.11
ORD103411,2025-05-12 23:01:48.741748,Mixer,Home & Kitchen,South,Bengaluru,43067.59,5,0.05,Net Banking,Corporate,6092.13
ORD103412,2025-05-13 02:32:05.665133,Office Chair,Furniture,North,Lucknow,677.22,3,0.05,UPI,Corporate,137.15
ORD103413,2025-05-13 06:02:22.588517,Coffee Maker,Home & Kitchen,South,Delhi,48327.68,5,0.01,Net Banking,Home Office,6515.21
ORD103414,2025-05-13 09:32:39.511902,Table,Furniture,South,Kolkata,17202.33,4,0.05,UPI,Corporate,3550.65
ORD103415,2025-05-13 13:02:56.435287,Headphones,Electronics,North,Lucknow,49521.81,5,0.37,UPI,Home Office,8495.31
ORD103416,2025-05-13 16:33:13.358671,Coffee Maker,Home & Kitchen,West,Lucknow,12780.45,9,0.27,Net Banking,Consumer,2102.46
ORD103417,2025-05-13 20:03:30.282056,Coffee Maker,Home & Kitchen,East,Mumbai,23682.51,7,0.12,Cash on Delivery,Corporate,4540.17
ORD103418,2025-05-13 23:33:47.205441,Tablet,Electronics,North,Lucknow,17825.6,1,0.32,Credit Card,Consumer,2901.29
ORD103419,2025-05-14 03:04:04.128825,Coffee Maker,Home & Kitchen,West,Mumbai,17916.88,3,0.2,Net Banking,Consumer,2509.12
ORD103420,2025-05-14 06:34:21.052210,Office Chair,Furniture,South,Hyderabad,42145.65,9,0.06,Debit Card,Corporate,4162.67
ORD103421,2025-05-14 10:04:37.975595,Mixer,Home & Kitchen,North,Bengaluru,37371.66,4,0.35,UPI,Corporate,6167.16
ORD103422,2025-05-14 13:34:54.898979,Jeans,Clothing,East,Pune,49609.14,4,0.14,Credit Card,Consumer,9049.88
ORD103423,2025-05-14 17:05:11.822364,Business Book,Books,East,Ahmedabad,30753.03,6,0.28,Debit Card,Consumer,2844.28
ORD103424,2025-05-14 20:35:28.745749,Desk,Furniture,South,Pune,23270.18,3,0.12,Credit Card,Consumer,2436.19
ORD103425,2025-05-15 00:05:45.669133,Jacket,Clothing,North,Chennai,4685.68,3,0.2,Cash on Delivery,Home Office,655.93
ORD103426,2025-05-15 03:36:02.592518,Laptop,Electronics,East,Kolkata,49828.76,9,0.33,Debit Card,Consumer,3399.5
ORD103427,2025-05-15 07:06:19.515903,Bookshelf,Furniture,North,Bengaluru,27666.23,5,0.06,Net Banking,Home Office,7010.24
ORD103428,2025-05-15 10:36:36.439287,Exam Guide,Books,East,Bengaluru,35083.78,7,0.39,Credit Card,Corporate,5289.14
ORD103429,2025-05-15 14:06:53.362672,Programming Book,Books,South,Hyderabad,20455.77,5,0.03,Net Banking,Consumer,2521.51
ORD103430,2025-05-15 17:37:10.286057,Headphones,Electronics,South,Kolkata,27476.24,6,0.21,Net Banking,Corporate,1353.4
ORD103431,2025-05-15 21:07:27.209441,Tablet,Electronics,North,Chennai,47140.37,8,0.37,Credit Card,Consumer,1870.02
ORD103432,2025-05-16 00:37:44.132826,Bookshelf,Furniture,West,Chennai,8487.69,8,0.38,Credit Card,Corporate,654.01
ORD103433,2025-05-16 04:08:01.056211,Dinner Set,Home & Kitchen,West,Ahmedabad,14760.15,2,0.09,UPI,Consumer,1166.91
ORD103434,2025-05-16 07:38:17.979595,Tablet,Electronics,South,Delhi,7772.57,9,0.06,UPI,Home Office,1960.5
ORD103435,2025-05-16 11:08:34.902980,Mixer,Home & Kitchen,East,Pune,39652.35,6,0.29,Debit Card,Corporate,4369.25
ORD103436,2025-05-16 14:38:51.826365,Jeans,Clothing,West,Lucknow,3289.85,7,0.02,Debit Card,Corporate,441.72
ORD103437,2025-05-16 18:09:08.749749,Exam Guide,Books,South,Kolkata,4265.26,3,0.19,Debit Card,Consumer,360.95
ORD103438,2025-05-16 21:39:25.673134,Dinner Set,Home & Kitchen,East,Chennai,15065.01,4,0.32,UPI,Home Office,2666.57
ORD103439,2025-05-17 01:09:42.596519,Programming Book,Books,East,Chennai,25806.57,6,0.22,Net Banking,Home Office,4994.37
ORD103440,2025-05-17 04:39:59.519903,Cookware Set,Home & Kitchen,West,Delhi,20432.49,7,0.08,Cash on Delivery,Home Office,2746.03
ORD103441,2025-05-17 08:10:16.443288,Shoes,Clothing,South,Bengaluru,2431.85,6,0.19,Cash on Delivery,Consumer,181.89
ORD103442,2025-05-17 11:40:33.366673,Smartwatch,Electronics,East,Chennai,47883.08,5,0.37,Credit Card,Corporate,8687.82
ORD103443,2025-05-17 15:10:50.290058,Jeans,Clothing,East,Ahmedabad,47652.9,2,0.25,UPI,Consumer,4609.17
ORD103444,2025-05-17 18:41:07.213442,Headphones,Electronics,North,Chennai,14111.94,7,0.29,Credit Card,Home Office,2432.46
ORD103445,2025-05-17 22:11:24.136827,Laptop,Electronics,North,Chennai,36629.98,5,0.13,Cash on Delivery,Home Office,5282.53
ORD103446,2025-05-18 01:41:41.060212,Novel,Books,West,Delhi,29013.06,9,0.08,Credit Card,Corporate,6550.53
ORD103447,2025-05-18 05:11:57.983596,Shoes,Clothing,North,Ahmedabad,12026.34,4,0.1,UPI,Consumer,1844.38
ORD103448,2025-05-18 08:42:14.906981,Dinner Set,Home & Kitchen,South,Jaipur,13256.14,2,0.21,UPI,Consumer,2946.81
ORD103449,2025-05-18 12:12:31.830366,Shoes,Clothing,West,Mumbai,24659.43,7,0.11,UPI,Home Office,5489.05
ORD103450,2025-05-18 15:42:48.753750,Exam Guide,Books,West,Delhi,21078.0,7,0.22,Cash on Delivery,Corporate,1891.88
ORD103451,2025-05-18 19:13:05.677135,Laptop,Electronics,North,Bengaluru,14703.22,1,0.28,UPI,Corporate,1668.34
ORD103452,2025-05-18 22:43:22.600520,Exam Guide,Books,East,Bengaluru,40414.08,5,0.29,Debit Card,Home Office,2156.28
ORD103453,2025-05-19 02:13:39.523904,Desk,Furniture,South,Kolkata,24176.85,3,0.07,Debit Card,Consumer,6202.74
ORD103454,2025-05-19 05:43:56.447289,Table,Furniture,South,Delhi,32811.43,9,0.3,UPI,Consumer,1546.3
ORD103455,2025-05-19 09:14:13.370674,Air Fryer,Home & Kitchen,South,Hyderabad,9625.82,9,0.27,Debit Card,Corporate,383.39
ORD103456,2025-05-19 12:44:30.294058,Novel,Books,West,Delhi,26768.68,7,0.0,UPI,Corporate,4660.65
ORD103457,2025-05-19 16:14:47.217443,Mixer,Home & Kitchen,South,Jaipur,16035.21,9,0.02,Cash on Delivery,Home Office,3155.19
ORD103458,2025-05-19 19:45:04.140828,Cookware Set,Home & Kitchen,East,Chennai,26415.4,2,0.26,Debit Card,Corporate,2068.18
ORD103459,2025-05-19 23:15:21.064212,Bookshelf,Furniture,East,Delhi,39085.13,8,0.15,Cash on Delivery,Consumer,6399.86
ORD103460,2025-05-20 02:45:37.987597,Mixer,Home & Kitchen,North,Hyderabad,38491.88,1,0.06,Debit Card,Consumer,9910.01
ORD103461,2025-05-20 06:15:54.910982,Sofa,Furniture,South,Lucknow,17840.19,3,0.02,Net Banking,Corporate,3610.82
ORD103462,2025-05-20 09:46:11.834366,Headphones,Electronics,West,Hyderabad,34775.0,8,0.06,Net Banking,Home Office,5358.8
ORD103463,2025-05-20 13:16:28.757751,Programming Book,Books,North,Bengaluru,47076.24,8,0.38,Cash on Delivery,Consumer,2513.24
ORD103464,2025-05-20 16:46:45.681136,Dinner Set,Home & Kitchen,East,Jaipur,31358.33,8,0.29,Debit Card,Consumer,2053.57
ORD103465,2025-05-20 20:17:02.604520,Desk,Furniture,South,Chennai,7590.82,7,0.21,Net Banking,Home Office,1025.98
ORD103466,2025-05-20 23:47:19.527905,T-Shirt,Clothing,East,Hyderabad,34049.49,2,0.38,UPI,Corporate,3499.74
ORD103467,2025-05-21 03:17:36.451290,Cookware Set,Home & Kitchen,North,Jaipur,5424.24,3,0.25,Credit Card,Consumer,734.7
ORD103468,2025-05-21 06:47:53.374674,Tablet,Electronics,East,Lucknow,43631.1,9,0.29,Net Banking,Consumer,5482.27
ORD103469,2025-05-21 10:18:10.298059,Laptop,Electronics,South,Ahmedabad,25929.69,2,0.11,Net Banking,Home Office,3122.83
ORD103470,2025-05-21 13:48:27.221444,Shoes,Clothing,South,Ahmedabad,19380.01,7,0.24,UPI,Corporate,3298.75
ORD103471,2025-05-21 17:18:44.144828,Bookshelf,Furniture,North,Ahmedabad,3038.93,1,0.06,Net Banking,Home Office,294.38
ORD103472,2025-05-21 20:49:01.068213,Mixer,Home & Kitchen,South,Lucknow,19163.03,3,0.16,Net Banking,Home Office,4234.82
ORD103473,2025-05-22 00:19:17.991598,Table,Furniture,East,Chennai,45179.69,1,0.01,Net Banking,Corporate,4410.13
ORD103474,2025-05-22 03:49:34.914982,Laptop,Electronics,East,Mumbai,1244.95,6,0.09,Debit Card,Consumer,174.44
ORD103475,2025-05-22 07:19:51.838367,Desk,Furniture,West,Mumbai,23837.48,4,0.03,Net Banking,Home Office,2374.34
ORD103476,2025-05-22 10:50:08.761752,Laptop,Electronics,West,Jaipur,46571.67,1,0.16,Credit Card,Consumer,8004.51
ORD103477,2025-05-22 14:20:25.685137,Sofa,Furniture,West,Ahmedabad,19863.08,5,0.34,Debit Card,Consumer,2220.9
ORD103478,2025-05-22 17:50:42.608521,T-Shirt,Clothing,East,Bengaluru,21523.15,4,0.15,Debit Card,Consumer,2626.72
ORD103479,2025-05-22 21:20:59.531906,Data Science Book,Books,East,Chennai,29012.29,2,0.33,Cash on Delivery,Consumer,3280.85
ORD103480,2025-05-23 00:51:16.455291,T-Shirt,Clothing,North,Mumbai,23254.28,7,0.26,Net Banking,Home Office,2672.6
ORD103481,2025-05-23 04:21:33.378675,Jeans,Clothing,West,Delhi,8596.36,8,0.2,Credit Card,Corporate,1814.12
ORD103482,2025-05-23 07:51:50.302060,Programming Book,Books,East,Kolkata,1124.07,4,0.09,Credit Card,Consumer,82.92
ORD103483,2025-05-23 11:22:07.225445,Business Book,Books,North,Pune,30568.62,9,0.37,Cash on Delivery,Consumer,4781.73
ORD103484,2025-05-23 14:52:24.148829,Dinner Set,Home & Kitchen,East,Lucknow,46056.17,3,0.02,Credit Card,Consumer,9651.34
ORD103485,2025-05-23 18:22:41.072214,Mixer,Home & Kitchen,North,Lucknow,5496.93,6,0.28,Debit Card,Corporate,542.53
ORD103486,2025-05-23 21:52:57.995599,T-Shirt,Clothing,West,Mumbai,10705.45,7,0.25,UPI,Consumer,2246.34
ORD103487,2025-05-24 01:23:14.918983,Jacket,Clothing,West,Lucknow,18637.43,7,0.18,Debit Card,Corporate,1440.19
ORD103488,2025-05-24 04:53:31.842368,Smartwatch,Electronics,West,Ahmedabad,40475.36,6,0.1,UPI,Home Office,4647.17
ORD103489,2025-05-24 08:23:48.765753,Tablet,Electronics,East,Pune,13609.16,9,0.17,Credit Card,Corporate,1623.29
ORD103490,2025-05-24 11:54:05.689137,Cookware Set,Home & Kitchen,East,Bengaluru,44126.31,1,0.35,Net Banking,Consumer,6079.14
ORD103491,2025-05-24 15:24:22.612522,Mixer,Home & Kitchen,North,Delhi,2936.9,9,0.33,UPI,Home Office,563.95
ORD103492,2025-05-24 18:54:39.535907,Tablet,Electronics,South,Jaipur,47059.64,9,0.38,Debit Card,Corporate,5787.6
ORD103493,2025-05-24 22:24:56.459291,Smartphone,Electronics,South,Pune,28125.2,4,0.12,Debit Card,Consumer,6535.94
ORD103494,2025-05-25 01:55:13.382676,Sofa,Furniture,West,Bengaluru,33007.13,5,0.15,Debit Card,Home Office,7750.3
ORD103495,2025-05-25 05:25:30.306061,Sofa,Furniture,South,Lucknow,18510.94,3,0.01,Debit Card,Home Office,3053.38
ORD103496,2025-05-25 08:55:47.229445,Tablet,Electronics,West,Mumbai,39143.32,7,0.38,Cash on Delivery,Corporate,4079.8
ORD103497,2025-05-25 12:26:04.152830,Desk,Furniture,North,Hyderabad,8495.0,2,0.13,Credit Card,Consumer,831.44
ORD103498,2025-05-25 15:56:21.076215,Business Book,Books,South,Jaipur,2635.81,8,0.16,Net Banking,Corporate,443.69
ORD103499,2025-05-25 19:26:37.999599,Dinner Set,Home & Kitchen,South,Chennai,19896.74,9,0.36,Cash on Delivery,Home Office,1018.8
ORD103500,2025-05-25 22:56:54.922984,Coffee Maker,Home & Kitchen,West,Kolkata,42714.05,6,0.21,Credit Card,Home Office,7038.42
ORD103501,2025-05-26 02:27:11.846369,Smartwatch,Electronics,North,Mumbai,37795.36,9,0.23,UPI,Consumer,7951.49
ORD103502,2025-05-26 05:57:28.769753,Shoes,Clothing,South,Lucknow,25954.37,6,0.07,Cash on Delivery,Home Office,5797.76
ORD103503,2025-05-26 09:27:45.693138,Headphones,Electronics,South,Mumbai,28692.46,3,0.2,Cash on Delivery,Consumer,4873.06
ORD103504,2025-05-26 12:58:02.616523,Desk,Furniture,South,Ahmedabad,6668.66,3,0.37,Cash on Delivery,Corporate,1090.65
ORD103505,2025-05-26 16:28:19.539907,Dress,Clothing,North,Lucknow,42065.94,2,0.22,Cash on Delivery,Home Office,7627.14
ORD103506,2025-05-26 19:58:36.463292,Table,Furniture,North,Mumbai,39390.59,5,0.1,UPI,Home Office,6466.91
ORD103507,2025-05-26 23:28:53.386677,Novel,Books,South,Pune,32892.23,4,0.01,Debit Card,Consumer,5870.06
ORD103508,2025-05-27 02:59:10.310062,Desk,Furniture,West,Pune,23416.31,6,0.13,Cash on Delivery,Consumer,1563.58
ORD103509,2025-05-27 06:29:27.233446,Novel,Books,West,Delhi,48230.07,5,0.23,Credit Card,Corporate,5890.09
ORD103510,2025-05-27 09:59:44.156831,Novel,Books,South,Delhi,43975.79,6,0.02,Debit Card,Consumer,7783.72
ORD103511,2025-05-27 13:30:01.080216,Office Chair,Furniture,North,Jaipur,32292.64,4,0.24,UPI,Home Office,4110.34
ORD103512,2025-05-27 17:00:18.003600,Table,Furniture,South,Mumbai,18715.69,3,0.21,Net Banking,Corporate,3607.69
ORD103513,2025-05-27 20:30:34.926985,Programming Book,Books,North,Delhi,30977.51,1,0.31,UPI,Corporate,1928.84
ORD103514,2025-05-28 00:00:51.850370,Shoes,Clothing,South,Ahmedabad,28856.96,5,0.01,Net Banking,Corporate,7105.67
ORD103515,2025-05-28 03:31:08.773754,Business Book,Books,North,Bengaluru,19833.25,6,0.31,Credit Card,Consumer,3221.65
ORD103516,2025-05-28 07:01:25.697139,Dinner Set,Home & Kitchen,East,Delhi,15472.36,5,0.21,Net Banking,Consumer,3363.88
ORD103517,2025-05-28 10:31:42.620524,Business Book,Books,West,Mumbai,20469.14,5,0.15,Cash on Delivery,Home Office,2494.35
ORD103518,2025-05-28 14:01:59.543908,Jeans,Clothing,East,Pune,28780.79,6,0.39,Debit Card,Corporate,1652.68
ORD103519,2025-05-28 17:32:16.467293,Mixer,Home & Kitchen,West,Kolkata,21521.12,4,0.06,Debit Card,Corporate,4848.23
ORD103520,2025-05-28 21:02:33.390678,Smartphone,Electronics,North,Hyderabad,13326.01,4,0.22,Cash on Delivery,Corporate,2048.79
ORD103521,2025-05-29 00:32:50.314062,Smartwatch,Electronics,East,Chennai,38095.97,8,0.13,Debit Card,Home Office,7560.8
ORD103522,2025-05-29 04:03:07.237447,T-Shirt,Clothing,West,Delhi,26667.08,8,0.21,UPI,Consumer,6302.93
ORD103523,2025-05-29 07:33:24.160832,Novel,Books,South,Chennai,3570.22,3,0.22,Cash on Delivery,Corporate,274.68
ORD103524,2025-05-29 11:03:41.084216,Table,Furniture,North,Hyderabad,18542.16,7,0.04,Cash on Delivery,Consumer,2719.25
ORD103525,2025-05-29 14:33:58.007601,Jeans,Clothing,North,Jaipur,44268.69,5,0.26,Debit Card,Consumer,3216.07
ORD103526,2025-05-29 18:04:14.930986,Coffee Maker,Home & Kitchen,South,Pune,37810.78,5,0.25,Net Banking,Consumer,7519.31
ORD103527,2025-05-29 21:34:31.854370,Mixer,Home & Kitchen,South,Pune,16297.69,3,0.31,Credit Card,Consumer,610.01
ORD103528,2025-05-30 01:04:48.777755,Tablet,Electronics,West,Hyderabad,46921.52,2,0.04,Net Banking,Consumer,3775.0
ORD103529,2025-05-30 04:35:05.701140,Mixer,Home & Kitchen,North,Mumbai,4014.82,3,0.12,UPI,Home Office,395.59
ORD103530,2025-05-30 08:05:22.624524,Dress,Clothing,West,Chennai,48069.49,7,0.26,Cash on Delivery,Consumer,8637.84
ORD103531,2025-05-30 11:35:39.547909,Mixer,Home & Kitchen,South,Chennai,12436.11,3,0.05,Cash on Delivery,Corporate,2446.9
ORD103532,2025-05-30 15:05:56.471294,Shoes,Clothing,North,Hyderabad,652.89,2,0.27,UPI,Corporate,70.13
ORD103533,2025-05-30 18:36:13.394678,Table,Furniture,South,Chennai,21803.64,4,0.02,Credit Card,Corporate,1916.14
ORD103534,2025-05-30 22:06:30.318063,Headphones,Electronics,West,Mumbai,18076.73,5,0.13,Cash on Delivery,Home Office,2050.8
ORD103535,2025-05-31 01:36:47.241448,Mixer,Home & Kitchen,West,Pune,27046.63,7,0.34,Net Banking,Consumer,4210.2
ORD103536,2025-05-31 05:07:04.164832,T-Shirt,Clothing,West,Jaipur,39879.29,1,0.31,UPI,Corporate,4003.35
ORD103537,2025-05-31 08:37:21.088217,Novel,Books,North,Ahmedabad,42153.05,8,0.26,Cash on Delivery,Corporate,5167.13
ORD103538,2025-05-31 12:07:38.011602,Tablet,Electronics,South,Pune,20181.25,3,0.35,Net Banking,Corporate,2651.85
ORD103539,2025-05-31 15:37:54.934987,Bookshelf,Furniture,South,Bengaluru,21606.32,6,0.28,UPI,Consumer,4328.17
ORD103540,2025-05-31 19:08:11.858371,Shoes,Clothing,West,Bengaluru,7579.25,4,0.21,UPI,Corporate,673.76
ORD103541,2025-05-31 22:38:28.781756,Desk,Furniture,West,Pune,2567.87,5,0.39,UPI,Consumer,253.76
ORD103542,2025-06-01 02:08:45.705141,Bookshelf,Furniture,West,Mumbai,32132.51,6,0.28,Credit Card,Corporate,2951.62
ORD103543,2025-06-01 05:39:02.628525,Dinner Set,Home & Kitchen,West,Ahmedabad,3408.99,2,0.24,UPI,Corporate,431.49
ORD103544,2025-06-01 09:09:19.551910,Air Fryer,Home & Kitchen,East,Jaipur,36744.74,3,0.16,Debit Card,Consumer,6917.45
ORD103545,2025-06-01 12:39:36.475295,T-Shirt,Clothing,East,Chennai,27046.69,8,0.36,Debit Card,Corporate,2951.61
ORD103546,2025-06-01 16:09:53.398679,Programming Book,Books,East,Bengaluru,10089.43,8,0.12,UPI,Home Office,2296.33
ORD103547,2025-06-01 19:40:10.322064,Jeans,Clothing,West,Bengaluru,27068.24,1,0.0,Cash on Delivery,Consumer,5097.34
ORD103548,2025-06-01 23:10:27.245449,Exam Guide,Books,West,Bengaluru,9313.29,8,0.08,Debit Card,Corporate,1254.74
ORD103549,2025-06-02 02:40:44.168833,Table,Furniture,South,Lucknow,22049.11,2,0.04,Net Banking,Home Office,5198.23
ORD103550,2025-06-02 06:11:01.092218,Headphones,Electronics,North,Mumbai,40018.1,8,0.13,Net Banking,Home Office,5495.0
ORD103551,2025-06-02 09:41:18.015603,Jeans,Clothing,South,Pune,23203.58,5,0.33,Cash on Delivery,Consumer,2781.07
ORD103552,2025-06-02 13:11:34.938987,Dress,Clothing,East,Ahmedabad,7605.23,1,0.26,Net Banking,Corporate,1680.86
ORD103553,2025-06-02 16:41:51.862372,Programming Book,Books,South,Pune,36246.67,8,0.07,Cash on Delivery,Consumer,8313.01
ORD103554,2025-06-02 20:12:08.785757,Bookshelf,Furniture,West,Lucknow,9501.07,5,0.32,Net Banking,Home Office,1704.25
ORD103555,2025-06-02 23:42:25.709141,Sofa,Furniture,East,Bengaluru,36979.78,1,0.2,UPI,Home Office,5863.89
ORD103556,2025-06-03 03:12:42.632526,Programming Book,Books,East,Hyderabad,24071.74,4,0.21,Net Banking,Consumer,2606.31
ORD103557,2025-06-03 06:42:59.555911,Desk,Furniture,North,Lucknow,22796.34,1,0.14,UPI,Consumer,5838.67
ORD103558,2025-06-03 10:13:16.479295,Dinner Set,Home & Kitchen,North,Mumbai,42601.46,9,0.35,Net Banking,Corporate,3073.83
ORD103559,2025-06-03 13:43:33.402680,Laptop,Electronics,East,Jaipur,35488.46,2,0.13,Net Banking,Home Office,8280.8
ORD103560,2025-06-03 17:13:50.326065,Shoes,Clothing,East,Chennai,1838.96,8,0.04,Net Banking,Consumer,490.47
ORD103561,2025-06-03 20:44:07.249449,Smartwatch,Electronics,South,Kolkata,14949.48,4,0.12,UPI,Home Office,3346.62
ORD103562,2025-06-04 00:14:24.172834,Jeans,Clothing,East,Ahmedabad,43571.85,9,0.29,Net Banking,Consumer,2429.13
ORD103563,2025-06-04 03:44:41.096219,Mixer,Home & Kitchen,West,Lucknow,1112.64,2,0.26,Net Banking,Corporate,216.98
ORD103564,2025-06-04 07:14:58.019603,Bookshelf,Furniture,South,Jaipur,27353.62,3,0.08,Credit Card,Home Office,5434.31
ORD103565,2025-06-04 10:45:14.942988,Programming Book,Books,West,Kolkata,36445.72,2,0.04,UPI,Corporate,7704.54
ORD103566,2025-06-04 14:15:31.866373,Coffee Maker,Home & Kitchen,West,Jaipur,31168.43,5,0.26,Debit Card,Corporate,5688.5
ORD103567,2025-06-04 17:45:48.789757,Smartphone,Electronics,West,Pune,38074.5,1,0.27,Cash on Delivery,Home Office,4798.27
ORD103568,2025-06-04 21:16:05.713142,Novel,Books,East,Pune,36339.45,3,0.15,Credit Card,Consumer,3607.45
ORD103569,2025-06-05 00:46:22.636527,Bookshelf,Furniture,North,Bengaluru,34663.13,1,0.34,Net Banking,Corporate,4432.16
ORD103570,2025-06-05 04:16:39.559911,Cookware Set,Home & Kitchen,North,Delhi,41112.69,8,0.39,Debit Card,Corporate,1935.3
ORD103571,2025-06-05 07:46:56.483296,Novel,Books,West,Chennai,32355.4,4,0.08,Debit Card,Home Office,6510.07
ORD103572,2025-06-05 11:17:13.406681,Cookware Set,Home & Kitchen,East,Mumbai,20240.44,3,0.23,Net Banking,Home Office,2660.93
ORD103573,2025-06-05 14:47:30.330066,Cookware Set,Home & Kitchen,South,Mumbai,23701.07,8,0.0,Net Banking,Home Office,4161.5
ORD103574,2025-06-05 18:17:47.253450,Desk,Furniture,West,Bengaluru,35892.89,9,0.29,Credit Card,Corporate,2458.07
ORD103575,2025-06-05 21:48:04.176835,Shoes,Clothing,South,Pune,43840.04,8,0.17,UPI,Consumer,2194.9
ORD103576,2025-06-06 01:18:21.100220,Programming Book,Books,South,Bengaluru,13756.5,6,0.08,Credit Card,Consumer,2566.85
ORD103577,2025-06-06 04:48:38.023604,Table,Furniture,East,Hyderabad,17235.42,3,0.3,UPI,Home Office,2590.4
ORD103578,2025-06-06 08:18:54.946989,Cookware Set,Home & Kitchen,East,Lucknow,46550.82,8,0.32,Debit Card,Corporate,5526.03
ORD103579,2025-06-06 11:49:11.870374,Table,Furniture,North,Lucknow,29009.89,5,0.04,Cash on Delivery,Corporate,6723.78
ORD103580,2025-06-06 15:19:28.793758,Dress,Clothing,North,Ahmedabad,9112.3,5,0.02,Net Banking,Corporate,1705.01
ORD103581,2025-06-06 18:49:45.717143,Business Book,Books,East,Pune,33252.02,9,0.13,Credit Card,Home Office,7580.88
ORD103582,2025-06-06 22:20:02.640528,Jeans,Clothing,West,Delhi,49539.96,1,0.25,Debit Card,Corporate,4534.01
ORD103583,2025-06-07 01:50:19.563912,Tablet,Electronics,North,Hyderabad,41207.99,7,0.32,Credit Card,Corporate,3104.13
ORD103584,2025-06-07 05:20:36.487297,Novel,Books,South,Hyderabad,37337.91,8,0.22,UPI,Consumer,3357.55
ORD103585,2025-06-07 08:50:53.410682,Jacket,Clothing,West,Pune,10560.72,3,0.23,Net Banking,Home Office,468.63
ORD103586,2025-06-07 12:21:10.334066,Air Fryer,Home & Kitchen,South,Lucknow,43831.76,8,0.32,UPI,Home Office,8201.19
ORD103587,2025-06-07 15:51:27.257451,Data Science Book,Books,East,Kolkata,26384.28,1,0.21,UPI,Home Office,6248.84
ORD103588,2025-06-07 19:21:44.180836,Exam Guide,Books,South,Lucknow,44486.64,8,0.24,UPI,Corporate,8592.12
ORD103589,2025-06-07 22:52:01.104220,Bookshelf,Furniture,West,Ahmedabad,16625.43,7,0.21,Debit Card,Corporate,2011.47
ORD103590,2025-06-08 02:22:18.027605,Coffee Maker,Home & Kitchen,East,Ahmedabad,3290.14,4,0.35,Net Banking,Consumer,296.16
ORD103591,2025-06-08 05:52:34.950990,Smartwatch,Electronics,West,Pune,23903.6,7,0.09,Cash on Delivery,Home Office,5300.39
ORD103592,2025-06-08 09:22:51.874374,Dress,Clothing,South,Chennai,13637.91,7,0.11,Credit Card,Corporate,2154.28
ORD103593,2025-06-08 12:53:08.797759,Desk,Furniture,West,Chennai,35818.42,1,0.05,UPI,Consumer,9693.23
ORD103594,2025-06-08 16:23:25.721144,T-Shirt,Clothing,East,Delhi,47863.91,3,0.33,Net Banking,Corporate,3844.89
ORD103595,2025-06-08 19:53:42.644528,Smartphone,Electronics,South,Chennai,34610.51,7,0.16,Credit Card,Corporate,3807.22
ORD103596,2025-06-08 23:23:59.567913,Smartphone,Electronics,South,Jaipur,44369.31,5,0.14,Net Banking,Home Office,11436.07
ORD103597,2025-06-09 02:54:16.491298,Novel,Books,North,Jaipur,22760.6,9,0.39,Credit Card,Home Office,4089.43
ORD103598,2025-06-09 06:24:33.414682,Smartphone,Electronics,North,Mumbai,38627.71,7,0.37,Net Banking,Corporate,6602.16
ORD103599,2025-06-09 09:54:50.338067,T-Shirt,Clothing,West,Jaipur,42183.56,3,0.39,Cash on Delivery,Corporate,3889.57
ORD103600,2025-06-09 13:25:07.261452,Air Fryer,Home & Kitchen,North,Kolkata,35601.61,1,0.06,Net Banking,Corporate,8681.06
ORD103601,2025-06-09 16:55:24.184836,Cookware Set,Home & Kitchen,North,Kolkata,25487.31,5,0.36,Net Banking,Corporate,1971.26
ORD103602,2025-06-09 20:25:41.108221,Business Book,Books,North,Kolkata,31368.13,5,0.13,UPI,Corporate,3102.59
ORD103603,2025-06-09 23:55:58.031606,Dress,Clothing,North,Jaipur,35085.25,7,0.01,UPI,Home Office,6481.77
ORD103604,2025-06-10 03:26:14.954991,Dress,Clothing,East,Delhi,12803.6,1,0.16,UPI,Home Office,2850.79
ORD103605,2025-06-10 06:56:31.878375,Smartwatch,Electronics,East,Lucknow,40517.05,2,0.2,Net Banking,Corporate,2410.55
ORD103606,2025-06-10 10:26:48.801760,Jeans,Clothing,North,Pune,47526.16,6,0.04,Cash on Delivery,Corporate,8729.29
ORD103607,2025-06-10 13:57:05.725145,Office Chair,Furniture,West,Bengaluru,23368.92,8,0.22,Credit Card,Home Office,3689.93
ORD103608,2025-06-10 17:27:22.648529,Headphones,Electronics,East,Mumbai,35113.15,4,0.33,UPI,Corporate,4586.34
ORD103609,2025-06-10 20:57:39.571914,Table,Furniture,North,Ahmedabad,36903.89,3,0.15,Debit Card,Home Office,3281.89
ORD103610,2025-06-11 00:27:56.495299,Data Science Book,Books,East,Hyderabad,33179.93,3,0.14,Net Banking,Home Office,1884.21
ORD103611,2025-06-11 03:58:13.418683,Mixer,Home & Kitchen,South,Ahmedabad,27446.33,3,0.14,Cash on Delivery,Home Office,6461.5
ORD103612,2025-06-11 07:28:30.342068,Exam Guide,Books,East,Mumbai,44106.07,2,0.37,Cash on Delivery,Home Office,5380.31
ORD103613,2025-06-11 10:58:47.265453,Air Fryer,Home & Kitchen,East,Ahmedabad,22556.55,1,0.02,UPI,Consumer,5348.98
ORD103614,2025-06-11 14:29:04.188837,Programming Book,Books,West,Lucknow,3242.93,5,0.18,UPI,Corporate,375.24
ORD103615,2025-06-11 17:59:21.112222,Jacket,Clothing,East,Ahmedabad,42258.91,5,0.11,Debit Card,Corporate,2280.15
ORD103616,2025-06-11 21:29:38.035607,Desk,Furniture,West,Ahmedabad,33764.27,5,0.36,Debit Card,Corporate,2482.7
ORD103617,2025-06-12 00:59:54.958991,Mixer,Home & Kitchen,South,Lucknow,42493.08,4,0.04,UPI,Home Office,2787.88
ORD103618,2025-06-12 04:30:11.882376,Headphones,Electronics,North,Lucknow,7099.66,3,0.16,Credit Card,Home Office,414.84
ORD103619,2025-06-12 08:00:28.805761,Desk,Furniture,West,Jaipur,1731.5,3,0.16,UPI,Home Office,150.7
ORD103620,2025-06-12 11:30:45.729145,Smartphone,Electronics,East,Lucknow,46731.85,2,0.36,UPI,Corporate,6232.74
ORD103621,2025-06-12 15:01:02.652530,Office Chair,Furniture,East,Bengaluru,7556.87,5,0.09,Cash on Delivery,Home Office,1749.74
ORD103622,2025-06-12 18:31:19.575915,Sofa,Furniture,West,Chennai,40520.69,4,0.26,UPI,Consumer,7656.43
ORD103623,2025-06-12 22:01:36.499299,Exam Guide,Books,South,Bengaluru,41195.86,6,0.05,UPI,Corporate,11131.83
ORD103624,2025-06-13 01:31:53.422684,Mixer,Home & Kitchen,North,Ahmedabad,35493.52,2,0.38,UPI,Consumer,4711.38
ORD103625,2025-06-13 05:02:10.346069,Cookware Set,Home & Kitchen,East,Bengaluru,6736.86,2,0.24,Credit Card,Consumer,281.42
ORD103626,2025-06-13 08:32:27.269453,Desk,Furniture,South,Mumbai,33436.45,8,0.25,Cash on Delivery,Corporate,3619.93
ORD103627,2025-06-13 12:02:44.192838,T-Shirt,Clothing,North,Pune,44476.51,6,0.17,Net Banking,Consumer,2874.43
ORD103628,2025-06-13 15:33:01.116223,Shoes,Clothing,North,Chennai,21391.48,3,0.14,Net Banking,Consumer,4495.52
ORD103629,2025-06-13 19:03:18.039607,Tablet,Electronics,East,Pune,20793.14,5,0.09,Net Banking,Home Office,1512.27
ORD103630,2025-06-13 22:33:34.962992,Headphones,Electronics,West,Hyderabad,22254.34,3,0.24,Net Banking,Consumer,1293.54
ORD103631,2025-06-14 02:03:51.886377,Programming Book,Books,East,Bengaluru,4297.14,2,0.38,Cash on Delivery,Home Office,152.0
ORD103632,2025-06-14 05:34:08.809761,Table,Furniture,East,Pune,44622.87,3,0.14,UPI,Consumer,11085.8
ORD103633,2025-06-14 09:04:25.733146,Tablet,Electronics,East,Lucknow,43485.31,1,0.35,Net Banking,Corporate,6965.38
ORD103634,2025-06-14 12:34:42.656531,Smartphone,Electronics,South,Delhi,49895.88,7,0.06,UPI,Corporate,6253.35
ORD103635,2025-06-14 16:04:59.579915,Bookshelf,Furniture,West,Delhi,29342.12,6,0.37,Net Banking,Corporate,2663.95
ORD103636,2025-06-14 19:35:16.503300,Programming Book,Books,South,Lucknow,37609.34,5,0.14,Credit Card,Corporate,2097.74
ORD103637,2025-06-14 23:05:33.426685,Smartphone,Electronics,East,Pune,10293.06,6,0.15,UPI,Home Office,782.86
ORD103638,2025-06-15 02:35:50.350070,Novel,Books,West,Ahmedabad,33442.94,8,0.19,Cash on Delivery,Consumer,3463.65
ORD103639,2025-06-15 06:06:07.273454,Coffee Maker,Home & Kitchen,North,Lucknow,32556.7,3,0.29,Credit Card,Consumer,3397.18
ORD103640,2025-06-15 09:36:24.196839,Exam Guide,Books,West,Chennai,45080.2,3,0.29,Credit Card,Corporate,6561.23
ORD103641,2025-06-15 13:06:41.120224,T-Shirt,Clothing,East,Kolkata,41573.48,5,0.19,Cash on Delivery,Home Office,4633.04
ORD103642,2025-06-15 16:36:58.043608,T-Shirt,Clothing,West,Mumbai,46935.63,5,0.21,Credit Card,Home Office,10702.9
ORD103643,2025-06-15 20:07:14.966993,Programming Book,Books,North,Ahmedabad,43467.91,1,0.01,UPI,Corporate,5839.55
ORD103644,2025-06-15 23:37:31.890378,Jeans,Clothing,North,Chennai,43460.96,4,0.12,Debit Card,Consumer,10915.26
ORD103645,2025-06-16 03:07:48.813762,Coffee Maker,Home & Kitchen,West,Pune,3373.42,9,0.14,Debit Card,Corporate,674.41
ORD103646,2025-06-16 06:38:05.737147,Bookshelf,Furniture,North,Ahmedabad,42328.91,8,0.22,Net Banking,Consumer,9078.71
ORD103647,2025-06-16 10:08:22.660532,Jeans,Clothing,South,Ahmedabad,30452.42,3,0.22,Net Banking,Corporate,5363.15
ORD103648,2025-06-16 13:38:39.583916,Jacket,Clothing,West,Pune,19146.13,5,0.28,UPI,Consumer,2648.77
ORD103649,2025-06-16 17:08:56.507301,Business Book,Books,North,Lucknow,3014.43,5,0.29,Cash on Delivery,Home Office,379.4
ORD103650,2025-06-16 20:39:13.430686,Dinner Set,Home & Kitchen,North,Pune,33948.15,7,0.09,UPI,Corporate,3794.7
ORD103651,2025-06-17 00:09:30.354070,Office Chair,Furniture,West,Bengaluru,16544.45,8,0.31,Net Banking,Consumer,1421.75
ORD103652,2025-06-17 03:39:47.277455,Data Science Book,Books,South,Bengaluru,23495.26,9,0.01,Credit Card,Consumer,2460.97
ORD103653,2025-06-17 07:10:04.200840,Novel,Books,West,Mumbai,34150.08,7,0.29,UPI,Consumer,3549.34
ORD103654,2025-06-17 10:40:21.124224,Air Fryer,Home & Kitchen,North,Delhi,45606.37,2,0.04,UPI,Consumer,3578.89
ORD103655,2025-06-17 14:10:38.047609,Table,Furniture,West,Jaipur,41306.76,8,0.29,Cash on Delivery,Home Office,4308.29
ORD103656,2025-06-17 17:40:54.970994,Mixer,Home & Kitchen,North,Mumbai,22639.74,8,0.21,Net Banking,Consumer,4622.23
ORD103657,2025-06-17 21:11:11.894378,Bookshelf,Furniture,East,Mumbai,19511.6,2,0.17,UPI,Home Office,4333.25
ORD103658,2025-06-18 00:41:28.817763,Dinner Set,Home & Kitchen,West,Kolkata,12141.03,6,0.28,Credit Card,Consumer,1841.91
ORD103659,2025-06-18 04:11:45.741148,Novel,Books,West,Jaipur,18746.85,1,0.01,Credit Card,Home Office,2119.53
ORD103660,2025-06-18 07:42:02.664532,Business Book,Books,North,Delhi,5730.11,7,0.09,Debit Card,Home Office,574.04
ORD103661,2025-06-18 11:12:19.587917,Smartphone,Electronics,North,Ahmedabad,48561.05,2,0.25,Net Banking,Consumer,4351.64
ORD103662,2025-06-18 14:42:36.511302,T-Shirt,Clothing,North,Jaipur,28781.09,5,0.34,Credit Card,Home Office,3324.4
ORD103663,2025-06-18 18:12:53.434686,Cookware Set,Home & Kitchen,North,Kolkata,6564.73,7,0.15,Cash on Delivery,Corporate,1641.15
ORD103664,2025-06-18 21:43:10.358071,Smartphone,Electronics,West,Hyderabad,17769.74,9,0.1,Net Banking,Consumer,1236.18
ORD103665,2025-06-19 01:13:27.281456,Jeans,Clothing,North,Mumbai,27442.55,1,0.21,Credit Card,Corporate,3796.71
ORD103666,2025-06-19 04:43:44.204840,Cookware Set,Home & Kitchen,West,Pune,26737.7,9,0.25,UPI,Home Office,4422.97
ORD103667,2025-06-19 08:14:01.128225,Office Chair,Furniture,South,Mumbai,1968.07,5,0.17,Net Banking,Home Office,182.0
ORD103668,2025-06-19 11:44:18.051610,Dress,Clothing,West,Lucknow,47551.88,6,0.35,Credit Card,Corporate,9033.94
ORD103669,2025-06-19 15:14:34.974995,Data Science Book,Books,North,Kolkata,13913.71,8,0.21,UPI,Consumer,1508.69
ORD103670,2025-06-19 18:44:51.898379,Smartwatch,Electronics,North,Mumbai,1006.0,2,0.01,Debit Card,Corporate,281.94
ORD103671,2025-06-19 22:15:08.821764,Jacket,Clothing,South,Mumbai,4006.91,7,0.09,Net Banking,Home Office,726.85
ORD103672,2025-06-20 01:45:25.745149,Jacket,Clothing,West,Jaipur,29093.71,4,0.18,Net Banking,Consumer,1217.17
ORD103673,2025-06-20 05:15:42.668533,Business Book,Books,South,Jaipur,7061.72,9,0.28,Credit Card,Corporate,649.68
ORD103674,2025-06-20 08:45:59.591918,Mixer,Home & Kitchen,West,Pune,2277.89,6,0.09,Debit Card,Corporate,114.81
ORD103675,2025-06-20 12:16:16.515303,Sofa,Furniture,North,Chennai,19105.4,7,0.39,Cash on Delivery,Consumer,1694.17
ORD103676,2025-06-20 15:46:33.438687,Programming Book,Books,West,Lucknow,31213.51,6,0.13,Credit Card,Corporate,7688.7
ORD103677,2025-06-20 19:16:50.362072,Bookshelf,Furniture,North,Pune,5769.62,8,0.21,Credit Card,Consumer,1115.59
ORD103678,2025-06-20 22:47:07.285457,Mixer,Home & Kitchen,North,Hyderabad,15803.73,6,0.01,Cash on Delivery,Consumer,3207.88
ORD103679,2025-06-21 02:17:24.208841,Dress,Clothing,East,Lucknow,21004.48,7,0.35,Cash on Delivery,Corporate,2520.85
ORD103680,2025-06-21 05:47:41.132226,Sofa,Furniture,East,Jaipur,8141.11,8,0.32,Cash on Delivery,Consumer,792.45
ORD103681,2025-06-21 09:17:58.055611,Tablet,Electronics,West,Mumbai,25402.48,1,0.08,Cash on Delivery,Consumer,2404.45
ORD103682,2025-06-21 12:48:14.978995,Headphones,Electronics,North,Ahmedabad,4443.66,4,0.37,Cash on Delivery,Home Office,183.74
ORD103683,2025-06-21 16:18:31.902380,Business Book,Books,South,Mumbai,2516.62,6,0.13,UPI,Home Office,213.55
ORD103684,2025-06-21 19:48:48.825765,Air Fryer,Home & Kitchen,North,Delhi,26087.8,1,0.28,UPI,Home Office,2589.83
ORD103685,2025-06-21 23:19:05.749149,Exam Guide,Books,South,Pune,12545.27,4,0.33,Cash on Delivery,Corporate,1512.94
ORD103686,2025-06-22 02:49:22.672534,Data Science Book,Books,West,Lucknow,4949.62,6,0.3,Debit Card,Corporate,350.29
ORD103687,2025-06-22 06:19:39.595919,Business Book,Books,West,Ahmedabad,21310.85,7,0.37,Debit Card,Corporate,3941.59
ORD103688,2025-06-22 09:49:56.519303,Smartwatch,Electronics,South,Delhi,45774.01,6,0.35,Cash on Delivery,Corporate,2059.29
ORD103689,2025-06-22 13:20:13.442688,Headphones,Electronics,South,Hyderabad,36264.78,4,0.4,UPI,Consumer,1603.58
ORD103690,2025-06-22 16:50:30.366073,Business Book,Books,North,Mumbai,40817.67,7,0.07,Debit Card,Consumer,8375.99
ORD103691,2025-06-22 20:20:47.289457,Smartwatch,Electronics,West,Chennai,43621.32,2,0.12,UPI,Home Office,9165.43
ORD103692,2025-06-22 23:51:04.212842,Air Fryer,Home & Kitchen,North,Kolkata,48636.86,6,0.25,Credit Card,Consumer,10692.07
ORD103693,2025-06-23 03:21:21.136227,Exam Guide,Books,South,Delhi,38209.68,5,0.29,UPI,Corporate,4954.03
ORD103694,2025-06-23 06:51:38.059611,Smartwatch,Electronics,East,Mumbai,30498.71,2,0.21,Cash on Delivery,Consumer,2204.2
ORD103695,2025-06-23 10:21:54.982996,Sofa,Furniture,East,Mumbai,18398.21,9,0.03,Net Banking,Home Office,5076.95
ORD103696,2025-06-23 13:52:11.906381,Business Book,Books,East,Lucknow,9245.83,7,0.34,Cash on Delivery,Corporate,1800.52
ORD103697,2025-06-23 17:22:28.829765,Business Book,Books,South,Lucknow,34395.66,3,0.38,Credit Card,Consumer,5989.82
ORD103698,2025-06-23 20:52:45.753150,Air Fryer,Home & Kitchen,North,Chennai,49748.51,7,0.16,UPI,Home Office,11195.79
ORD103699,2025-06-24 00:23:02.676535,Dress,Clothing,West,Delhi,23474.46,6,0.09,Debit Card,Consumer,1482.37
ORD103700,2025-06-24 03:53:19.599919,Dress,Clothing,South,Jaipur,36239.23,7,0.01,Cash on Delivery,Home Office,9461.38
ORD103701,2025-06-24 07:23:36.523304,Mixer,Home & Kitchen,East,Lucknow,24855.6,4,0.09,Debit Card,Home Office,6521.09
ORD103702,2025-06-24 10:53:53.446689,Coffee Maker,Home & Kitchen,North,Kolkata,21710.28,8,0.28,UPI,Home Office,2939.93
ORD103703,2025-06-24 14:24:10.370074,Coffee Maker,Home & Kitchen,West,Mumbai,20633.22,8,0.36,Credit Card,Corporate,3210.82
ORD103704,2025-06-24 17:54:27.293458,T-Shirt,Clothing,West,Mumbai,25330.31,7,0.04,Cash on Delivery,Consumer,5233.62
ORD103705,2025-06-24 21:24:44.216843,Dinner Set,Home & Kitchen,South,Hyderabad,18471.4,7,0.22,Debit Card,Consumer,1757.95
ORD103706,2025-06-25 00:55:01.140228,Smartphone,Electronics,South,Hyderabad,37488.91,8,0.28,Cash on Delivery,Corporate,5314.19
ORD103707,2025-06-25 04:25:18.063612,Novel,Books,West,Chennai,43738.75,1,0.11,Cash on Delivery,Corporate,10601.64
ORD103708,2025-06-25 07:55:34.986997,Exam Guide,Books,West,Delhi,44167.69,6,0.23,Debit Card,Consumer,5920.86
ORD103709,2025-06-25 11:25:51.910382,Sofa,Furniture,East,Bengaluru,11539.4,2,0.29,Credit Card,Corporate,1618.41
ORD103710,2025-06-25 14:56:08.833766,Desk,Furniture,West,Ahmedabad,44816.28,1,0.34,Cash on Delivery,Corporate,5408.94
ORD103711,2025-06-25 18:26:25.757151,Data Science Book,Books,South,Lucknow,17209.25,7,0.18,Credit Card,Consumer,1701.87
ORD103712,2025-06-25 21:56:42.680536,Headphones,Electronics,North,Delhi,15603.52,6,0.3,Credit Card,Home Office,2303.72
ORD103713,2025-06-26 01:26:59.603920,T-Shirt,Clothing,East,Mumbai,36392.45,5,0.12,UPI,Corporate,5680.26
ORD103714,2025-06-26 04:57:16.527305,Dress,Clothing,East,Pune,15373.88,5,0.09,Debit Card,Consumer,1512.85
ORD103715,2025-06-26 08:27:33.450690,Tablet,Electronics,West,Hyderabad,2837.73,9,0.07,UPI,Consumer,722.7
ORD103716,2025-06-26 11:57:50.374074,Jeans,Clothing,North,Ahmedabad,18806.17,9,0.14,Net Banking,Consumer,4650.01
ORD103717,2025-06-26 15:28:07.297459,Coffee Maker,Home & Kitchen,East,Lucknow,36128.99,6,0.01,UPI,Corporate,2283.52
ORD103718,2025-06-26 18:58:24.220844,Exam Guide,Books,South,Jaipur,16482.53,3,0.11,Cash on Delivery,Home Office,3015.85
ORD103719,2025-06-26 22:28:41.144228,Novel,Books,West,Jaipur,31552.04,7,0.26,Cash on Delivery,Home Office,3590.1
ORD103720,2025-06-27 01:58:58.067613,Smartphone,Electronics,South,Hyderabad,33073.95,4,0.26,Cash on Delivery,Consumer,4441.88
ORD103721,2025-06-27 05:29:14.990998,Dress,Clothing,West,Delhi,36740.05,5,0.03,Net Banking,Corporate,5112.51
ORD103722,2025-06-27 08:59:31.914382,Desk,Furniture,East,Lucknow,44877.1,7,0.11,Credit Card,Corporate,6733.57
ORD103723,2025-06-27 12:29:48.837767,Office Chair,Furniture,West,Ahmedabad,21741.71,7,0.23,Cash on Delivery,Home Office,2190.72
ORD103724,2025-06-27 16:00:05.761152,T-Shirt,Clothing,North,Mumbai,8488.32,8,0.13,UPI,Home Office,586.36
ORD103725,2025-06-27 19:30:22.684536,Table,Furniture,South,Delhi,16082.5,1,0.17,Credit Card,Corporate,1675.34
ORD103726,2025-06-27 23:00:39.607921,Smartwatch,Electronics,North,Hyderabad,21721.93,5,0.29,UPI,Home Office,3355.69
ORD103727,2025-06-28 02:30:56.531306,Laptop,Electronics,South,Chennai,35751.8,9,0.0,UPI,Consumer,2237.9
ORD103728,2025-06-28 06:01:13.454690,T-Shirt,Clothing,South,Bengaluru,853.48,7,0.11,Cash on Delivery,Home Office,110.66
ORD103729,2025-06-28 09:31:30.378075,Table,Furniture,West,Delhi,15926.11,2,0.06,UPI,Corporate,906.84
ORD103730,2025-06-28 13:01:47.301460,Headphones,Electronics,East,Kolkata,39036.16,1,0.05,Net Banking,Consumer,5157.19
ORD103731,2025-06-28 16:32:04.224844,Smartphone,Electronics,East,Lucknow,33608.71,8,0.38,Credit Card,Corporate,1498.27
ORD103732,2025-06-28 20:02:21.148229,Mixer,Home & Kitchen,North,Jaipur,36640.65,9,0.15,Cash on Delivery,Home Office,4201.71
ORD103733,2025-06-28 23:32:38.071614,Air Fryer,Home & Kitchen,West,Kolkata,40628.18,5,0.21,Cash on Delivery,Home Office,8329.68
ORD103734,2025-06-29 03:02:54.994999,Smartwatch,Electronics,East,Delhi,39205.14,6,0.29,UPI,Consumer,5660.44
ORD103735,2025-06-29 06:33:11.918383,Jacket,Clothing,South,Delhi,34172.72,2,0.02,UPI,Consumer,7386.85
ORD103736,2025-06-29 10:03:28.841768,Exam Guide,Books,South,Kolkata,22095.14,5,0.1,Debit Card,Consumer,3498.88
ORD103737,2025-06-29 13:33:45.765153,Business Book,Books,West,Chennai,49183.2,4,0.33,Debit Card,Consumer,9246.39
ORD103738,2025-06-29 17:04:02.688537,Smartwatch,Electronics,North,Kolkata,28539.85,8,0.34,Cash on Delivery,Home Office,3490.17
ORD103739,2025-06-29 20:34:19.611922,Headphones,Electronics,West,Mumbai,10297.91,8,0.15,Cash on Delivery,Corporate,665.89
ORD103740,2025-06-30 00:04:36.535307,Tablet,Electronics,North,Ahmedabad,14782.08,5,0.15,UPI,Home Office,3559.29
ORD103741,2025-06-30 03:34:53.458691,T-Shirt,Clothing,West,Kolkata,34739.41,8,0.3,Net Banking,Home Office,2024.82
ORD103742,2025-06-30 07:05:10.382076,Air Fryer,Home & Kitchen,South,Kolkata,46252.03,6,0.12,Net Banking,Consumer,12202.09
ORD103743,2025-06-30 10:35:27.305461,Laptop,Electronics,West,Lucknow,9100.26,6,0.05,UPI,Consumer,1373.26
ORD103744,2025-06-30 14:05:44.228845,Headphones,Electronics,East,Ahmedabad,4300.86,4,0.1,Debit Card,Corporate,264.65
ORD103745,2025-06-30 17:36:01.152230,Office Chair,Furniture,East,Bengaluru,44100.25,3,0.15,Debit Card,Corporate,9972.02
ORD103746,2025-06-30 21:06:18.075615,Jacket,Clothing,West,Kolkata,45780.84,9,0.02,Net Banking,Home Office,3285.06
ORD103747,2025-07-01 00:36:34.998999,Smartwatch,Electronics,North,Kolkata,13963.69,5,0.19,Cash on Delivery,Corporate,1058.76
ORD103748,2025-07-01 04:06:51.922384,Desk,Furniture,North,Mumbai,18988.83,4,0.3,UPI,Consumer,2051.47
ORD103749,2025-07-01 07:37:08.845769,Business Book,Books,South,Jaipur,33077.36,6,0.21,Cash on Delivery,Consumer,5723.93
ORD103750,2025-07-01 11:07:25.769153,Laptop,Electronics,South,Mumbai,16630.52,4,0.03,Debit Card,Consumer,1295.13
ORD103751,2025-07-01 14:37:42.692538,Tablet,Electronics,North,Kolkata,43882.5,6,0.18,Net Banking,Home Office,7400.26
ORD103752,2025-07-01 18:07:59.615923,Sofa,Furniture,West,Lucknow,5557.42,8,0.28,Cash on Delivery,Corporate,980.72
ORD103753,2025-07-01 21:38:16.539307,Jeans,Clothing,South,Mumbai,2091.51,8,0.02,Debit Card,Consumer,165.77
ORD103754,2025-07-02 01:08:33.462692,Laptop,Electronics,North,Lucknow,10582.61,6,0.02,Debit Card,Home Office,2197.53
ORD103755,2025-07-02 04:38:50.386077,Business Book,Books,North,Ahmedabad,14447.17,1,0.15,Debit Card,Home Office,3557.78
ORD103756,2025-07-02 08:09:07.309461,Headphones,Electronics,West,Lucknow,5823.74,1,0.08,Cash on Delivery,Home Office,1563.68
ORD103757,2025-07-02 11:39:24.232846,Exam Guide,Books,East,Chennai,3471.38,3,0.37,Credit Card,Corporate,197.74
ORD103758,2025-07-02 15:09:41.156231,Mixer,Home & Kitchen,North,Pune,37829.26,2,0.23,Net Banking,Corporate,6988.69
ORD103759,2025-07-02 18:39:58.079615,Coffee Maker,Home & Kitchen,South,Ahmedabad,8380.97,1,0.11,Debit Card,Corporate,1951.72
ORD103760,2025-07-02 22:10:15.003000,Programming Book,Books,West,Pune,45713.33,1,0.28,Cash on Delivery,Home Office,8960.42
ORD103761,2025-07-03 01:40:31.926385,Jacket,Clothing,West,Kolkata,18526.38,6,0.15,UPI,Home Office,2061.66
ORD103762,2025-07-03 05:10:48.849769,Smartphone,Electronics,West,Kolkata,33596.17,7,0.05,Net Banking,Corporate,3751.12
ORD103763,2025-07-03 08:41:05.773154,Smartwatch,Electronics,East,Chennai,11425.03,8,0.09,UPI,Consumer,644.24
ORD103764,2025-07-03 12:11:22.696539,Mixer,Home & Kitchen,East,Delhi,12168.07,3,0.26,UPI,Corporate,1349.47
ORD103765,2025-07-03 15:41:39.619923,Programming Book,Books,South,Pune,28820.52,1,0.02,Cash on Delivery,Home Office,2287.47
ORD103766,2025-07-03 19:11:56.543308,Laptop,Electronics,South,Mumbai,28120.02,5,0.11,Credit Card,Home Office,6170.72
ORD103767,2025-07-03 22:42:13.466693,Smartphone,Electronics,West,Chennai,38482.72,8,0.08,Cash on Delivery,Home Office,3035.61
ORD103768,2025-07-04 02:12:30.390078,T-Shirt,Clothing,South,Ahmedabad,37939.1,4,0.08,Cash on Delivery,Home Office,8890.96
ORD103769,2025-07-04 05:42:47.313462,Table,Furniture,North,Bengaluru,33600.25,2,0.27,Net Banking,Home Office,1886.3
ORD103770,2025-07-04 09:13:04.236847,Dinner Set,Home & Kitchen,East,Mumbai,22566.7,9,0.33,Cash on Delivery,Home Office,2572.67
ORD103771,2025-07-04 12:43:21.160232,Mixer,Home & Kitchen,West,Lucknow,44553.89,9,0.29,Net Banking,Corporate,4623.47
ORD103772,2025-07-04 16:13:38.083616,Table,Furniture,West,Kolkata,31204.41,3,0.26,Debit Card,Home Office,4627.16
ORD103773,2025-07-04 19:43:55.007001,Smartwatch,Electronics,North,Ahmedabad,49511.88,7,0.37,Net Banking,Home Office,5605.07
ORD103774,2025-07-04 23:14:11.930386,Dress,Clothing,North,Chennai,41004.62,1,0.02,Cash on Delivery,Home Office,8023.11
ORD103775,2025-07-05 02:44:28.853770,T-Shirt,Clothing,North,Pune,2406.63,8,0.07,Debit Card,Home Office,112.45
ORD103776,2025-07-05 06:14:45.777155,Air Fryer,Home & Kitchen,North,Pune,16165.58,8,0.17,Debit Card,Home Office,1098.56
ORD103777,2025-07-05 09:45:02.700540,Shoes,Clothing,West,Hyderabad,28679.41,3,0.15,Credit Card,Consumer,4370.4
ORD103778,2025-07-05 13:15:19.623924,Desk,Furniture,East,Kolkata,36129.18,5,0.17,Cash on Delivery,Corporate,3221.12
ORD103779,2025-07-05 16:45:36.547309,Laptop,Electronics,East,Mumbai,27606.76,4,0.08,UPI,Corporate,1754.49
ORD103780,2025-07-05 20:15:53.470694,Desk,Furniture,North,Lucknow,39349.3,7,0.06,Cash on Delivery,Consumer,3862.52
ORD103781,2025-07-05 23:46:10.394078,Data Science Book,Books,South,Lucknow,14276.25,7,0.2,UPI,Consumer,2797.74
ORD103782,2025-07-06 03:16:27.317463,Cookware Set,Home & Kitchen,West,Kolkata,9358.82,8,0.37,Credit Card,Home Office,1093.27
ORD103783,2025-07-06 06:46:44.240848,T-Shirt,Clothing,East,Hyderabad,2885.05,5,0.16,Cash on Delivery,Corporate,236.33
ORD103784,2025-07-06 10:17:01.164232,Programming Book,Books,North,Hyderabad,28751.02,5,0.02,Credit Card,Corporate,1521.35
ORD103785,2025-07-06 13:47:18.087617,Jacket,Clothing,South,Mumbai,34492.26,8,0.28,UPI,Consumer,3461.89
ORD103786,2025-07-06 17:17:35.011002,Laptop,Electronics,South,Hyderabad,16442.26,5,0.12,Net Banking,Corporate,2016.53
ORD103787,2025-07-06 20:47:51.934386,Headphones,Electronics,North,Chennai,30756.49,1,0.1,Cash on Delivery,Corporate,6471.26
ORD103788,2025-07-07 00:18:08.857771,Headphones,Electronics,West,Hyderabad,2797.43,3,0.13,Debit Card,Home Office,681.11
ORD103789,2025-07-07 03:48:25.781156,T-Shirt,Clothing,East,Pune,5144.81,2,0.29,Debit Card,Home Office,522.37
ORD103790,2025-07-07 07:18:42.704540,Exam Guide,Books,South,Jaipur,35147.39,5,0.33,Credit Card,Home Office,5228.6
ORD103791,2025-07-07 10:48:59.627925,Headphones,Electronics,East,Delhi,18529.87,8,0.24,Net Banking,Corporate,2939.43
ORD103792,2025-07-07 14:19:16.551310,Programming Book,Books,East,Pune,33632.43,9,0.13,Debit Card,Corporate,4550.55
ORD103793,2025-07-07 17:49:33.474694,Dress,Clothing,South,Pune,41619.71,9,0.12,Debit Card,Home Office,2434.58
ORD103794,2025-07-07 21:19:50.398079,Data Science Book,Books,North,Bengaluru,42660.6,1,0.05,Cash on Delivery,Home Office,6823.47
ORD103795,2025-07-08 00:50:07.321464,Dress,Clothing,South,Bengaluru,8773.95,1,0.37,Debit Card,Corporate,765.76
ORD103796,2025-07-08 04:20:24.244848,Shoes,Clothing,South,Kolkata,24417.02,1,0.26,UPI,Corporate,3388.74
ORD103797,2025-07-08 07:50:41.168233,Coffee Maker,Home & Kitchen,West,Bengaluru,36749.55,1,0.01,Credit Card,Consumer,2959.65
ORD103798,2025-07-08 11:20:58.091618,Dress,Clothing,East,Kolkata,38744.23,9,0.26,Debit Card,Home Office,6624.66
ORD103799,2025-07-08 14:51:15.015003,Jacket,Clothing,North,Pune,39276.86,1,0.18,Cash on Delivery,Home Office,7953.13
ORD103800,2025-07-08 18:21:31.938387,Office Chair,Furniture,East,Delhi,11562.73,7,0.39,UPI,Home Office,1037.64
ORD103801,2025-07-08 21:51:48.861772,Smartphone,Electronics,South,Mumbai,9788.23,6,0.33,Debit Card,Corporate,615.28
ORD103802,2025-07-09 01:22:05.785157,Mixer,Home & Kitchen,North,Mumbai,29582.62,9,0.07,Credit Card,Corporate,5664.54
ORD103803,2025-07-09 04:52:22.708541,Cookware Set,Home & Kitchen,North,Jaipur,37106.07,9,0.29,Credit Card,Consumer,7612.56
ORD103804,2025-07-09 08:22:39.631926,Cookware Set,Home & Kitchen,North,Ahmedabad,16093.15,4,0.19,Credit Card,Consumer,2934.62
ORD103805,2025-07-09 11:52:56.555311,Bookshelf,Furniture,North,Mumbai,5414.32,9,0.07,Debit Card,Home Office,407.21
ORD103806,2025-07-09 15:23:13.478695,Dress,Clothing,West,Ahmedabad,35893.97,6,0.28,UPI,Consumer,3858.59
ORD103807,2025-07-09 18:53:30.402080,Laptop,Electronics,North,Hyderabad,15124.95,5,0.22,Net Banking,Corporate,3289.63
ORD103808,2025-07-09 22:23:47.325465,Exam Guide,Books,South,Lucknow,8484.86,9,0.01,Credit Card,Consumer,1752.29
ORD103809,2025-07-10 01:54:04.248849,Shoes,Clothing,West,Pune,7556.63,7,0.26,UPI,Consumer,485.31
ORD103810,2025-07-10 05:24:21.172234,Bookshelf,Furniture,South,Delhi,15882.5,9,0.25,Cash on Delivery,Corporate,2753.41
ORD103811,2025-07-10 08:54:38.095619,Jacket,Clothing,South,Kolkata,29715.37,5,0.06,Cash on Delivery,Home Office,3865.28
ORD103812,2025-07-10 12:24:55.019003,Shoes,Clothing,East,Ahmedabad,18048.43,4,0.14,UPI,Home Office,2675.68
ORD103813,2025-07-10 15:55:11.942388,Office Chair,Furniture,North,Jaipur,1228.96,3,0.23,Cash on Delivery,Consumer,145.5
ORD103814,2025-07-10 19:25:28.865773,Coffee Maker,Home & Kitchen,North,Mumbai,5026.04,5,0.06,Cash on Delivery,Corporate,1093.36
ORD103815,2025-07-10 22:55:45.789157,Mixer,Home & Kitchen,South,Chennai,14667.06,9,0.34,Credit Card,Corporate,1011.36
ORD103816,2025-07-11 02:26:02.712542,Smartphone,Electronics,North,Mumbai,33053.28,3,0.01,Debit Card,Consumer,4813.27
ORD103817,2025-07-11 05:56:19.635927,Headphones,Electronics,West,Bengaluru,5106.05,1,0.04,Debit Card,Home Office,1157.5
ORD103818,2025-07-11 09:26:36.559311,Mixer,Home & Kitchen,East,Pune,28120.71,2,0.05,Debit Card,Home Office,6042.74
ORD103819,2025-07-11 12:56:53.482696,Exam Guide,Books,North,Bengaluru,6170.32,5,0.21,Debit Card,Home Office,489.58
ORD103820,2025-07-11 16:27:10.406081,Dress,Clothing,North,Mumbai,10738.44,3,0.25,UPI,Corporate,1108.74
ORD103821,2025-07-11 19:57:27.329465,Data Science Book,Books,West,Chennai,8774.99,6,0.16,Credit Card,Corporate,395.02
ORD103822,2025-07-11 23:27:44.252850,Shoes,Clothing,East,Bengaluru,3547.99,8,0.12,UPI,Corporate,569.94
ORD103823,2025-07-12 02:58:01.176235,Coffee Maker,Home & Kitchen,West,Delhi,33632.22,6,0.32,Cash on Delivery,Home Office,2749.77
ORD103824,2025-07-12 06:28:18.099619,Laptop,Electronics,South,Bengaluru,23277.5,9,0.03,Credit Card,Consumer,1195.94
ORD103825,2025-07-12 09:58:35.023004,Smartwatch,Electronics,South,Chennai,41586.46,6,0.11,Net Banking,Corporate,5780.39
ORD103826,2025-07-12 13:28:51.946389,Data Science Book,Books,North,Bengaluru,5124.76,5,0.02,Debit Card,Corporate,1414.86
ORD103827,2025-07-12 16:59:08.869773,Laptop,Electronics,East,Ahmedabad,7407.7,4,0.01,Cash on Delivery,Consumer,2059.65
ORD103828,2025-07-12 20:29:25.793158,Cookware Set,Home & Kitchen,South,Hyderabad,15461.6,2,0.14,Debit Card,Home Office,1901.81
ORD103829,2025-07-12 23:59:42.716543,Business Book,Books,West,Kolkata,38340.13,6,0.08,Debit Card,Corporate,5724.6
ORD103830,2025-07-13 03:29:59.639927,Shoes,Clothing,South,Mumbai,15426.79,2,0.11,Debit Card,Home Office,1519.49
ORD103831,2025-07-13 07:00:16.563312,Laptop,Electronics,South,Ahmedabad,20539.25,5,0.33,Net Banking,Corporate,923.07
ORD103832,2025-07-13 10:30:33.486697,Table,Furniture,West,Kolkata,15219.86,1,0.07,Cash on Delivery,Corporate,3163.26
ORD103833,2025-07-13 14:00:50.410082,Smartwatch,Electronics,North,Hyderabad,4195.17,3,0.31,Debit Card,Consumer,723.7
ORD103834,2025-07-13 17:31:07.333466,Jacket,Clothing,East,Ahmedabad,46983.79,5,0.27,Debit Card,Consumer,9261.4
ORD103835,2025-07-13 21:01:24.256851,Business Book,Books,North,Jaipur,27517.24,7,0.13,Credit Card,Consumer,6794.69
ORD103836,2025-07-14 00:31:41.180236,Jeans,Clothing,West,Ahmedabad,39434.09,8,0.22,Debit Card,Consumer,8581.36
ORD103837,2025-07-14 04:01:58.103620,Sofa,Furniture,South,Delhi,32986.18,7,0.18,Credit Card,Home Office,1537.6
ORD103838,2025-07-14 07:32:15.027005,Dinner Set,Home & Kitchen,East,Chennai,25809.86,7,0.05,Cash on Delivery,Home Office,7221.54
ORD103839,2025-07-14 11:02:31.950390,Smartwatch,Electronics,North,Mumbai,4665.98,2,0.36,Cash on Delivery,Home Office,432.63
ORD103840,2025-07-14 14:32:48.873774,Programming Book,Books,West,Pune,32208.13,6,0.23,Cash on Delivery,Consumer,6733.94
ORD103841,2025-07-14 18:03:05.797159,Coffee Maker,Home & Kitchen,South,Kolkata,7937.44,5,0.35,Credit Card,Corporate,826.47
ORD103842,2025-07-14 21:33:22.720544,Dress,Clothing,South,Bengaluru,20836.28,9,0.33,Net Banking,Home Office,2171.49
ORD103843,2025-07-15 01:03:39.643928,Programming Book,Books,North,Mumbai,31529.83,4,0.03,Net Banking,Consumer,1614.76
ORD103844,2025-07-15 04:33:56.567313,Air Fryer,Home & Kitchen,West,Pune,39155.0,7,0.08,Debit Card,Consumer,2273.4
ORD103845,2025-07-15 08:04:13.490698,Programming Book,Books,South,Hyderabad,34315.25,8,0.06,Cash on Delivery,Consumer,7026.07
ORD103846,2025-07-15 11:34:30.414082,Desk,Furniture,South,Ahmedabad,33642.37,6,0.33,UPI,Home Office,6410.72
ORD103847,2025-07-15 15:04:47.337467,Office Chair,Furniture,East,Pune,7622.3,3,0.34,Debit Card,Corporate,533.76
ORD103848,2025-07-15 18:35:04.260852,Headphones,Electronics,South,Jaipur,17437.2,5,0.21,Net Banking,Home Office,1012.21
ORD103849,2025-07-15 22:05:21.184236,Smartwatch,Electronics,North,Mumbai,2337.03,1,0.04,Net Banking,Consumer,232.13
ORD103850,2025-07-16 01:35:38.107621,Office Chair,Furniture,West,Mumbai,36029.95,8,0.05,Cash on Delivery,Consumer,3528.27
ORD103851,2025-07-16 05:05:55.031006,Programming Book,Books,West,Mumbai,47638.78,2,0.33,Credit Card,Consumer,3934.97
ORD103852,2025-07-16 08:36:11.954390,Office Chair,Furniture,East,Chennai,13352.7,7,0.37,Debit Card,Home Office,619.86
ORD103853,2025-07-16 12:06:28.877775,Laptop,Electronics,West,Hyderabad,4567.3,9,0.08,Credit Card,Corporate,457.51
ORD103854,2025-07-16 15:36:45.801160,Bookshelf,Furniture,North,Chennai,23883.39,1,0.0,Net Banking,Home Office,6694.96
ORD103855,2025-07-16 19:07:02.724544,Table,Furniture,South,Mumbai,42863.57,4,0.13,Cash on Delivery,Consumer,10163.92
ORD103856,2025-07-16 22:37:19.647929,Exam Guide,Books,East,Jaipur,27688.31,7,0.01,Net Banking,Consumer,3538.16
ORD103857,2025-07-17 02:07:36.571314,Mixer,Home & Kitchen,West,Bengaluru,2529.5,9,0.33,Cash on Delivery,Consumer,507.11
ORD103858,2025-07-17 05:37:53.494698,Headphones,Electronics,East,Jaipur,48718.76,2,0.2,UPI,Home Office,4855.83
ORD103859,2025-07-17 09:08:10.418083,Data Science Book,Books,East,Kolkata,41466.77,2,0.26,Credit Card,Home Office,7071.68
ORD103860,2025-07-17 12:38:27.341468,Office Chair,Furniture,West,Hyderabad,6753.39,6,0.16,Debit Card,Home Office,1196.98
ORD103861,2025-07-17 16:08:44.264852,Desk,Furniture,East,Ahmedabad,46105.53,3,0.14,Cash on Delivery,Consumer,2622.44
ORD103862,2025-07-17 19:39:01.188237,Mixer,Home & Kitchen,West,Mumbai,22644.28,4,0.09,UPI,Home Office,2793.68
ORD103863,2025-07-17 23:09:18.111622,Smartphone,Electronics,North,Pune,18720.52,3,0.31,UPI,Corporate,3718.53
ORD103864,2025-07-18 02:39:35.035007,Laptop,Electronics,West,Bengaluru,23160.46,1,0.28,Credit Card,Corporate,1045.83
ORD103865,2025-07-18 06:09:51.958391,Jeans,Clothing,South,Ahmedabad,41761.68,6,0.14,Cash on Delivery,Corporate,3366.0
ORD103866,2025-07-18 09:40:08.881776,Smartphone,Electronics,West,Lucknow,33042.09,2,0.13,Debit Card,Home Office,8415.18
ORD103867,2025-07-18 13:10:25.805161,Mixer,Home & Kitchen,South,Jaipur,3150.57,2,0.0,Debit Card,Consumer,188.87
ORD103868,2025-07-18 16:40:42.728545,Jeans,Clothing,East,Bengaluru,47888.7,7,0.03,Debit Card,Consumer,7509.06
ORD103869,2025-07-18 20:10:59.651930,Shoes,Clothing,West,Lucknow,7559.65,5,0.25,Net Banking,Consumer,1585.19
ORD103870,2025-07-18 23:41:16.575315,Table,Furniture,South,Chennai,37329.28,8,0.21,Net Banking,Consumer,8431.81
ORD103871,2025-07-19 03:11:33.498699,Bookshelf,Furniture,West,Lucknow,31879.6,2,0.17,Cash on Delivery,Consumer,7801.23
ORD103872,2025-07-19 06:41:50.422084,Smartphone,Electronics,West,Ahmedabad,9538.9,8,0.33,Debit Card,Home Office,1088.59
ORD103873,2025-07-19 10:12:07.345469,Jeans,Clothing,West,Hyderabad,8702.46,7,0.2,UPI,Corporate,498.62
ORD103874,2025-07-19 13:42:24.268853,Bookshelf,Furniture,North,Jaipur,43542.31,8,0.15,Debit Card,Home Office,9000.17
ORD103875,2025-07-19 17:12:41.192238,Cookware Set,Home & Kitchen,South,Bengaluru,21100.81,3,0.06,Cash on Delivery,Consumer,4507.37
ORD103876,2025-07-19 20:42:58.115623,Bookshelf,Furniture,North,Lucknow,32797.91,8,0.33,Debit Card,Home Office,4282.92
ORD103877,2025-07-20 00:13:15.039007,Office Chair,Furniture,North,Jaipur,25302.74,6,0.23,Credit Card,Home Office,5300.55
ORD103878,2025-07-20 03:43:31.962392,Shoes,Clothing,South,Bengaluru,36422.21,2,0.04,Debit Card,Home Office,9716.6
ORD103879,2025-07-20 07:13:48.885777,Shoes,Clothing,West,Bengaluru,24066.27,6,0.26,UPI,Consumer,3932.43
ORD103880,2025-07-20 10:44:05.809161,Exam Guide,Books,North,Ahmedabad,14511.52,5,0.17,Cash on Delivery,Consumer,939.78
ORD103881,2025-07-20 14:14:22.732546,Cookware Set,Home & Kitchen,North,Jaipur,18296.49,3,0.32,Cash on Delivery,Consumer,919.2
ORD103882,2025-07-20 17:44:39.655931,Dress,Clothing,North,Ahmedabad,42982.07,1,0.37,UPI,Home Office,4120.23
ORD103883,2025-07-20 21:14:56.579315,Laptop,Electronics,West,Lucknow,23508.13,7,0.24,Cash on Delivery,Home Office,2200.67
ORD103884,2025-07-21 00:45:13.502700,Coffee Maker,Home & Kitchen,North,Kolkata,10829.78,2,0.29,Debit Card,Corporate,640.09
ORD103885,2025-07-21 04:15:30.426085,Mixer,Home & Kitchen,East,Hyderabad,46743.35,1,0.02,Cash on Delivery,Corporate,9289.86
ORD103886,2025-07-21 07:45:47.349469,T-Shirt,Clothing,South,Kolkata,39870.7,1,0.22,Debit Card,Consumer,6869.26
ORD103887,2025-07-21 11:16:04.272854,Cookware Set,Home & Kitchen,East,Delhi,2972.17,7,0.3,Cash on Delivery,Corporate,467.06
ORD103888,2025-07-21 14:46:21.196239,T-Shirt,Clothing,West,Mumbai,49947.36,1,0.2,Debit Card,Consumer,3748.82
ORD103889,2025-07-21 18:16:38.119623,Sofa,Furniture,North,Kolkata,34807.35,9,0.24,Debit Card,Consumer,3345.35
ORD103890,2025-07-21 21:46:55.043008,Exam Guide,Books,South,Chennai,8181.28,6,0.36,UPI,Home Office,522.36
ORD103891,2025-07-22 01:17:11.966393,Sofa,Furniture,North,Hyderabad,12010.95,4,0.08,UPI,Corporate,2213.7
ORD103892,2025-07-22 04:47:28.889777,Jeans,Clothing,West,Mumbai,34683.78,4,0.04,Net Banking,Consumer,6385.27
ORD103893,2025-07-22 08:17:45.813162,Shoes,Clothing,South,Lucknow,39032.1,5,0.28,UPI,Consumer,4941.32
ORD103894,2025-07-22 11:48:02.736547,Bookshelf,Furniture,East,Ahmedabad,12103.99,2,0.33,Debit Card,Corporate,1005.71
ORD103895,2025-07-22 15:18:19.659931,Tablet,Electronics,South,Chennai,12997.05,5,0.34,Debit Card,Corporate,937.27
ORD103896,2025-07-22 18:48:36.583316,Headphones,Electronics,North,Mumbai,15494.61,2,0.26,Cash on Delivery,Corporate,3125.66
ORD103897,2025-07-22 22:18:53.506701,Headphones,Electronics,South,Mumbai,29981.31,4,0.33,Cash on Delivery,Corporate,1249.71
ORD103898,2025-07-23 01:49:10.430086,Jeans,Clothing,West,Bengaluru,8756.45,5,0.28,Net Banking,Corporate,1349.82
ORD103899,2025-07-23 05:19:27.353470,Mixer,Home & Kitchen,West,Delhi,5391.31,6,0.03,Debit Card,Corporate,287.07
ORD103900,2025-07-23 08:49:44.276855,Jacket,Clothing,South,Ahmedabad,34007.43,6,0.3,Net Banking,Corporate,2343.85
ORD103901,2025-07-23 12:20:01.200240,Coffee Maker,Home & Kitchen,West,Lucknow,38999.08,9,0.07,Debit Card,Consumer,4438.29
ORD103902,2025-07-23 15:50:18.123624,Office Chair,Furniture,West,Jaipur,25146.28,4,0.09,UPI,Home Office,6215.55
ORD103903,2025-07-23 19:20:35.047009,Business Book,Books,West,Kolkata,18318.87,5,0.16,Cash on Delivery,Consumer,1299.25
ORD103904,2025-07-23 22:50:51.970394,Coffee Maker,Home & Kitchen,East,Hyderabad,21715.73,6,0.13,Net Banking,Consumer,5374.06
ORD103905,2025-07-24 02:21:08.893778,Laptop,Electronics,North,Delhi,19542.71,4,0.13,Credit Card,Home Office,4316.24
ORD103906,2025-07-24 05:51:25.817163,T-Shirt,Clothing,West,Bengaluru,48007.25,6,0.07,Debit Card,Home Office,9811.64
ORD103907,2025-07-24 09:21:42.740548,Sofa,Furniture,South,Bengaluru,38450.88,2,0.12,UPI,Home Office,5174.88
ORD103908,2025-07-24 12:51:59.663932,Smartphone,Electronics,West,Mumbai,10562.74,7,0.01,Credit Card,Corporate,2889.45
ORD103909,2025-07-24 16:22:16.587317,Table,Furniture,East,Pune,19332.62,3,0.19,UPI,Corporate,2849.84
ORD103910,2025-07-24 19:52:33.510702,Exam Guide,Books,South,Kolkata,27291.81,4,0.31,UPI,Corporate,2689.15
ORD103911,2025-07-24 23:22:50.434086,Jeans,Clothing,North,Delhi,30726.7,9,0.34,Debit Card,Consumer,3983.04
ORD103912,2025-07-25 02:53:07.357471,T-Shirt,Clothing,South,Mumbai,23515.56,5,0.33,UPI,Home Office,1702.64
ORD103913,2025-07-25 06:23:24.280856,Business Book,Books,South,Delhi,40544.31,9,0.17,Net Banking,Home Office,3978.3
ORD103914,2025-07-25 09:53:41.204240,Dress,Clothing,South,Chennai,38426.78,6,0.29,Credit Card,Consumer,7634.57
ORD103915,2025-07-25 13:23:58.127625,Coffee Maker,Home & Kitchen,South,Ahmedabad,25356.86,8,0.12,UPI,Corporate,5544.63
ORD103916,2025-07-25 16:54:15.051010,Desk,Furniture,West,Hyderabad,42750.58,5,0.02,UPI,Home Office,7473.13
ORD103917,2025-07-25 20:24:31.974394,Smartwatch,Electronics,North,Kolkata,37604.26,5,0.27,Cash on Delivery,Consumer,4231.36
ORD103918,2025-07-25 23:54:48.897779,Novel,Books,West,Bengaluru,38973.38,3,0.26,Cash on Delivery,Corporate,7264.66
ORD103919,2025-07-26 03:25:05.821164,Mixer,Home & Kitchen,East,Pune,47828.76,7,0.32,Net Banking,Consumer,6265.96
ORD103920,2025-07-26 06:55:22.744548,Smartphone,Electronics,East,Lucknow,13470.05,2,0.25,Cash on Delivery,Corporate,1553.35
ORD103921,2025-07-26 10:25:39.667933,Smartphone,Electronics,South,Jaipur,13528.88,3,0.06,UPI,Consumer,2274.62
ORD103922,2025-07-26 13:55:56.591318,Exam Guide,Books,West,Ahmedabad,44469.82,2,0.34,UPI,Corporate,3175.01
ORD103923,2025-07-26 17:26:13.514702,Coffee Maker,Home & Kitchen,West,Kolkata,38656.87,8,0.25,Credit Card,Consumer,2913.54
ORD103924,2025-07-26 20:56:30.438087,Tablet,Electronics,North,Chennai,46341.97,4,0.32,Cash on Delivery,Consumer,9367.82
ORD103925,2025-07-27 00:26:47.361472,Headphones,Electronics,North,Kolkata,3343.88,8,0.31,Debit Card,Consumer,674.64
ORD103926,2025-07-27 03:57:04.284856,Cookware Set,Home & Kitchen,North,Lucknow,31462.3,8,0.12,Cash on Delivery,Consumer,4297.18
ORD103927,2025-07-27 07:27:21.208241,Jacket,Clothing,West,Hyderabad,7402.49,8,0.03,UPI,Home Office,1283.97
ORD103928,2025-07-27 10:57:38.131626,Tablet,Electronics,North,Hyderabad,25294.08,8,0.07,Credit Card,Home Office,6040.8
ORD103929,2025-07-27 14:27:55.055011,Sofa,Furniture,North,Delhi,7956.2,8,0.04,Cash on Delivery,Home Office,1767.87
ORD103930,2025-07-27 17:58:11.978395,Dinner Set,Home & Kitchen,North,Mumbai,6578.31,9,0.1,Credit Card,Home Office,443.37
ORD103931,2025-07-27 21:28:28.901780,Smartwatch,Electronics,South,Hyderabad,805.98,2,0.18,Cash on Delivery,Consumer,94.94
ORD103932,2025-07-28 00:58:45.825165,Business Book,Books,East,Pune,31585.89,9,0.36,Net Banking,Home Office,2274.95
ORD103933,2025-07-28 04:29:02.748549,Office Chair,Furniture,East,Jaipur,18079.33,8,0.35,UPI,Home Office,3503.82
ORD103934,2025-07-28 07:59:19.671934,Smartphone,Electronics,West,Chennai,5438.38,1,0.29,UPI,Consumer,915.79
ORD103935,2025-07-28 11:29:36.595319,Table,Furniture,West,Lucknow,16277.32,5,0.01,Debit Card,Home Office,998.16
ORD103936,2025-07-28 14:59:53.518703,Sofa,Furniture,South,Bengaluru,8613.42,2,0.14,UPI,Home Office,2037.14
ORD103937,2025-07-28 18:30:10.442088,Dress,Clothing,East,Hyderabad,47096.4,5,0.27,Debit Card,Corporate,9694.91
ORD103938,2025-07-28 22:00:27.365473,Table,Furniture,North,Bengaluru,16136.24,8,0.05,UPI,Home Office,2043.68
ORD103939,2025-07-29 01:30:44.288857,Shoes,Clothing,North,Hyderabad,16830.89,9,0.32,Cash on Delivery,Corporate,2409.11
ORD103940,2025-07-29 05:01:01.212242,Air Fryer,Home & Kitchen,West,Pune,42024.93,9,0.37,Cash on Delivery,Home Office,5838.15
ORD103941,2025-07-29 08:31:18.135627,Jeans,Clothing,East,Bengaluru,32458.24,1,0.14,Net Banking,Consumer,6486.87
ORD103942,2025-07-29 12:01:35.059011,Novel,Books,West,Mumbai,35566.55,7,0.28,Cash on Delivery,Home Office,5720.21
ORD103943,2025-07-29 15:31:51.982396,Laptop,Electronics,West,Chennai,31872.89,8,0.06,Credit Card,Consumer,5690.39
ORD103944,2025-07-29 19:02:08.905781,Mixer,Home & Kitchen,North,Jaipur,47320.57,3,0.28,Cash on Delivery,Home Office,9828.1
ORD103945,2025-07-29 22:32:25.829165,Mixer,Home & Kitchen,North,Pune,10508.64,6,0.01,Debit Card,Home Office,1852.81
ORD103946,2025-07-30 02:02:42.752550,Novel,Books,East,Mumbai,49454.15,3,0.06,Net Banking,Consumer,3613.35
ORD103947,2025-07-30 05:32:59.675935,Jacket,Clothing,West,Jaipur,41581.62,9,0.28,Credit Card,Consumer,2098.9
ORD103948,2025-07-30 09:03:16.599319,Smartphone,Electronics,South,Mumbai,29530.83,3,0.28,Credit Card,Consumer,1160.79
ORD103949,2025-07-30 12:33:33.522704,Jeans,Clothing,East,Mumbai,33186.11,2,0.26,UPI,Consumer,3855.09
ORD103950,2025-07-30 16:03:50.446089,Desk,Furniture,West,Mumbai,32511.53,9,0.19,Debit Card,Corporate,3115.59
ORD103951,2025-07-30 19:34:07.369473,Jeans,Clothing,East,Delhi,3108.13,8,0.27,Cash on Delivery,Corporate,621.25
ORD103952,2025-07-30 23:04:24.292858,Air Fryer,Home & Kitchen,East,Jaipur,11057.22,8,0.31,Cash on Delivery,Consumer,2035.45
ORD103953,2025-07-31 02:34:41.216243,Laptop,Electronics,East,Mumbai,48081.25,2,0.39,UPI,Corporate,7609.87
ORD103954,2025-07-31 06:04:58.139627,Dress,Clothing,South,Ahmedabad,26811.35,6,0.36,Cash on Delivery,Home Office,4578.43
ORD103955,2025-07-31 09:35:15.063012,Laptop,Electronics,South,Ahmedabad,19042.01,5,0.32,Credit Card,Home Office,1610.82
ORD103956,2025-07-31 13:05:31.986397,Laptop,Electronics,North,Hyderabad,38149.52,2,0.28,Cash on Delivery,Home Office,4299.5
ORD103957,2025-07-31 16:35:48.909781,Table,Furniture,North,Chennai,26321.04,5,0.23,Cash on Delivery,Corporate,2592.87
ORD103958,2025-07-31 20:06:05.833166,Desk,Furniture,West,Bengaluru,855.51,4,0.05,Credit Card,Corporate,58.13
ORD103959,2025-07-31 23:36:22.756551,Air Fryer,Home & Kitchen,East,Hyderabad,36864.63,9,0.07,Debit Card,Home Office,9634.23
ORD103960,2025-08-01 03:06:39.679935,Data Science Book,Books,West,Delhi,36664.43,1,0.33,Debit Card,Consumer,5010.84
ORD103961,2025-08-01 06:36:56.603320,Laptop,Electronics,North,Ahmedabad,8424.41,6,0.32,Credit Card,Home Office,476.26
ORD103962,2025-08-01 10:07:13.526705,Exam Guide,Books,South,Jaipur,47841.67,7,0.25,Credit Card,Corporate,3642.48
ORD103963,2025-08-01 13:37:30.450090,Coffee Maker,Home & Kitchen,North,Chennai,11350.62,6,0.18,Net Banking,Home Office,1514.22
ORD103964,2025-08-01 17:07:47.373474,Smartphone,Electronics,West,Chennai,22995.92,5,0.01,Net Banking,Home Office,1433.65
ORD103965,2025-08-01 20:38:04.296859,Laptop,Electronics,North,Bengaluru,5913.85,4,0.13,Cash on Delivery,Corporate,607.11
ORD103966,2025-08-02 00:08:21.220244,Data Science Book,Books,West,Jaipur,30243.46,5,0.17,Cash on Delivery,Corporate,5669.59
ORD103967,2025-08-02 03:38:38.143628,Dress,Clothing,West,Lucknow,18897.47,9,0.19,Net Banking,Corporate,4287.5
ORD103968,2025-08-02 07:08:55.067013,Table,Furniture,West,Bengaluru,17788.04,5,0.37,Cash on Delivery,Corporate,3162.27
ORD103969,2025-08-02 10:39:11.990398,T-Shirt,Clothing,West,Chennai,41383.45,8,0.04,Debit Card,Home Office,7151.35
ORD103970,2025-08-02 14:09:28.913782,Business Book,Books,North,Delhi,676.17,7,0.21,Debit Card,Corporate,68.4
ORD103971,2025-08-02 17:39:45.837167,Bookshelf,Furniture,West,Pune,39937.75,4,0.15,UPI,Consumer,9511.51
ORD103972,2025-08-02 21:10:02.760552,T-Shirt,Clothing,West,Pune,28658.14,5,0.4,Net Banking,Corporate,4241.27
ORD103973,2025-08-03 00:40:19.683936,Sofa,Furniture,East,Ahmedabad,49307.71,7,0.34,Debit Card,Corporate,6403.76
ORD103974,2025-08-03 04:10:36.607321,Tablet,Electronics,West,Chennai,29554.27,6,0.18,UPI,Home Office,6267.97
ORD103975,2025-08-03 07:40:53.530706,Jeans,Clothing,North,Delhi,2957.88,3,0.4,Credit Card,Consumer,292.31
ORD103976,2025-08-03 11:11:10.454090,Bookshelf,Furniture,West,Bengaluru,2722.14,3,0.21,Debit Card,Consumer,167.84
ORD103977,2025-08-03 14:41:27.377475,Bookshelf,Furniture,South,Delhi,44181.02,2,0.07,UPI,Consumer,11692.08
ORD103978,2025-08-03 18:11:44.300860,Sofa,Furniture,South,Kolkata,42092.46,3,0.22,Cash on Delivery,Corporate,6024.75
ORD103979,2025-08-03 21:42:01.224244,T-Shirt,Clothing,West,Bengaluru,17425.33,1,0.09,UPI,Home Office,3549.17
ORD103980,2025-08-04 01:12:18.147629,Dinner Set,Home & Kitchen,South,Mumbai,30978.02,9,0.25,Debit Card,Home Office,3440.26
ORD103981,2025-08-04 04:42:35.071014,Shoes,Clothing,South,Bengaluru,24581.65,2,0.37,Cash on Delivery,Corporate,1299.86
ORD103982,2025-08-04 08:12:51.994398,Novel,Books,North,Ahmedabad,48364.77,3,0.31,Cash on Delivery,Consumer,3936.87
ORD103983,2025-08-04 11:43:08.917783,Jeans,Clothing,East,Pune,47508.05,5,0.11,UPI,Consumer,2575.75
ORD103984,2025-08-04 15:13:25.841168,Desk,Furniture,South,Bengaluru,49195.18,4,0.12,UPI,Home Office,3112.46
ORD103985,2025-08-04 18:43:42.764552,Smartwatch,Electronics,South,Mumbai,43349.15,5,0.03,Debit Card,Corporate,4256.58
ORD103986,2025-08-04 22:13:59.687937,Dress,Clothing,East,Kolkata,45495.67,6,0.11,Cash on Delivery,Consumer,7703.55
ORD103987,2025-08-05 01:44:16.611322,Jacket,Clothing,East,Delhi,11020.48,5,0.04,Net Banking,Corporate,3155.08
ORD103988,2025-08-05 05:14:33.534706,Office Chair,Furniture,South,Jaipur,41584.14,1,0.2,UPI,Home Office,8680.47
ORD103989,2025-08-05 08:44:50.458091,Headphones,Electronics,West,Pune,35501.08,6,0.28,Net Banking,Corporate,1826.75
ORD103990,2025-08-05 12:15:07.381476,Tablet,Electronics,South,Delhi,48146.77,9,0.3,Net Banking,Corporate,8782.46
ORD103991,2025-08-05 15:45:24.304860,Data Science Book,Books,West,Kolkata,28648.84,3,0.02,Cash on Delivery,Corporate,5168.14
ORD103992,2025-08-05 19:15:41.228245,Shoes,Clothing,West,Jaipur,4441.32,2,0.14,Debit Card,Corporate,821.51
ORD103993,2025-08-05 22:45:58.151630,Smartphone,Electronics,West,Chennai,29950.46,6,0.12,Net Banking,Consumer,2172.86
ORD103994,2025-08-06 02:16:15.075015,Tablet,Electronics,East,Hyderabad,34391.73,3,0.04,Debit Card,Home Office,4914.77
ORD103995,2025-08-06 05:46:31.998399,Dinner Set,Home & Kitchen,South,Ahmedabad,11171.99,4,0.14,UPI,Consumer,2604.04
ORD103996,2025-08-06 09:16:48.921784,Air Fryer,Home & Kitchen,South,Delhi,19826.85,6,0.12,Cash on Delivery,Consumer,2727.79
ORD103997,2025-08-06 12:47:05.845169,Smartwatch,Electronics,North,Lucknow,30005.47,6,0.25,Credit Card,Consumer,1840.35
ORD103998,2025-08-06 16:17:22.768553,Data Science Book,Books,East,Jaipur,18830.47,2,0.35,Cash on Delivery,Consumer,1563.87
ORD103999,2025-08-06 19:47:39.691938,Headphones,Electronics,North,Chennai,18872.4,3,0.18,Credit Card,Home Office,1630.79
ORD104000,2025-08-06 23:17:56.615323,Table,Furniture,North,Lucknow,6827.71,9,0.3,UPI,Home Office,1059.71
ORD104001,2025-08-07 02:48:13.538707,Jacket,Clothing,West,Hyderabad,47049.19,2,0.06,Debit Card,Consumer,12284.14
ORD104002,2025-08-07 06:18:30.462092,Novel,Books,East,Hyderabad,37574.62,3,0.36,UPI,Corporate,5612.08
ORD104003,2025-08-07 09:48:47.385477,Bookshelf,Furniture,North,Pune,261.92,9,0.06,Cash on Delivery,Corporate,64.24
ORD104004,2025-08-07 13:19:04.308861,Novel,Books,South,Lucknow,38327.54,4,0.08,Credit Card,Corporate,8866.62
ORD104005,2025-08-07 16:49:21.232246,Table,Furniture,North,Pune,37041.79,1,0.04,Credit Card,Corporate,1907.84
ORD104006,2025-08-07 20:19:38.155631,Shoes,Clothing,East,Pune,684.6,2,0.12,Cash on Delivery,Corporate,48.85
ORD104007,2025-08-07 23:49:55.079015,Jeans,Clothing,South,Pune,18606.29,3,0.22,Cash on Delivery,Home Office,2261.76
ORD104008,2025-08-08 03:20:12.002400,Coffee Maker,Home & Kitchen,South,Pune,30416.03,9,0.4,UPI,Corporate,1423.88
ORD104009,2025-08-08 06:50:28.925785,Sofa,Furniture,South,Chennai,22746.98,9,0.32,Net Banking,Home Office,3615.38
ORD104010,2025-08-08 10:20:45.849169,Cookware Set,Home & Kitchen,West,Ahmedabad,38943.71,6,0.15,Credit Card,Corporate,2235.95
ORD104011,2025-08-08 13:51:02.772554,Table,Furniture,South,Bengaluru,21387.82,6,0.23,Cash on Delivery,Corporate,2537.16
ORD104012,2025-08-08 17:21:19.695939,Mixer,Home & Kitchen,West,Chennai,7862.38,3,0.25,UPI,Consumer,873.15
ORD104013,2025-08-08 20:51:36.619323,Shoes,Clothing,West,Kolkata,48825.5,5,0.33,Net Banking,Consumer,6080.1
ORD104014,2025-08-09 00:21:53.542708,Business Book,Books,North,Pune,12253.59,4,0.29,Debit Card,Consumer,1803.91
ORD104015,2025-08-09 03:52:10.466093,Dinner Set,Home & Kitchen,North,Jaipur,35941.08,9,0.23,Cash on Delivery,Home Office,7935.4
ORD104016,2025-08-09 07:22:27.389477,Table,Furniture,South,Jaipur,7329.18,9,0.27,Net Banking,Home Office,630.25
ORD104017,2025-08-09 10:52:44.312862,Bookshelf,Furniture,East,Lucknow,16584.83,1,0.3,Debit Card,Consumer,2513.39
ORD104018,2025-08-09 14:23:01.236247,Dress,Clothing,South,Lucknow,22212.97,8,0.05,Debit Card,Consumer,1240.21
ORD104019,2025-08-09 17:53:18.159631,Sofa,Furniture,North,Kolkata,9773.15,9,0.08,UPI,Corporate,451.83
ORD104020,2025-08-09 21:23:35.083016,Smartphone,Electronics,South,Chennai,22607.99,5,0.28,Credit Card,Home Office,917.08
ORD104021,2025-08-10 00:53:52.006401,Programming Book,Books,North,Jaipur,8026.71,4,0.34,Cash on Delivery,Corporate,859.42
ORD104022,2025-08-10 04:24:08.929785,Air Fryer,Home & Kitchen,South,Mumbai,28038.53,4,0.16,Net Banking,Corporate,4445.59
ORD104023,2025-08-10 07:54:25.853170,Novel,Books,East,Mumbai,33252.92,2,0.39,Debit Card,Consumer,1045.71
ORD104024,2025-08-10 11:24:42.776555,T-Shirt,Clothing,South,Bengaluru,3309.23,9,0.09,Credit Card,Corporate,449.01
ORD104025,2025-08-10 14:54:59.699939,Mixer,Home & Kitchen,East,Mumbai,43582.38,5,0.17,Debit Card,Corporate,2178.15
ORD104026,2025-08-10 18:25:16.623324,Mixer,Home & Kitchen,East,Delhi,9420.02,3,0.15,Cash on Delivery,Consumer,1708.06
ORD104027,2025-08-10 21:55:33.546709,Smartphone,Electronics,South,Pune,11423.05,6,0.37,Cash on Delivery,Consumer,1495.49
ORD104028,2025-08-11 01:25:50.470094,Jacket,Clothing,East,Kolkata,33135.22,9,0.11,UPI,Corporate,7255.98
ORD104029,2025-08-11 04:56:07.393478,Bookshelf,Furniture,East,Lucknow,23543.8,9,0.19,Cash on Delivery,Corporate,3557.89
ORD104030,2025-08-11 08:26:24.316863,Laptop,Electronics,North,Delhi,25069.9,5,0.07,Cash on Delivery,Corporate,4796.77
ORD104031,2025-08-11 11:56:41.240248,Smartphone,Electronics,North,Ahmedabad,6582.12,8,0.21,Cash on Delivery,Home Office,623.23
ORD104032,2025-08-11 15:26:58.163632,Programming Book,Books,East,Pune,40325.64,4,0.34,Credit Card,Corporate,1899.33
ORD104033,2025-08-11 18:57:15.087017,Exam Guide,Books,West,Jaipur,30929.3,5,0.12,Net Banking,Consumer,6377.85
ORD104034,2025-08-11 22:27:32.010402,Data Science Book,Books,South,Pune,6942.03,7,0.32,Net Banking,Corporate,958.12
ORD104035,2025-08-12 01:57:48.933786,Smartwatch,Electronics,East,Lucknow,18825.17,7,0.36,Cash on Delivery,Home Office,3428.69
ORD104036,2025-08-12 05:28:05.857171,Office Chair,Furniture,South,Hyderabad,40558.41,7,0.03,Net Banking,Corporate,11696.53
ORD104037,2025-08-12 08:58:22.780556,Dinner Set,Home & Kitchen,North,Hyderabad,28504.08,8,0.3,Cash on Delivery,Home Office,5224.08
ORD104038,2025-08-12 12:28:39.703940,Data Science Book,Books,South,Delhi,5610.71,5,0.1,Net Banking,Home Office,1496.74
ORD104039,2025-08-12 15:58:56.627325,Desk,Furniture,East,Chennai,18764.3,1,0.07,Net Banking,Consumer,3697.15
ORD104040,2025-08-12 19:29:13.550710,Jacket,Clothing,East,Jaipur,12286.18,9,0.24,Debit Card,Corporate,681.52
ORD104041,2025-08-12 22:59:30.474094,Novel,Books,East,Lucknow,25969.78,9,0.28,Credit Card,Home Office,1354.84
ORD104042,2025-08-13 02:29:47.397479,Cookware Set,Home & Kitchen,East,Lucknow,42199.38,7,0.16,Debit Card,Corporate,8924.96
ORD104043,2025-08-13 06:00:04.320864,T-Shirt,Clothing,West,Lucknow,21926.1,6,0.02,Debit Card,Home Office,2346.77
ORD104044,2025-08-13 09:30:21.244248,T-Shirt,Clothing,West,Mumbai,21780.43,5,0.36,Net Banking,Consumer,909.51
ORD104045,2025-08-13 13:00:38.167633,Air Fryer,Home & Kitchen,West,Lucknow,45286.47,5,0.29,UPI,Consumer,5403.98
ORD104046,2025-08-13 16:30:55.091018,Exam Guide,Books,East,Hyderabad,28894.03,3,0.11,UPI,Corporate,3308.62
ORD104047,2025-08-13 20:01:12.014402,Headphones,Electronics,West,Ahmedabad,28396.32,1,0.2,Credit Card,Corporate,4476.11
ORD104048,2025-08-13 23:31:28.937787,Coffee Maker,Home & Kitchen,South,Kolkata,13243.11,6,0.01,Cash on Delivery,Corporate,2622.63
ORD104049,2025-08-14 03:01:45.861172,Cookware Set,Home & Kitchen,East,Pune,30464.59,8,0.14,Net Banking,Corporate,5773.73
ORD104050,2025-08-14 06:32:02.784556,Cookware Set,Home & Kitchen,North,Kolkata,28880.34,2,0.21,Credit Card,Corporate,4428.72
ORD104051,2025-08-14 10:02:19.707941,T-Shirt,Clothing,East,Hyderabad,19963.2,8,0.21,Debit Card,Home Office,2290.4
ORD104052,2025-08-14 13:32:36.631326,Table,Furniture,South,Hyderabad,49536.64,8,0.08,Net Banking,Corporate,2548.33
ORD104053,2025-08-14 17:02:53.554710,Laptop,Electronics,West,Ahmedabad,44118.17,8,0.31,Debit Card,Home Office,8410.15
ORD104054,2025-08-14 20:33:10.478095,Business Book,Books,East,Bengaluru,37529.4,3,0.12,Credit Card,Home Office,4350.51
ORD104055,2025-08-15 00:03:27.401480,Data Science Book,Books,West,Delhi,26959.81,8,0.23,UPI,Home Office,3669.94
ORD104056,2025-08-15 03:33:44.324864,Bookshelf,Furniture,East,Mumbai,23210.58,4,0.11,Credit Card,Corporate,3909.09
ORD104057,2025-08-15 07:04:01.248249,Dinner Set,Home & Kitchen,South,Chennai,9407.89,3,0.17,Net Banking,Consumer,1005.06
ORD104058,2025-08-15 10:34:18.171634,Laptop,Electronics,East,Lucknow,15425.73,9,0.08,Net Banking,Consumer,1804.05
ORD104059,2025-08-15 14:04:35.095019,Programming Book,Books,West,Lucknow,38743.25,8,0.25,Cash on Delivery,Corporate,3347.86
ORD104060,2025-08-15 17:34:52.018403,Business Book,Books,West,Ahmedabad,22796.7,2,0.17,UPI,Corporate,2097.2
ORD104061,2025-08-15 21:05:08.941788,Air Fryer,Home & Kitchen,South,Bengaluru,44137.02,8,0.01,Net Banking,Corporate,2516.82
ORD104062,2025-08-16 00:35:25.865173,Office Chair,Furniture,East,Lucknow,7565.97,3,0.01,UPI,Home Office,2168.28
ORD104063,2025-08-16 04:05:42.788557,Tablet,Electronics,North,Mumbai,25515.69,6,0.19,Net Banking,Consumer,4109.24
ORD104064,2025-08-16 07:35:59.711942,Bookshelf,Furniture,East,Delhi,32418.89,5,0.07,UPI,Consumer,2322.02
ORD104065,2025-08-16 11:06:16.635327,Sofa,Furniture,South,Mumbai,25939.05,8,0.23,Credit Card,Consumer,3954.46
ORD104066,2025-08-16 14:36:33.558711,Tablet,Electronics,North,Bengaluru,44483.5,9,0.16,UPI,Consumer,4037.86
ORD104067,2025-08-16 18:06:50.482096,Smartphone,Electronics,South,Hyderabad,49480.25,7,0.26,Debit Card,Home Office,4674.7
ORD104068,2025-08-16 21:37:07.405481,Business Book,Books,East,Mumbai,5968.57,6,0.38,Credit Card,Corporate,926.21
ORD104069,2025-08-17 01:07:24.328865,Exam Guide,Books,North,Kolkata,6671.75,6,0.21,Net Banking,Home Office,1430.73
ORD104070,2025-08-17 04:37:41.252250,Laptop,Electronics,South,Mumbai,6690.14,1,0.31,Net Banking,Corporate,1038.44
ORD104071,2025-08-17 08:07:58.175635,Jeans,Clothing,West,Hyderabad,34122.62,5,0.3,Cash on Delivery,Corporate,6763.16
ORD104072,2025-08-17 11:38:15.099019,Business Book,Books,North,Lucknow,18759.27,8,0.37,Debit Card,Consumer,3264.9
ORD104073,2025-08-17 15:08:32.022404,T-Shirt,Clothing,North,Pune,36719.07,6,0.09,Cash on Delivery,Consumer,6274.97
ORD104074,2025-08-17 18:38:48.945789,Smartphone,Electronics,South,Pune,20392.48,1,0.33,Credit Card,Corporate,3784.12
ORD104075,2025-08-17 22:09:05.869173,Data Science Book,Books,West,Pune,31454.81,5,0.36,Cash on Delivery,Corporate,3749.4
ORD104076,2025-08-18 01:39:22.792558,Office Chair,Furniture,North,Lucknow,38538.93,5,0.16,Credit Card,Consumer,2462.54
ORD104077,2025-08-18 05:09:39.715943,Tablet,Electronics,South,Ahmedabad,27501.15,3,0.13,Cash on Delivery,Consumer,6157.69
ORD104078,2025-08-18 08:39:56.639327,Coffee Maker,Home & Kitchen,North,Delhi,27067.28,8,0.38,UPI,Consumer,1389.54
ORD104079,2025-08-18 12:10:13.562712,Jeans,Clothing,North,Delhi,4594.07,9,0.25,Credit Card,Consumer,444.44
ORD104080,2025-08-18 15:40:30.486097,Laptop,Electronics,North,Lucknow,20656.93,6,0.15,Credit Card,Consumer,2545.06
ORD104081,2025-08-18 19:10:47.409481,Headphones,Electronics,West,Mumbai,27379.7,6,0.32,UPI,Home Office,4688.46
ORD104082,2025-08-18 22:41:04.332866,Business Book,Books,East,Chennai,23206.65,2,0.12,UPI,Home Office,1447.59
ORD104083,2025-08-19 02:11:21.256251,Business Book,Books,East,Delhi,45058.94,2,0.07,Debit Card,Home Office,6756.54
ORD104084,2025-08-19 05:41:38.179635,Programming Book,Books,West,Kolkata,45345.23,6,0.22,UPI,Consumer,5630.04
ORD104085,2025-08-19 09:11:55.103020,Air Fryer,Home & Kitchen,West,Kolkata,41131.49,8,0.23,Cash on Delivery,Corporate,6193.0
ORD104086,2025-08-19 12:42:12.026405,Novel,Books,South,Jaipur,18889.84,2,0.33,UPI,Corporate,1752.47
ORD104087,2025-08-19 16:12:28.949789,Laptop,Electronics,North,Kolkata,35921.5,9,0.18,UPI,Consumer,5722.95
ORD104088,2025-08-19 19:42:45.873174,Novel,Books,West,Delhi,19885.37,9,0.33,Credit Card,Home Office,3949.98
ORD104089,2025-08-19 23:13:02.796559,Sofa,Furniture,South,Chennai,11783.16,4,0.12,Credit Card,Corporate,703.94
ORD104090,2025-08-20 02:43:19.719943,Novel,Books,East,Hyderabad,17276.55,4,0.23,UPI,Consumer,3573.93
ORD104091,2025-08-20 06:13:36.643328,Air Fryer,Home & Kitchen,East,Pune,3734.04,4,0.08,Debit Card,Home Office,436.83
ORD104092,2025-08-20 09:43:53.566713,Table,Furniture,East,Mumbai,16722.52,5,0.15,Credit Card,Home Office,2365.65
ORD104093,2025-08-20 13:14:10.490098,Headphones,Electronics,East,Hyderabad,23144.96,8,0.34,Cash on Delivery,Home Office,3594.05
ORD104094,2025-08-20 16:44:27.413482,Smartphone,Electronics,South,Chennai,47782.95,2,0.09,Cash on Delivery,Home Office,12066.79
ORD104095,2025-08-20 20:14:44.336867,T-Shirt,Clothing,North,Ahmedabad,15807.85,5,0.32,UPI,Home Office,561.86
ORD104096,2025-08-20 23:45:01.260252,Sofa,Furniture,South,Pune,45142.19,2,0.11,UPI,Home Office,8659.98
ORD104097,2025-08-21 03:15:18.183636,Dress,Clothing,North,Jaipur,11597.14,8,0.01,Debit Card,Home Office,773.69
ORD104098,2025-08-21 06:45:35.107021,Office Chair,Furniture,East,Ahmedabad,9710.25,1,0.04,UPI,Home Office,1691.16
ORD104099,2025-08-21 10:15:52.030406,Office Chair,Furniture,West,Delhi,26045.97,7,0.3,Net Banking,Home Office,4329.05
ORD104100,2025-08-21 13:46:08.953790,Air Fryer,Home & Kitchen,West,Chennai,33691.07,3,0.1,Net Banking,Home Office,2801.25
ORD104101,2025-08-21 17:16:25.877175,Jeans,Clothing,West,Pune,2407.75,4,0.26,UPI,Consumer,429.3
ORD104102,2025-08-21 20:46:42.800560,Air Fryer,Home & Kitchen,North,Jaipur,11209.08,8,0.28,Net Banking,Corporate,1028.06
ORD104103,2025-08-22 00:16:59.723944,Desk,Furniture,East,Mumbai,22893.05,3,0.14,Cash on Delivery,Consumer,3989.54
ORD104104,2025-08-22 03:47:16.647329,Headphones,Electronics,South,Mumbai,16684.02,7,0.19,UPI,Corporate,2898.9
ORD104105,2025-08-22 07:17:33.570714,Office Chair,Furniture,West,Lucknow,35688.53,1,0.16,Cash on Delivery,Consumer,6362.76
ORD104106,2025-08-22 10:47:50.494098,Coffee Maker,Home & Kitchen,North,Delhi,25655.8,9,0.38,Cash on Delivery,Corporate,869.08
ORD104107,2025-08-22 14:18:07.417483,Jeans,Clothing,West,Kolkata,8185.88,6,0.13,Net Banking,Corporate,627.2
ORD104108,2025-08-22 17:48:24.340868,Dress,Clothing,South,Chennai,44744.38,3,0.07,Debit Card,Corporate,10987.75
ORD104109,2025-08-22 21:18:41.264252,Dinner Set,Home & Kitchen,East,Jaipur,14786.7,7,0.15,Cash on Delivery,Consumer,3581.58
ORD104110,2025-08-23 00:48:58.187637,T-Shirt,Clothing,South,Jaipur,36610.33,5,0.27,Net Banking,Corporate,5102.36
ORD104111,2025-08-23 04:19:15.111022,Data Science Book,Books,East,Kolkata,39039.81,8,0.28,Debit Card,Home Office,5600.45
ORD104112,2025-08-23 07:49:32.034406,Headphones,Electronics,East,Kolkata,48165.25,8,0.37,Net Banking,Corporate,7244.89
ORD104113,2025-08-23 11:19:48.957791,Laptop,Electronics,East,Ahmedabad,25025.67,9,0.35,Net Banking,Consumer,2464.83
ORD104114,2025-08-23 14:50:05.881176,Tablet,Electronics,West,Pune,30868.61,6,0.12,UPI,Consumer,3585.81
ORD104115,2025-08-23 18:20:22.804560,Dress,Clothing,South,Ahmedabad,16876.84,4,0.18,Credit Card,Home Office,3349.74
ORD104116,2025-08-23 21:50:39.727945,Jacket,Clothing,West,Bengaluru,33973.33,2,0.3,Debit Card,Corporate,1357.23
ORD104117,2025-08-24 01:20:56.651330,Desk,Furniture,South,Bengaluru,23276.5,3,0.37,Net Banking,Consumer,3978.93
ORD104118,2025-08-24 04:51:13.574714,Sofa,Furniture,North,Delhi,21995.09,5,0.13,Cash on Delivery,Corporate,3066.03
ORD104119,2025-08-24 08:21:30.498099,Smartphone,Electronics,North,Lucknow,42802.28,8,0.18,Cash on Delivery,Home Office,6179.23
ORD104120,2025-08-24 11:51:47.421484,Exam Guide,Books,South,Chennai,2698.41,2,0.36,Credit Card,Home Office,360.2
ORD104121,2025-08-24 15:22:04.344868,Desk,Furniture,South,Jaipur,44121.73,5,0.14,Debit Card,Consumer,4500.1
ORD104122,2025-08-24 18:52:21.268253,Sofa,Furniture,South,Pune,42633.08,9,0.19,UPI,Corporate,6884.0
ORD104123,2025-08-24 22:22:38.191638,Jeans,Clothing,South,Mumbai,25417.04,2,0.36,Debit Card,Home Office,3631.75
ORD104124,2025-08-25 01:52:55.115023,Novel,Books,East,Mumbai,24612.1,8,0.32,Cash on Delivery,Home Office,1330.24
ORD104125,2025-08-25 05:23:12.038407,Smartphone,Electronics,West,Hyderabad,18218.01,3,0.1,Cash on Delivery,Consumer,2953.25
ORD104126,2025-08-25 08:53:28.961792,Desk,Furniture,East,Kolkata,49709.85,8,0.13,UPI,Home Office,5724.03
ORD104127,2025-08-25 12:23:45.885177,Programming Book,Books,West,Delhi,5736.23,4,0.14,UPI,Consumer,934.04
ORD104128,2025-08-25 15:54:02.808561,Exam Guide,Books,West,Hyderabad,29592.72,4,0.37,Cash on Delivery,Home Office,1031.42
ORD104129,2025-08-25 19:24:19.731946,Smartwatch,Electronics,West,Hyderabad,34147.74,7,0.4,Net Banking,Home Office,4828.56
ORD104130,2025-08-25 22:54:36.655331,Exam Guide,Books,East,Lucknow,46729.63,5,0.31,Net Banking,Consumer,2969.66
ORD104131,2025-08-26 02:24:53.578715,Programming Book,Books,South,Chennai,39054.13,4,0.19,UPI,Consumer,7033.68
ORD104132,2025-08-26 05:55:10.502100,Programming Book,Books,East,Jaipur,32263.59,7,0.0,Net Banking,Corporate,7814.36
ORD104133,2025-08-26 09:25:27.425485,Office Chair,Furniture,East,Pune,6017.25,3,0.28,UPI,Home Office,1031.78
ORD104134,2025-08-26 12:55:44.348869,Laptop,Electronics,West,Mumbai,18811.93,9,0.16,Debit Card,Corporate,4019.65
ORD104135,2025-08-26 16:26:01.272254,Novel,Books,North,Mumbai,7114.31,5,0.25,Debit Card,Corporate,677.3
ORD104136,2025-08-26 19:56:18.195639,Exam Guide,Books,North,Mumbai,44084.39,3,0.24,Debit Card,Consumer,9775.78
ORD104137,2025-08-26 23:26:35.119023,Bookshelf,Furniture,East,Bengaluru,37531.13,2,0.19,UPI,Home Office,1701.03
ORD104138,2025-08-27 02:56:52.042408,Smartwatch,Electronics,West,Chennai,37925.33,7,0.38,UPI,Consumer,4004.38
ORD104139,2025-08-27 06:27:08.965793,T-Shirt,Clothing,East,Delhi,32682.37,7,0.01,Net Banking,Home Office,3804.08
ORD104140,2025-08-27 09:57:25.889177,Table,Furniture,East,Mumbai,25450.77,5,0.28,Net Banking,Consumer,4305.72
ORD104141,2025-08-27 13:27:42.812562,Laptop,Electronics,South,Lucknow,7668.56,4,0.16,Net Banking,Home Office,1618.81
ORD104142,2025-08-27 16:57:59.735947,Programming Book,Books,West,Mumbai,16618.81,2,0.29,Credit Card,Corporate,3015.89
ORD104143,2025-08-27 20:28:16.659331,Laptop,Electronics,North,Delhi,7018.41,2,0.27,UPI,Home Office,636.46
ORD104144,2025-08-27 23:58:33.582716,Laptop,Electronics,North,Bengaluru,36300.67,7,0.0,Debit Card,Home Office,4302.9
ORD104145,2025-08-28 03:28:50.506101,Laptop,Electronics,North,Lucknow,8179.39,7,0.11,Debit Card,Consumer,1595.95
ORD104146,2025-08-28 06:59:07.429485,Shoes,Clothing,East,Hyderabad,35165.25,4,0.08,Credit Card,Home Office,9124.76
ORD104147,2025-08-28 10:29:24.352870,Tablet,Electronics,West,Delhi,34674.32,4,0.07,Credit Card,Home Office,3661.7
ORD104148,2025-08-28 13:59:41.276255,T-Shirt,Clothing,South,Hyderabad,23073.36,4,0.29,Debit Card,Home Office,4548.48
ORD104149,2025-08-28 17:29:58.199639,Programming Book,Books,North,Kolkata,6934.39,2,0.1,UPI,Home Office,1234.87
ORD104150,2025-08-28 21:00:15.123024,T-Shirt,Clothing,West,Ahmedabad,15877.08,9,0.19,Debit Card,Corporate,3015.57
ORD104151,2025-08-29 00:30:32.046409,Programming Book,Books,North,Mumbai,16140.64,1,0.1,Debit Card,Consumer,2323.86
ORD104152,2025-08-29 04:00:48.969793,Novel,Books,South,Delhi,35079.18,8,0.23,Credit Card,Home Office,6799.05
ORD104153,2025-08-29 07:31:05.893178,Jeans,Clothing,West,Ahmedabad,5864.4,6,0.29,Credit Card,Consumer,1218.4
ORD104154,2025-08-29 11:01:22.816563,Bookshelf,Furniture,East,Pune,41487.62,7,0.13,Net Banking,Corporate,3343.91
ORD104155,2025-08-29 14:31:39.739947,Mixer,Home & Kitchen,East,Lucknow,38098.16,5,0.24,Credit Card,Corporate,4238.66
ORD104156,2025-08-29 18:01:56.663332,Headphones,Electronics,North,Chennai,9478.08,6,0.33,Debit Card,Home Office,1686.73
ORD104157,2025-08-29 21:32:13.586717,Coffee Maker,Home & Kitchen,North,Kolkata,36014.39,6,0.04,Net Banking,Consumer,3255.75
ORD104158,2025-08-30 01:02:30.510102,Headphones,Electronics,West,Pune,33491.96,9,0.28,Debit Card,Consumer,3695.28
ORD104159,2025-08-30 04:32:47.433486,Tablet,Electronics,South,Pune,37456.42,4,0.13,UPI,Consumer,2982.66
ORD104160,2025-08-30 08:03:04.356871,Novel,Books,North,Kolkata,9608.64,5,0.05,UPI,Corporate,1936.02
ORD104161,2025-08-30 11:33:21.280256,Smartphone,Electronics,West,Hyderabad,8048.0,4,0.22,Credit Card,Corporate,687.88
ORD104162,2025-08-30 15:03:38.203640,Laptop,Electronics,South,Delhi,11976.9,1,0.09,Net Banking,Home Office,1582.54
ORD104163,2025-08-30 18:33:55.127025,T-Shirt,Clothing,North,Jaipur,18420.41,6,0.33,Cash on Delivery,Consumer,2132.44
ORD104164,2025-08-30 22:04:12.050410,Coffee Maker,Home & Kitchen,North,Mumbai,39724.52,5,0.02,UPI,Consumer,4838.31
ORD104165,2025-08-31 01:34:28.973794,Shoes,Clothing,West,Lucknow,36948.61,4,0.04,UPI,Corporate,7802.67
ORD104166,2025-08-31 05:04:45.897179,Tablet,Electronics,North,Bengaluru,46287.49,6,0.21,UPI,Home Office,2845.37
ORD104167,2025-08-31 08:35:02.820564,Programming Book,Books,East,Delhi,3119.75,5,0.24,UPI,Home Office,640.05
ORD104168,2025-08-31 12:05:19.743948,T-Shirt,Clothing,South,Mumbai,775.5,3,0.29,Credit Card,Home Office,93.79
ORD104169,2025-08-31 15:35:36.667333,Shoes,Clothing,South,Delhi,35017.11,2,0.1,Net Banking,Corporate,6088.89
ORD104170,2025-08-31 19:05:53.590718,Sofa,Furniture,East,Pune,14108.52,6,0.34,UPI,Consumer,1913.84
ORD104171,2025-08-31 22:36:10.514102,Smartwatch,Electronics,West,Jaipur,16837.13,4,0.38,Credit Card,Home Office,677.71
ORD104172,2025-09-01 02:06:27.437487,Novel,Books,East,Bengaluru,27430.74,3,0.2,Net Banking,Home Office,5250.19
ORD104173,2025-09-01 05:36:44.360872,Jacket,Clothing,East,Delhi,5300.17,8,0.3,Net Banking,Consumer,1062.9
ORD104174,2025-09-01 09:07:01.284256,Jacket,Clothing,South,Mumbai,32206.18,9,0.21,Cash on Delivery,Home Office,4579.13
ORD104175,2025-09-01 12:37:18.207641,Programming Book,Books,West,Bengaluru,16392.34,7,0.03,Debit Card,Corporate,2348.79
ORD104176,2025-09-01 16:07:35.131026,Smartphone,Electronics,North,Bengaluru,31709.21,2,0.13,UPI,Home Office,6791.89
ORD104177,2025-09-01 19:37:52.054410,Sofa,Furniture,East,Chennai,41733.54,8,0.03,Credit Card,Consumer,9314.32
ORD104178,2025-09-01 23:08:08.977795,T-Shirt,Clothing,East,Lucknow,8721.34,5,0.4,Net Banking,Corporate,1113.25
ORD104179,2025-09-02 02:38:25.901180,Desk,Furniture,West,Pune,46557.48,7,0.09,Cash on Delivery,Home Office,12343.2
ORD104180,2025-09-02 06:08:42.824564,Dinner Set,Home & Kitchen,East,Chennai,26628.27,5,0.25,Debit Card,Consumer,3903.24
ORD104181,2025-09-02 09:38:59.747949,Smartphone,Electronics,West,Mumbai,46161.8,2,0.11,Net Banking,Consumer,4605.27
ORD104182,2025-09-02 13:09:16.671334,Mixer,Home & Kitchen,North,Mumbai,10544.96,4,0.26,Net Banking,Consumer,438.48
ORD104183,2025-09-02 16:39:33.594718,Air Fryer,Home & Kitchen,West,Hyderabad,30307.22,5,0.08,UPI,Consumer,4555.06
ORD104184,2025-09-02 20:09:50.518103,Coffee Maker,Home & Kitchen,North,Delhi,20313.58,6,0.31,Debit Card,Home Office,2986.62
ORD104185,2025-09-02 23:40:07.441488,Tablet,Electronics,West,Delhi,38756.27,5,0.04,Debit Card,Home Office,3461.45
ORD104186,2025-09-03 03:10:24.364872,Smartphone,Electronics,East,Hyderabad,30374.27,1,0.36,Credit Card,Corporate,1097.19
ORD104187,2025-09-03 06:40:41.288257,Programming Book,Books,North,Ahmedabad,24826.87,1,0.34,Cash on Delivery,Corporate,4543.31
ORD104188,2025-09-03 10:10:58.211642,Office Chair,Furniture,East,Kolkata,45666.67,3,0.27,Credit Card,Consumer,4183.31
ORD104189,2025-09-03 13:41:15.135027,Sofa,Furniture,North,Delhi,18980.43,9,0.03,Cash on Delivery,Consumer,3065.66
ORD104190,2025-09-03 17:11:32.058411,Programming Book,Books,West,Kolkata,11155.01,2,0.08,Credit Card,Corporate,746.79
ORD104191,2025-09-03 20:41:48.981796,Programming Book,Books,West,Delhi,30483.44,5,0.34,Cash on Delivery,Home Office,2925.38
ORD104192,2025-09-04 00:12:05.905181,Coffee Maker,Home & Kitchen,West,Lucknow,31276.62,9,0.05,UPI,Home Office,4633.51
ORD104193,2025-09-04 03:42:22.828565,Exam Guide,Books,South,Ahmedabad,22066.91,7,0.06,Cash on Delivery,Home Office,5718.53
ORD104194,2025-09-04 07:12:39.751950,Jacket,Clothing,South,Jaipur,24433.18,8,0.22,Credit Card,Consumer,5076.34
ORD104195,2025-09-04 10:42:56.675335,Bookshelf,Furniture,North,Ahmedabad,47985.76,2,0.11,Debit Card,Corporate,4153.31
ORD104196,2025-09-04 14:13:13.598719,Novel,Books,South,Mumbai,36687.75,5,0.09,Net Banking,Corporate,6310.45
ORD104197,2025-09-04 17:43:30.522104,Dress,Clothing,West,Hyderabad,5707.97,9,0.23,Cash on Delivery,Corporate,1023.24
ORD104198,2025-09-04 21:13:47.445489,Jeans,Clothing,South,Mumbai,10764.08,1,0.15,Cash on Delivery,Home Office,1125.04
ORD104199,2025-09-05 00:44:04.368873,Jacket,Clothing,South,Jaipur,48783.72,1,0.06,Debit Card,Corporate,6814.68
ORD104200,2025-09-05 04:14:21.292258,Shoes,Clothing,East,Chennai,36377.98,8,0.21,UPI,Corporate,8512.96
ORD104201,2025-09-05 07:44:38.215643,Mixer,Home & Kitchen,North,Mumbai,45769.25,2,0.15,Credit Card,Home Office,9334.32
ORD104202,2025-09-05 11:14:55.139027,Jacket,Clothing,North,Mumbai,15332.3,9,0.29,UPI,Consumer,1734.07
ORD104203,2025-09-05 14:45:12.062412,Dinner Set,Home & Kitchen,North,Mumbai,37144.97,9,0.04,Cash on Delivery,Consumer,6544.19
ORD104204,2025-09-05 18:15:28.985797,Air Fryer,Home & Kitchen,South,Bengaluru,35757.33,4,0.25,Cash on Delivery,Home Office,5536.46
ORD104205,2025-09-05 21:45:45.909181,Dress,Clothing,West,Kolkata,14875.56,2,0.17,UPI,Corporate,2157.1
ORD104206,2025-09-06 01:16:02.832566,Table,Furniture,East,Ahmedabad,27630.65,3,0.16,Credit Card,Consumer,3548.89
ORD104207,2025-09-06 04:46:19.755951,Dress,Clothing,North,Chennai,31445.27,1,0.09,Cash on Delivery,Consumer,4001.48
ORD104208,2025-09-06 08:16:36.679335,Jeans,Clothing,South,Ahmedabad,24160.36,3,0.01,Cash on Delivery,Consumer,2206.4
ORD104209,2025-09-06 11:46:53.602720,Shoes,Clothing,West,Lucknow,41393.5,5,0.34,UPI,Home Office,8015.75
ORD104210,2025-09-06 15:17:10.526105,Bookshelf,Furniture,East,Kolkata,41676.88,3,0.13,Net Banking,Consumer,2641.57
ORD104211,2025-09-06 18:47:27.449489,Smartwatch,Electronics,East,Chennai,42559.91,3,0.27,Debit Card,Corporate,6221.69
ORD104212,2025-09-06 22:17:44.372874,Laptop,Electronics,North,Lucknow,40210.49,6,0.38,Cash on Delivery,Home Office,7227.37
ORD104213,2025-09-07 01:48:01.296259,Air Fryer,Home & Kitchen,North,Pune,24506.56,3,0.23,Credit Card,Home Office,2712.25
ORD104214,2025-09-07 05:18:18.219643,Coffee Maker,Home & Kitchen,West,Bengaluru,19195.63,3,0.16,Net Banking,Consumer,1823.75
ORD104215,2025-09-07 08:48:35.143028,Sofa,Furniture,South,Mumbai,41602.54,9,0.11,UPI,Corporate,10696.17
ORD104216,2025-09-07 12:18:52.066413,Programming Book,Books,West,Bengaluru,24612.03,2,0.37,UPI,Home Office,3883.14
ORD104217,2025-09-07 15:49:08.989797,Tablet,Electronics,North,Ahmedabad,12469.3,1,0.27,Credit Card,Consumer,1945.74
ORD104218,2025-09-07 19:19:25.913182,Air Fryer,Home & Kitchen,West,Chennai,25465.71,8,0.27,Net Banking,Corporate,3773.71
ORD104219,2025-09-07 22:49:42.836567,Headphones,Electronics,South,Lucknow,7264.12,3,0.17,Credit Card,Corporate,844.28
ORD104220,2025-09-08 02:19:59.759951,Office Chair,Furniture,East,Jaipur,34643.15,7,0.34,Cash on Delivery,Home Office,4809.08
ORD104221,2025-09-08 05:50:16.683336,Table,Furniture,East,Lucknow,16928.88,2,0.29,Net Banking,Consumer,2779.59
ORD104222,2025-09-08 09:20:33.606721,Data Science Book,Books,East,Bengaluru,13180.81,8,0.11,Debit Card,Corporate,679.6
ORD104223,2025-09-08 12:50:50.530106,Data Science Book,Books,East,Mumbai,47834.14,9,0.24,Debit Card,Home Office,2887.32
ORD104224,2025-09-08 16:21:07.453490,Bookshelf,Furniture,North,Jaipur,38888.67,8,0.17,Credit Card,Home Office,4156.63
ORD104225,2025-09-08 19:51:24.376875,Dinner Set,Home & Kitchen,North,Ahmedabad,39396.06,8,0.0,Debit Card,Home Office,5152.3
ORD104226,2025-09-08 23:21:41.300260,Laptop,Electronics,South,Jaipur,31261.35,8,0.32,Credit Card,Home Office,5848.61
ORD104227,2025-09-09 02:51:58.223644,Jacket,Clothing,South,Kolkata,41990.81,7,0.05,Cash on Delivery,Home Office,8821.01
ORD104228,2025-09-09 06:22:15.147029,Business Book,Books,South,Pune,38006.29,2,0.2,Cash on Delivery,Corporate,4359.36
ORD104229,2025-09-09 09:52:32.070414,Dress,Clothing,South,Mumbai,30018.93,8,0.13,Credit Card,Home Office,6589.2
ORD104230,2025-09-09 13:22:48.993798,Cookware Set,Home & Kitchen,West,Bengaluru,48064.0,5,0.14,Cash on Delivery,Consumer,5406.57
ORD104231,2025-09-09 16:53:05.917183,Programming Book,Books,South,Chennai,9741.43,6,0.19,Debit Card,Consumer,2348.93
ORD104232,2025-09-09 20:23:22.840568,Shoes,Clothing,East,Hyderabad,47180.31,4,0.4,Cash on Delivery,Corporate,6946.97
ORD104233,2025-09-09 23:53:39.763952,Air Fryer,Home & Kitchen,East,Jaipur,20191.62,1,0.16,Debit Card,Home Office,4275.82
ORD104234,2025-09-10 03:23:56.687337,Smartphone,Electronics,East,Delhi,26514.27,5,0.07,Debit Card,Home Office,2841.7
ORD104235,2025-09-10 06:54:13.610722,Mixer,Home & Kitchen,West,Hyderabad,6312.42,3,0.25,UPI,Corporate,408.37
ORD104236,2025-09-10 10:24:30.534106,Exam Guide,Books,South,Ahmedabad,27097.35,9,0.09,Cash on Delivery,Home Office,3634.3
ORD104237,2025-09-10 13:54:47.457491,Desk,Furniture,East,Delhi,30638.1,4,0.04,Cash on Delivery,Home Office,3928.31
ORD104238,2025-09-10 17:25:04.380876,Smartphone,Electronics,East,Delhi,49885.54,2,0.02,Credit Card,Consumer,11853.25
ORD104239,2025-09-10 20:55:21.304260,Shoes,Clothing,East,Delhi,48764.58,4,0.01,Credit Card,Home Office,4517.37
ORD104240,2025-09-11 00:25:38.227645,Programming Book,Books,East,Lucknow,48326.59,3,0.17,Net Banking,Corporate,7294.86
ORD104241,2025-09-11 03:55:55.151030,Sofa,Furniture,North,Hyderabad,17549.73,3,0.17,Debit Card,Consumer,3015.92
ORD104242,2025-09-11 07:26:12.074414,Coffee Maker,Home & Kitchen,South,Ahmedabad,49565.07,5,0.07,UPI,Corporate,6743.38
ORD104243,2025-09-11 10:56:28.997799,Bookshelf,Furniture,South,Bengaluru,22882.81,1,0.31,Debit Card,Corporate,1581.31
ORD104244,2025-09-11 14:26:45.921184,Exam Guide,Books,West,Pune,42621.45,5,0.05,Cash on Delivery,Home Office,11090.99
ORD104245,2025-09-11 17:57:02.844568,Novel,Books,North,Ahmedabad,10972.73,8,0.37,Net Banking,Home Office,585.59
ORD104246,2025-09-11 21:27:19.767953,Office Chair,Furniture,West,Bengaluru,25390.49,9,0.24,Debit Card,Consumer,2430.45
ORD104247,2025-09-12 00:57:36.691338,Dinner Set,Home & Kitchen,East,Bengaluru,48307.4,1,0.01,Net Banking,Corporate,11436.8
ORD104248,2025-09-12 04:27:53.614722,Table,Furniture,West,Delhi,47362.16,2,0.39,Debit Card,Corporate,5816.55
ORD104249,2025-09-12 07:58:10.538107,Programming Book,Books,East,Mumbai,34250.0,2,0.12,Cash on Delivery,Home Office,7012.41
ORD104250,2025-09-12 11:28:27.461492,Exam Guide,Books,East,Hyderabad,39931.15,6,0.18,Cash on Delivery,Corporate,8257.65
ORD104251,2025-09-12 14:58:44.384876,Jacket,Clothing,South,Bengaluru,8986.05,1,0.11,Debit Card,Corporate,2190.12
ORD104252,2025-09-12 18:29:01.308261,Dress,Clothing,South,Hyderabad,36138.6,1,0.29,UPI,Corporate,3236.58
ORD104253,2025-09-12 21:59:18.231646,Headphones,Electronics,South,Kolkata,30978.93,2,0.19,Cash on Delivery,Corporate,4230.07
ORD104254,2025-09-13 01:29:35.155031,Novel,Books,South,Lucknow,4759.28,4,0.05,Credit Card,Corporate,1004.08
ORD104255,2025-09-13 04:59:52.078415,Jeans,Clothing,South,Pune,5835.32,2,0.04,UPI,Consumer,1393.12
ORD104256,2025-09-13 08:30:09.001800,Sofa,Furniture,North,Kolkata,5600.49,4,0.29,Debit Card,Corporate,773.22
ORD104257,2025-09-13 12:00:25.925185,Air Fryer,Home & Kitchen,South,Bengaluru,36272.98,3,0.09,UPI,Corporate,5889.92
ORD104258,2025-09-13 15:30:42.848569,Desk,Furniture,West,Ahmedabad,7257.42,3,0.06,Credit Card,Consumer,1520.9
ORD104259,2025-09-13 19:00:59.771954,Dinner Set,Home & Kitchen,East,Hyderabad,23493.07,9,0.2,Cash on Delivery,Home Office,2734.73
ORD104260,2025-09-13 22:31:16.695339,T-Shirt,Clothing,South,Kolkata,17977.69,8,0.32,Cash on Delivery,Home Office,3342.59
ORD104261,2025-09-14 02:01:33.618723,Laptop,Electronics,North,Hyderabad,27615.11,9,0.11,Cash on Delivery,Consumer,2532.82
ORD104262,2025-09-14 05:31:50.542108,Bookshelf,Furniture,West,Lucknow,35382.53,1,0.11,Credit Card,Consumer,8533.95
ORD104263,2025-09-14 09:02:07.465493,Sofa,Furniture,West,Ahmedabad,34299.18,5,0.33,UPI,Home Office,4846.67
ORD104264,2025-09-14 12:32:24.388877,Table,Furniture,East,Kolkata,25872.89,4,0.06,Debit Card,Corporate,4868.11
ORD104265,2025-09-14 16:02:41.312262,Air Fryer,Home & Kitchen,West,Hyderabad,23323.88,9,0.25,Debit Card,Corporate,2929.87
ORD104266,2025-09-14 19:32:58.235647,T-Shirt,Clothing,West,Ahmedabad,20011.22,3,0.38,UPI,Consumer,1100.33
ORD104267,2025-09-14 23:03:15.159031,Bookshelf,Furniture,West,Delhi,43123.12,5,0.34,Cash on Delivery,Corporate,7577.34
ORD104268,2025-09-15 02:33:32.082416,Table,Furniture,West,Jaipur,16676.42,8,0.02,Debit Card,Consumer,1031.78
ORD104269,2025-09-15 06:03:49.005801,Smartphone,Electronics,North,Delhi,13116.42,5,0.13,Cash on Delivery,Home Office,1340.73
ORD104270,2025-09-15 09:34:05.929185,Tablet,Electronics,East,Pune,37217.11,9,0.06,Net Banking,Corporate,2708.7
ORD104271,2025-09-15 13:04:22.852570,Jeans,Clothing,South,Bengaluru,18116.22,2,0.38,Net Banking,Home Office,861.6
ORD104272,2025-09-15 16:34:39.775955,Jeans,Clothing,West,Mumbai,42380.53,6,0.39,Debit Card,Corporate,3815.92
ORD104273,2025-09-15 20:04:56.699339,Novel,Books,North,Jaipur,16528.86,5,0.09,UPI,Corporate,1355.31
ORD104274,2025-09-15 23:35:13.622724,Headphones,Electronics,East,Bengaluru,35156.85,9,0.27,UPI,Corporate,5013.47
ORD104275,2025-09-16 03:05:30.546109,Programming Book,Books,South,Kolkata,2446.43,7,0.34,UPI,Consumer,333.89
ORD104276,2025-09-16 06:35:47.469493,Air Fryer,Home & Kitchen,East,Pune,19401.03,8,0.09,Cash on Delivery,Home Office,4776.07
ORD104277,2025-09-16 10:06:04.392878,Programming Book,Books,North,Lucknow,17292.86,7,0.08,Net Banking,Consumer,1987.36
ORD104278,2025-09-16 13:36:21.316263,Table,Furniture,North,Pune,40870.6,5,0.0,Cash on Delivery,Consumer,5202.61
ORD104279,2025-09-16 17:06:38.239647,Business Book,Books,North,Hyderabad,48359.36,5,0.16,Credit Card,Home Office,4533.08
ORD104280,2025-09-16 20:36:55.163032,Dress,Clothing,West,Pune,23151.89,4,0.36,Credit Card,Home Office,3636.92
ORD104281,2025-09-17 00:07:12.086417,Air Fryer,Home & Kitchen,North,Kolkata,41276.85,2,0.36,Debit Card,Consumer,4147.89
ORD104282,2025-09-17 03:37:29.009801,Bookshelf,Furniture,South,Lucknow,35044.8,9,0.05,Credit Card,Consumer,6262.51
ORD104283,2025-09-17 07:07:45.933186,Programming Book,Books,West,Lucknow,48375.82,3,0.08,UPI,Consumer,6393.45
ORD104284,2025-09-17 10:38:02.856571,Air Fryer,Home & Kitchen,East,Chennai,40593.2,3,0.16,Debit Card,Home Office,3041.68
ORD104285,2025-09-17 14:08:19.779955,Cookware Set,Home & Kitchen,South,Pune,4058.41,3,0.31,Net Banking,Consumer,211.79
ORD104286,2025-09-17 17:38:36.703340,Bookshelf,Furniture,West,Delhi,35721.43,8,0.24,Net Banking,Home Office,7250.45
ORD104287,2025-09-17 21:08:53.626725,Programming Book,Books,North,Chennai,26867.89,6,0.21,Credit Card,Consumer,2470.04
ORD104288,2025-09-18 00:39:10.550110,Mixer,Home & Kitchen,East,Chennai,1018.52,1,0.24,Credit Card,Home Office,220.92
ORD104289,2025-09-18 04:09:27.473494,Cookware Set,Home & Kitchen,North,Kolkata,12715.39,3,0.04,Net Banking,Consumer,3501.19
ORD104290,2025-09-18 07:39:44.396879,Laptop,Electronics,South,Jaipur,46103.41,4,0.19,Credit Card,Corporate,6338.37
ORD104291,2025-09-18 11:10:01.320264,Coffee Maker,Home & Kitchen,South,Delhi,46317.86,2,0.4,Credit Card,Corporate,8049.5
ORD104292,2025-09-18 14:40:18.243648,Tablet,Electronics,West,Lucknow,39982.75,6,0.04,Cash on Delivery,Home Office,2192.53
ORD104293,2025-09-18 18:10:35.167033,Data Science Book,Books,South,Pune,49092.62,1,0.21,Net Banking,Home Office,2827.78
ORD104294,2025-09-18 21:40:52.090418,Business Book,Books,East,Chennai,40365.95,1,0.12,Net Banking,Corporate,3936.82
ORD104295,2025-09-19 01:11:09.013802,Data Science Book,Books,West,Bengaluru,708.17,8,0.22,Credit Card,Home Office,56.51
ORD104296,2025-09-19 04:41:25.937187,Shoes,Clothing,East,Bengaluru,14534.15,4,0.23,UPI,Home Office,1266.4
ORD104297,2025-09-19 08:11:42.860572,Data Science Book,Books,North,Chennai,1725.08,1,0.23,Cash on Delivery,Corporate,216.61
ORD104298,2025-09-19 11:41:59.783956,Cookware Set,Home & Kitchen,East,Hyderabad,4886.58,7,0.34,UPI,Consumer,211.99
ORD104299,2025-09-19 15:12:16.707341,Office Chair,Furniture,East,Pune,11098.27,9,0.16,Credit Card,Home Office,1760.54
ORD104300,2025-09-19 18:42:33.630726,Laptop,Electronics,South,Kolkata,25277.22,7,0.21,Net Banking,Home Office,2543.32
ORD104301,2025-09-19 22:12:50.554110,Jeans,Clothing,North,Lucknow,42407.09,1,0.0,UPI,Consumer,2878.89
ORD104302,2025-09-20 01:43:07.477495,Business Book,Books,South,Chennai,43125.94,1,0.32,Debit Card,Consumer,6988.37
ORD104303,2025-09-20 05:13:24.400880,Exam Guide,Books,North,Delhi,30886.85,1,0.1,UPI,Home Office,5930.95
ORD104304,2025-09-20 08:43:41.324264,Sofa,Furniture,North,Chennai,46423.16,8,0.33,Net Banking,Home Office,7724.79
ORD104305,2025-09-20 12:13:58.247649,Office Chair,Furniture,East,Ahmedabad,25103.1,7,0.11,Credit Card,Consumer,6363.12
ORD104306,2025-09-20 15:44:15.171034,Dress,Clothing,South,Lucknow,44473.99,3,0.0,UPI,Home Office,8736.53
ORD104307,2025-09-20 19:14:32.094418,Headphones,Electronics,East,Jaipur,22812.45,3,0.06,Credit Card,Consumer,5289.71
ORD104308,2025-09-20 22:44:49.017803,Exam Guide,Books,East,Lucknow,14005.81,3,0.39,Cash on Delivery,Consumer,852.61
ORD104309,2025-09-21 02:15:05.941188,Shoes,Clothing,East,Delhi,45837.36,2,0.13,Debit Card,Home Office,6085.13
ORD104310,2025-09-21 05:45:22.864572,Cookware Set,Home & Kitchen,North,Ahmedabad,19519.17,4,0.04,Net Banking,Home Office,3420.09
ORD104311,2025-09-21 09:15:39.787957,Air Fryer,Home & Kitchen,South,Jaipur,25269.52,7,0.05,Net Banking,Consumer,4448.4
ORD104312,2025-09-21 12:45:56.711342,Shoes,Clothing,South,Mumbai,16577.26,9,0.12,Credit Card,Home Office,3349.17
ORD104313,2025-09-21 16:16:13.634726,Data Science Book,Books,East,Delhi,33209.31,3,0.02,Debit Card,Consumer,8103.26
ORD104314,2025-09-21 19:46:30.558111,Dress,Clothing,North,Bengaluru,49752.56,7,0.2,Net Banking,Corporate,8625.63
ORD104315,2025-09-21 23:16:47.481496,Programming Book,Books,South,Hyderabad,1470.57,4,0.09,UPI,Corporate,82.72
ORD104316,2025-09-22 02:47:04.404880,Sofa,Furniture,West,Lucknow,45012.43,1,0.21,Net Banking,Consumer,4900.29
ORD104317,2025-09-22 06:17:21.328265,Jeans,Clothing,South,Mumbai,395.52,5,0.06,UPI,Consumer,71.8
ORD104318,2025-09-22 09:47:38.251650,Exam Guide,Books,East,Ahmedabad,18338.55,8,0.17,Net Banking,Home Office,2693.62
ORD104319,2025-09-22 13:17:55.175035,Shoes,Clothing,West,Mumbai,8596.62,3,0.24,UPI,Consumer,399.84
ORD104320,2025-09-22 16:48:12.098419,Jeans,Clothing,North,Kolkata,37915.62,4,0.02,Cash on Delivery,Consumer,10967.32
ORD104321,2025-09-22 20:18:29.021804,Business Book,Books,West,Pune,2720.42,3,0.16,Credit Card,Home Office,660.47
ORD104322,2025-09-22 23:48:45.945189,Exam Guide,Books,West,Lucknow,27763.55,8,0.12,Cash on Delivery,Home Office,5947.72
ORD104323,2025-09-23 03:19:02.868573,Smartwatch,Electronics,East,Pune,14887.32,8,0.1,UPI,Corporate,855.34
ORD104324,2025-09-23 06:49:19.791958,Jacket,Clothing,South,Bengaluru,6856.78,4,0.24,Credit Card,Consumer,821.03
ORD104325,2025-09-23 10:19:36.715343,Dinner Set,Home & Kitchen,North,Mumbai,38636.55,2,0.24,Debit Card,Consumer,4476.28
ORD104326,2025-09-23 13:49:53.638727,Shoes,Clothing,West,Ahmedabad,11027.36,3,0.25,UPI,Corporate,1567.32
ORD104327,2025-09-23 17:20:10.562112,T-Shirt,Clothing,East,Bengaluru,11339.03,3,0.06,Net Banking,Consumer,681.97
ORD104328,2025-09-23 20:50:27.485497,Business Book,Books,South,Pune,13898.82,4,0.11,Net Banking,Home Office,1928.65
ORD104329,2025-09-24 00:20:44.408881,Jacket,Clothing,West,Mumbai,29420.98,2,0.08,Debit Card,Consumer,6481.53
ORD104330,2025-09-24 03:51:01.332266,Jeans,Clothing,East,Bengaluru,33051.36,2,0.22,Cash on Delivery,Home Office,7721.18
ORD104331,2025-09-24 07:21:18.255651,Cookware Set,Home & Kitchen,East,Delhi,1076.61,3,0.18,UPI,Consumer,175.56
ORD104332,2025-09-24 10:51:35.179035,Novel,Books,East,Chennai,12245.11,1,0.13,Net Banking,Corporate,3037.81
ORD104333,2025-09-24 14:21:52.102420,T-Shirt,Clothing,North,Hyderabad,21662.35,8,0.31,Credit Card,Home Office,4478.65
ORD104334,2025-09-24 17:52:09.025805,Bookshelf,Furniture,South,Jaipur,16732.45,6,0.04,Debit Card,Home Office,2549.15
ORD104335,2025-09-24 21:22:25.949189,Tablet,Electronics,West,Delhi,44231.7,3,0.39,Cash on Delivery,Corporate,5859.61
ORD104336,2025-09-25 00:52:42.872574,Cookware Set,Home & Kitchen,South,Bengaluru,39427.89,1,0.05,Cash on Delivery,Home Office,3869.4
ORD104337,2025-09-25 04:22:59.795959,Jacket,Clothing,South,Ahmedabad,31369.33,3,0.31,Credit Card,Corporate,3656.06
ORD104338,2025-09-25 07:53:16.719343,Sofa,Furniture,West,Kolkata,17034.51,1,0.15,Credit Card,Consumer,1007.8
ORD104339,2025-09-25 11:23:33.642728,T-Shirt,Clothing,South,Chennai,35093.48,3,0.35,Debit Card,Corporate,1306.77
ORD104340,2025-09-25 14:53:50.566113,Jacket,Clothing,North,Jaipur,42213.17,4,0.03,Credit Card,Consumer,11187.88
ORD104341,2025-09-25 18:24:07.489497,Data Science Book,Books,West,Delhi,29822.55,6,0.15,Net Banking,Home Office,6707.39
ORD104342,2025-09-25 21:54:24.412882,Exam Guide,Books,West,Kolkata,39266.18,7,0.13,Cash on Delivery,Home Office,4373.23
ORD104343,2025-09-26 01:24:41.336267,Data Science Book,Books,East,Kolkata,37505.43,7,0.4,Credit Card,Corporate,3695.9
ORD104344,2025-09-26 04:54:58.259651,Table,Furniture,South,Kolkata,28672.52,9,0.39,UPI,Consumer,3032.85
ORD104345,2025-09-26 08:25:15.183036,T-Shirt,Clothing,West,Chennai,15746.72,8,0.08,Credit Card,Corporate,2610.2
ORD104346,2025-09-26 11:55:32.106421,Laptop,Electronics,West,Mumbai,37339.95,4,0.25,Cash on Delivery,Home Office,2342.41
ORD104347,2025-09-26 15:25:49.029805,Coffee Maker,Home & Kitchen,North,Delhi,10498.46,6,0.21,Net Banking,Home Office,2021.73
ORD104348,2025-09-26 18:56:05.953190,Exam Guide,Books,East,Mumbai,39018.52,1,0.06,Credit Card,Consumer,5023.12
ORD104349,2025-09-26 22:26:22.876575,Exam Guide,Books,West,Lucknow,40266.43,8,0.07,Net Banking,Consumer,2169.12
ORD104350,2025-09-27 01:56:39.799959,Jeans,Clothing,North,Chennai,41142.82,6,0.4,UPI,Home Office,5409.63
ORD104351,2025-09-27 05:26:56.723344,Jeans,Clothing,West,Kolkata,23751.22,2,0.18,Cash on Delivery,Home Office,5014.47
ORD104352,2025-09-27 08:57:13.646729,Sofa,Furniture,West,Kolkata,9785.54,8,0.05,Debit Card,Consumer,2598.6
ORD104353,2025-09-27 12:27:30.570114,Office Chair,Furniture,West,Chennai,5166.24,4,0.09,Cash on Delivery,Corporate,1027.71
ORD104354,2025-09-27 15:57:47.493498,Novel,Books,North,Lucknow,37219.39,9,0.11,Debit Card,Corporate,3240.3
ORD104355,2025-09-27 19:28:04.416883,Jacket,Clothing,South,Hyderabad,44335.82,4,0.2,Debit Card,Consumer,7003.11
ORD104356,2025-09-27 22:58:21.340268,Laptop,Electronics,West,Ahmedabad,32611.75,1,0.13,Cash on Delivery,Consumer,7885.79
ORD104357,2025-09-28 02:28:38.263652,Air Fryer,Home & Kitchen,West,Hyderabad,7379.17,7,0.18,Debit Card,Consumer,832.85
ORD104358,2025-09-28 05:58:55.187037,Dress,Clothing,South,Mumbai,46757.84,5,0.07,Net Banking,Home Office,12538.3
ORD104359,2025-09-28 09:29:12.110422,T-Shirt,Clothing,West,Chennai,49457.28,5,0.13,UPI,Corporate,3202.12
ORD104360,2025-09-28 12:59:29.033806,Sofa,Furniture,East,Ahmedabad,21782.25,4,0.03,Credit Card,Consumer,4902.16
ORD104361,2025-09-28 16:29:45.957191,Dinner Set,Home & Kitchen,West,Hyderabad,29822.3,6,0.36,Debit Card,Corporate,1526.48
ORD104362,2025-09-28 20:00:02.880576,Exam Guide,Books,East,Mumbai,38905.98,1,0.08,Debit Card,Home Office,8938.31
ORD104363,2025-09-28 23:30:19.803960,Jacket,Clothing,South,Bengaluru,36872.21,3,0.3,Cash on Delivery,Home Office,1920.66
ORD104364,2025-09-29 03:00:36.727345,Exam Guide,Books,North,Pune,48395.8,7,0.14,Net Banking,Consumer,5470.22
ORD104365,2025-09-29 06:30:53.650730,Jeans,Clothing,South,Ahmedabad,5921.18,8,0.19,Credit Card,Consumer,1171.3
ORD104366,2025-09-29 10:01:10.574114,Programming Book,Books,West,Jaipur,29120.1,9,0.12,Debit Card,Consumer,4229.48
ORD104367,2025-09-29 13:31:27.497499,Cookware Set,Home & Kitchen,East,Ahmedabad,34658.18,1,0.28,Net Banking,Consumer,6754.31
ORD104368,2025-09-29 17:01:44.420884,Bookshelf,Furniture,North,Mumbai,44526.9,4,0.34,Credit Card,Corporate,4420.93
ORD104369,2025-09-29 20:32:01.344268,Air Fryer,Home & Kitchen,West,Kolkata,43730.66,2,0.11,Cash on Delivery,Consumer,11627.03
ORD104370,2025-09-30 00:02:18.267653,Laptop,Electronics,North,Mumbai,48904.39,2,0.1,Debit Card,Corporate,2406.19
ORD104371,2025-09-30 03:32:35.191038,Table,Furniture,North,Delhi,25701.51,1,0.27,Cash on Delivery,Home Office,4203.0
ORD104372,2025-09-30 07:02:52.114422,Coffee Maker,Home & Kitchen,West,Kolkata,41571.89,5,0.08,Cash on Delivery,Home Office,10669.6
ORD104373,2025-09-30 10:33:09.037807,Headphones,Electronics,South,Mumbai,21478.63,2,0.26,Debit Card,Corporate,2924.48
ORD104374,2025-09-30 14:03:25.961192,T-Shirt,Clothing,West,Hyderabad,21231.23,4,0.04,Net Banking,Corporate,6056.04
ORD104375,2025-09-30 17:33:42.884576,Shoes,Clothing,West,Pune,12816.75,9,0.25,Net Banking,Consumer,2182.11
ORD104376,2025-09-30 21:03:59.807961,Exam Guide,Books,South,Mumbai,40948.22,3,0.21,Cash on Delivery,Consumer,5091.15
ORD104377,2025-10-01 00:34:16.731346,Bookshelf,Furniture,East,Hyderabad,49293.59,8,0.05,Cash on Delivery,Consumer,8375.09
ORD104378,2025-10-01 04:04:33.654730,T-Shirt,Clothing,West,Jaipur,12965.82,6,0.26,UPI,Home Office,2584.5
ORD104379,2025-10-01 07:34:50.578115,Office Chair,Furniture,North,Delhi,2995.35,5,0.18,Credit Card,Corporate,710.81
ORD104380,2025-10-01 11:05:07.501500,T-Shirt,Clothing,West,Bengaluru,40814.01,2,0.09,Cash on Delivery,Corporate,7018.55
ORD104381,2025-10-01 14:35:24.424884,Data Science Book,Books,West,Delhi,31087.46,3,0.14,Cash on Delivery,Corporate,3389.69
ORD104382,2025-10-01 18:05:41.348269,Coffee Maker,Home & Kitchen,North,Kolkata,47993.0,8,0.2,Credit Card,Corporate,4216.91
ORD104383,2025-10-01 21:35:58.271654,Programming Book,Books,South,Pune,12761.51,9,0.04,Debit Card,Consumer,2073.64
ORD104384,2025-10-02 01:06:15.195039,Tablet,Electronics,East,Delhi,3737.18,7,0.38,Net Banking,Consumer,287.51
ORD104385,2025-10-02 04:36:32.118423,T-Shirt,Clothing,East,Ahmedabad,24723.62,1,0.27,Debit Card,Corporate,2801.25
ORD104386,2025-10-02 08:06:49.041808,Smartwatch,Electronics,North,Bengaluru,4456.21,6,0.04,Credit Card,Consumer,1106.35
ORD104387,2025-10-02 11:37:05.965193,Headphones,Electronics,South,Kolkata,13237.14,7,0.33,Credit Card,Home Office,1489.94
ORD104388,2025-10-02 15:07:22.888577,Office Chair,Furniture,West,Ahmedabad,6473.7,6,0.13,UPI,Consumer,1183.98
ORD104389,2025-10-02 18:37:39.811962,T-Shirt,Clothing,West,Kolkata,11361.78,2,0.24,UPI,Home Office,626.26
ORD104390,2025-10-02 22:07:56.735347,Tablet,Electronics,West,Ahmedabad,5486.0,9,0.11,Net Banking,Home Office,1174.41
ORD104391,2025-10-03 01:38:13.658731,Dinner Set,Home & Kitchen,West,Lucknow,47704.52,3,0.29,Cash on Delivery,Corporate,5782.53
ORD104392,2025-10-03 05:08:30.582116,Laptop,Electronics,West,Pune,14072.42,6,0.29,Credit Card,Corporate,1401.15
ORD104393,2025-10-03 08:38:47.505501,Mixer,Home & Kitchen,North,Hyderabad,22306.1,6,0.22,UPI,Consumer,3527.55
ORD104394,2025-10-03 12:09:04.428885,Table,Furniture,West,Delhi,44950.87,8,0.1,Debit Card,Corporate,3054.27
ORD104395,2025-10-03 15:39:21.352270,Smartwatch,Electronics,West,Jaipur,33930.62,4,0.1,UPI,Home Office,4687.5
ORD104396,2025-10-03 19:09:38.275655,Novel,Books,South,Ahmedabad,30978.27,6,0.15,Debit Card,Home Office,6655.11
ORD104397,2025-10-03 22:39:55.199039,Desk,Furniture,West,Lucknow,35337.05,1,0.06,UPI,Consumer,3837.08
ORD104398,2025-10-04 02:10:12.122424,Mixer,Home & Kitchen,East,Pune,41475.35,9,0.14,Debit Card,Home Office,9934.62
ORD104399,2025-10-04 05:40:29.045809,Table,Furniture,North,Jaipur,43907.93,9,0.27,UPI,Corporate,6439.75
ORD104400,2025-10-04 09:10:45.969193,Headphones,Electronics,North,Delhi,32203.46,7,0.33,UPI,Consumer,3995.85
ORD104401,2025-10-04 12:41:02.892578,Jacket,Clothing,North,Lucknow,44522.36,1,0.13,Net Banking,Consumer,5806.01
ORD104402,2025-10-04 16:11:19.815963,Jeans,Clothing,East,Jaipur,26862.8,3,0.09,Cash on Delivery,Consumer,5756.83
ORD104403,2025-10-04 19:41:36.739347,Coffee Maker,Home & Kitchen,West,Bengaluru,14009.08,5,0.33,Credit Card,Corporate,1793.84
ORD104404,2025-10-04 23:11:53.662732,Cookware Set,Home & Kitchen,North,Chennai,44027.82,4,0.36,Cash on Delivery,Home Office,7020.09
ORD104405,2025-10-05 02:42:10.586117,T-Shirt,Clothing,East,Kolkata,27165.35,5,0.16,Net Banking,Corporate,3033.08
ORD104406,2025-10-05 06:12:27.509501,Coffee Maker,Home & Kitchen,South,Kolkata,45325.65,7,0.01,Debit Card,Consumer,10118.89
ORD104407,2025-10-05 09:42:44.432886,Bookshelf,Furniture,West,Mumbai,2200.36,9,0.28,Cash on Delivery,Home Office,452.88
ORD104408,2025-10-05 13:13:01.356271,Exam Guide,Books,East,Bengaluru,19996.28,1,0.31,Credit Card,Consumer,1655.41
ORD104409,2025-10-05 16:43:18.279655,Exam Guide,Books,West,Chennai,47400.69,5,0.01,Credit Card,Corporate,13855.12
ORD104410,2025-10-05 20:13:35.203040,Office Chair,Furniture,South,Mumbai,12632.57,3,0.24,Debit Card,Consumer,1465.38
ORD104411,2025-10-05 23:43:52.126425,Novel,Books,East,Jaipur,47088.51,3,0.24,Credit Card,Corporate,2134.11
ORD104412,2025-10-06 03:14:09.049809,Laptop,Electronics,West,Mumbai,47704.34,2,0.15,Net Banking,Consumer,5653.51
ORD104413,2025-10-06 06:44:25.973194,Table,Furniture,East,Ahmedabad,44130.69,6,0.3,Cash on Delivery,Consumer,2700.24
ORD104414,2025-10-06 10:14:42.896579,Air Fryer,Home & Kitchen,North,Bengaluru,28270.67,6,0.17,Credit Card,Consumer,2958.22
ORD104415,2025-10-06 13:44:59.819963,Table,Furniture,West,Lucknow,32417.58,3,0.27,Cash on Delivery,Corporate,1751.02
ORD104416,2025-10-06 17:15:16.743348,Shoes,Clothing,East,Lucknow,43506.93,1,0.21,UPI,Corporate,3249.76
ORD104417,2025-10-06 20:45:33.666733,Dinner Set,Home & Kitchen,North,Chennai,38839.67,7,0.1,Cash on Delivery,Corporate,2855.0
ORD104418,2025-10-07 00:15:50.590118,Dress,Clothing,South,Delhi,31578.67,2,0.24,Debit Card,Corporate,1460.84
ORD104419,2025-10-07 03:46:07.513502,Coffee Maker,Home & Kitchen,West,Lucknow,49116.52,8,0.29,Net Banking,Corporate,4325.84
ORD104420,2025-10-07 07:16:24.436887,Novel,Books,West,Bengaluru,34346.7,3,0.39,Credit Card,Home Office,5976.2
ORD104421,2025-10-07 10:46:41.360272,Table,Furniture,South,Pune,48779.0,1,0.15,Net Banking,Consumer,11914.08
ORD104422,2025-10-07 14:16:58.283656,Laptop,Electronics,North,Kolkata,3057.95,9,0.03,Cash on Delivery,Corporate,776.14
ORD104423,2025-10-07 17:47:15.207041,Dinner Set,Home & Kitchen,South,Pune,7120.23,5,0.4,Credit Card,Home Office,226.57
ORD104424,2025-10-07 21:17:32.130426,Mixer,Home & Kitchen,West,Mumbai,22682.65,1,0.25,Net Banking,Home Office,970.21
ORD104425,2025-10-08 00:47:49.053810,Shoes,Clothing,East,Hyderabad,19367.0,6,0.38,Debit Card,Consumer,631.47
ORD104426,2025-10-08 04:18:05.977195,Exam Guide,Books,North,Ahmedabad,39180.2,3,0.04,UPI,Consumer,5328.26
ORD104427,2025-10-08 07:48:22.900580,Shoes,Clothing,North,Hyderabad,8198.58,4,0.14,UPI,Consumer,2080.43
ORD104428,2025-10-08 11:18:39.823964,Shoes,Clothing,North,Bengaluru,48809.54,8,0.05,Debit Card,Corporate,12714.84
ORD104429,2025-10-08 14:48:56.747349,Novel,Books,South,Hyderabad,15890.28,5,0.33,UPI,Consumer,1199.15
ORD104430,2025-10-08 18:19:13.670734,Tablet,Electronics,South,Pune,21560.4,6,0.35,Debit Card,Consumer,2137.86
ORD104431,2025-10-08 21:49:30.594118,T-Shirt,Clothing,East,Delhi,13882.3,4,0.2,Cash on Delivery,Consumer,2844.28
ORD104432,2025-10-09 01:19:47.517503,T-Shirt,Clothing,East,Bengaluru,29052.31,6,0.07,Debit Card,Home Office,6474.91
ORD104433,2025-10-09 04:50:04.440888,Dinner Set,Home & Kitchen,North,Kolkata,3119.71,3,0.05,UPI,Corporate,246.45
ORD104434,2025-10-09 08:20:21.364272,Novel,Books,East,Chennai,7653.94,1,0.24,Cash on Delivery,Consumer,447.58
ORD104435,2025-10-09 11:50:38.287657,Desk,Furniture,South,Bengaluru,37340.73,6,0.2,Debit Card,Home Office,5554.21
ORD104436,2025-10-09 15:20:55.211042,Smartphone,Electronics,East,Jaipur,9487.73,1,0.28,Debit Card,Corporate,515.94
ORD104437,2025-10-09 18:51:12.134426,Laptop,Electronics,South,Kolkata,11928.62,3,0.12,Cash on Delivery,Consumer,2689.95
ORD104438,2025-10-09 22:21:29.057811,Business Book,Books,East,Bengaluru,39690.52,8,0.16,Credit Card,Home Office,3778.48
ORD104439,2025-10-10 01:51:45.981196,Cookware Set,Home & Kitchen,West,Jaipur,4846.4,7,0.01,UPI,Corporate,465.8
ORD104440,2025-10-10 05:22:02.904580,Mixer,Home & Kitchen,South,Kolkata,21986.2,8,0.24,Credit Card,Consumer,1611.1
ORD104441,2025-10-10 08:52:19.827965,Programming Book,Books,West,Mumbai,1348.56,2,0.17,Cash on Delivery,Consumer,68.62
ORD104442,2025-10-10 12:22:36.751350,Coffee Maker,Home & Kitchen,South,Lucknow,17471.01,7,0.37,Cash on Delivery,Home Office,2316.46
ORD104443,2025-10-10 15:52:53.674734,Tablet,Electronics,East,Ahmedabad,35009.27,4,0.26,Net Banking,Consumer,2360.74
ORD104444,2025-10-10 19:23:10.598119,Tablet,Electronics,West,Lucknow,4687.14,1,0.16,Net Banking,Home Office,426.53
ORD104445,2025-10-10 22:53:27.521504,Desk,Furniture,East,Pune,44439.06,3,0.11,Cash on Delivery,Home Office,9406.22
ORD104446,2025-10-11 02:23:44.444888,Novel,Books,South,Chennai,45493.05,5,0.36,Net Banking,Home Office,1874.18
ORD104447,2025-10-11 05:54:01.368273,Shoes,Clothing,West,Lucknow,5428.52,8,0.01,Debit Card,Corporate,541.11
ORD104448,2025-10-11 09:24:18.291658,Jeans,Clothing,North,Bengaluru,49538.48,2,0.13,Credit Card,Home Office,3764.1
ORD104449,2025-10-11 12:54:35.215043,Sofa,Furniture,East,Mumbai,15016.97,2,0.38,Cash on Delivery,Corporate,476.81
ORD104450,2025-10-11 16:24:52.138427,Office Chair,Furniture,South,Hyderabad,4388.26,8,0.26,Debit Card,Consumer,600.22
ORD104451,2025-10-11 19:55:09.061812,Cookware Set,Home & Kitchen,West,Pune,452.34,9,0.21,UPI,Corporate,34.84
ORD104452,2025-10-11 23:25:25.985197,Office Chair,Furniture,East,Lucknow,20544.44,1,0.08,UPI,Home Office,3935.67
ORD104453,2025-10-12 02:55:42.908581,Bookshelf,Furniture,West,Delhi,31564.54,2,0.33,Net Banking,Consumer,3710.35
ORD104454,2025-10-12 06:25:59.831966,Shoes,Clothing,East,Chennai,16742.53,4,0.08,Net Banking,Home Office,3342.01
ORD104455,2025-10-12 09:56:16.755351,Air Fryer,Home & Kitchen,East,Hyderabad,41868.52,3,0.1,Debit Card,Home Office,11130.83
ORD104456,2025-10-12 13:26:33.678735,Desk,Furniture,East,Ahmedabad,35886.99,1,0.08,UPI,Consumer,3465.64
ORD104457,2025-10-12 16:56:50.602120,Office Chair,Furniture,West,Bengaluru,17638.04,4,0.06,Cash on Delivery,Home Office,3589.01
ORD104458,2025-10-12 20:27:07.525505,Cookware Set,Home & Kitchen,West,Mumbai,36768.62,2,0.38,Credit Card,Corporate,5890.69
ORD104459,2025-10-12 23:57:24.448889,Data Science Book,Books,East,Kolkata,47036.29,5,0.24,Net Banking,Consumer,10343.44
ORD104460,2025-10-13 03:27:41.372274,Cookware Set,Home & Kitchen,North,Lucknow,4836.18,1,0.26,Debit Card,Consumer,735.74
ORD104461,2025-10-13 06:57:58.295659,Dress,Clothing,North,Delhi,15443.98,8,0.38,Net Banking,Consumer,791.96
ORD104462,2025-10-13 10:28:15.219043,Data Science Book,Books,North,Chennai,23273.63,2,0.09,Debit Card,Home Office,1344.06
ORD104463,2025-10-13 13:58:32.142428,Smartphone,Electronics,South,Ahmedabad,24999.91,3,0.0,UPI,Home Office,2990.7
ORD104464,2025-10-13 17:28:49.065813,Mixer,Home & Kitchen,North,Lucknow,27201.34,3,0.24,Net Banking,Consumer,5830.6
ORD104465,2025-10-13 20:59:05.989197,Jeans,Clothing,West,Ahmedabad,15171.22,4,0.2,Debit Card,Corporate,2236.03
ORD104466,2025-10-14 00:29:22.912582,Programming Book,Books,North,Hyderabad,33429.53,7,0.19,Debit Card,Home Office,5275.49
ORD104467,2025-10-14 03:59:39.835967,Dinner Set,Home & Kitchen,West,Hyderabad,32325.21,9,0.02,Net Banking,Home Office,6419.71
ORD104468,2025-10-14 07:29:56.759351,Desk,Furniture,South,Pune,28975.51,3,0.18,Credit Card,Home Office,3161.35
ORD104469,2025-10-14 11:00:13.682736,Dinner Set,Home & Kitchen,West,Lucknow,5865.33,1,0.12,Cash on Delivery,Corporate,492.39
ORD104470,2025-10-14 14:30:30.606121,Headphones,Electronics,West,Mumbai,23953.0,1,0.11,UPI,Home Office,6151.58
ORD104471,2025-10-14 18:00:47.529505,Mixer,Home & Kitchen,West,Chennai,17940.1,6,0.09,Net Banking,Home Office,3899.28
ORD104472,2025-10-14 21:31:04.452890,Data Science Book,Books,North,Kolkata,24653.72,5,0.13,Net Banking,Corporate,3812.78
ORD104473,2025-10-15 01:01:21.376275,Programming Book,Books,East,Kolkata,46108.95,7,0.14,Credit Card,Corporate,5717.12
ORD104474,2025-10-15 04:31:38.299659,Dinner Set,Home & Kitchen,West,Bengaluru,24130.46,7,0.12,UPI,Home Office,3624.63
ORD104475,2025-10-15 08:01:55.223044,Business Book,Books,North,Bengaluru,896.24,3,0.39,Net Banking,Consumer,31.94
ORD104476,2025-10-15 11:32:12.146429,Desk,Furniture,North,Chennai,22054.07,7,0.37,Credit Card,Consumer,1554.38
ORD104477,2025-10-15 15:02:29.069813,Dinner Set,Home & Kitchen,North,Lucknow,41068.28,9,0.23,Cash on Delivery,Corporate,3563.12
ORD104478,2025-10-15 18:32:45.993198,Office Chair,Furniture,East,Lucknow,39047.03,8,0.39,Debit Card,Home Office,3842.83
ORD104479,2025-10-15 22:03:02.916583,Office Chair,Furniture,East,Hyderabad,25766.83,3,0.4,Cash on Delivery,Corporate,1686.19
ORD104480,2025-10-16 01:33:19.839967,T-Shirt,Clothing,East,Delhi,12638.5,5,0.14,Cash on Delivery,Corporate,1047.39
ORD104481,2025-10-16 05:03:36.763352,Mixer,Home & Kitchen,East,Bengaluru,23361.42,8,0.18,Cash on Delivery,Consumer,4624.0
ORD104482,2025-10-16 08:33:53.686737,Novel,Books,South,Delhi,28272.37,2,0.38,Cash on Delivery,Corporate,4791.98
ORD104483,2025-10-16 12:04:10.610122,Bookshelf,Furniture,East,Lucknow,49993.6,7,0.24,Debit Card,Corporate,2537.5
ORD104484,2025-10-16 15:34:27.533506,Shoes,Clothing,East,Bengaluru,32280.07,7,0.09,UPI,Home Office,3008.38
ORD104485,2025-10-16 19:04:44.456891,Cookware Set,Home & Kitchen,East,Kolkata,34774.39,8,0.28,UPI,Home Office,6094.69
ORD104486,2025-10-16 22:35:01.380276,Mixer,Home & Kitchen,West,Ahmedabad,24674.42,1,0.08,Credit Card,Corporate,5764.98
ORD104487,2025-10-17 02:05:18.303660,Smartphone,Electronics,West,Bengaluru,17853.58,8,0.14,Credit Card,Corporate,2687.58
ORD104488,2025-10-17 05:35:35.227045,Tablet,Electronics,East,Lucknow,40685.06,1,0.09,Net Banking,Home Office,8282.9
ORD104489,2025-10-17 09:05:52.150430,Office Chair,Furniture,South,Lucknow,24847.63,3,0.1,Cash on Delivery,Consumer,1551.98
ORD104490,2025-10-17 12:36:09.073814,Smartwatch,Electronics,West,Ahmedabad,49735.57,9,0.0,Cash on Delivery,Home Office,13049.73
ORD104491,2025-10-17 16:06:25.997199,Office Chair,Furniture,North,Delhi,22964.6,4,0.35,Debit Card,Home Office,3853.88
ORD104492,2025-10-17 19:36:42.920584,Business Book,Books,West,Chennai,3586.41,9,0.12,Cash on Delivery,Home Office,704.9
ORD104493,2025-10-17 23:06:59.843968,Sofa,Furniture,North,Ahmedabad,34192.39,1,0.03,Debit Card,Home Office,9256.2
ORD104494,2025-10-18 02:37:16.767353,Headphones,Electronics,West,Kolkata,2522.74,8,0.03,Net Banking,Home Office,151.49
ORD104495,2025-10-18 06:07:33.690738,Data Science Book,Books,East,Lucknow,12674.98,3,0.22,Credit Card,Consumer,1065.18
ORD104496,2025-10-18 09:37:50.614122,Smartphone,Electronics,West,Mumbai,17816.16,7,0.4,Credit Card,Home Office,1503.36
ORD104497,2025-10-18 13:08:07.537507,Desk,Furniture,East,Kolkata,37026.28,2,0.06,Net Banking,Home Office,3120.14
ORD104498,2025-10-18 16:38:24.460892,Shoes,Clothing,East,Delhi,24812.95,7,0.04,Net Banking,Consumer,6043.41
ORD104499,2025-10-18 20:08:41.384276,Mixer,Home & Kitchen,West,Ahmedabad,1626.57,7,0.18,Cash on Delivery,Corporate,319.17
ORD104500,2025-10-18 23:38:58.307661,Tablet,Electronics,North,Lucknow,30919.12,9,0.23,Credit Card,Consumer,5792.73
ORD104501,2025-10-19 03:09:15.231046,Table,Furniture,North,Lucknow,20689.52,2,0.12,UPI,Home Office,2236.22
ORD104502,2025-10-19 06:39:32.154430,Programming Book,Books,West,Ahmedabad,46107.36,8,0.12,Net Banking,Corporate,9765.12
ORD104503,2025-10-19 10:09:49.077815,Laptop,Electronics,East,Chennai,25078.2,5,0.17,Credit Card,Consumer,1681.1
ORD104504,2025-10-19 13:40:06.001200,Headphones,Electronics,North,Ahmedabad,35506.96,9,0.13,Credit Card,Corporate,2369.35
ORD104505,2025-10-19 17:10:22.924584,Dinner Set,Home & Kitchen,South,Bengaluru,11099.65,8,0.37,Debit Card,Consumer,1370.69
ORD104506,2025-10-19 20:40:39.847969,Sofa,Furniture,East,Jaipur,38096.48,3,0.02,Credit Card,Consumer,2320.98
ORD104507,2025-10-20 00:10:56.771354,Jeans,Clothing,West,Chennai,36103.57,3,0.09,Net Banking,Corporate,9352.38
ORD104508,2025-10-20 03:41:13.694738,Data Science Book,Books,East,Jaipur,45223.27,8,0.32,Cash on Delivery,Corporate,4065.75
ORD104509,2025-10-20 07:11:30.618123,Table,Furniture,South,Delhi,1884.32,9,0.33,Credit Card,Corporate,213.69
ORD104510,2025-10-20 10:41:47.541508,Programming Book,Books,South,Hyderabad,22485.53,2,0.04,UPI,Corporate,5467.92
ORD104511,2025-10-20 14:12:04.464892,Tablet,Electronics,North,Kolkata,34021.94,3,0.39,Net Banking,Home Office,3113.28
ORD104512,2025-10-20 17:42:21.388277,Coffee Maker,Home & Kitchen,South,Pune,4939.16,8,0.28,Cash on Delivery,Consumer,560.67
ORD104513,2025-10-20 21:12:38.311662,Air Fryer,Home & Kitchen,East,Ahmedabad,20648.08,2,0.11,Cash on Delivery,Home Office,2517.36
ORD104514,2025-10-21 00:42:55.235047,T-Shirt,Clothing,North,Kolkata,47118.9,8,0.18,Net Banking,Consumer,5329.3
ORD104515,2025-10-21 04:13:12.158431,Coffee Maker,Home & Kitchen,South,Pune,21909.54,5,0.12,Cash on Delivery,Home Office,3219.61
ORD104516,2025-10-21 07:43:29.081816,Smartphone,Electronics,North,Delhi,49273.16,6,0.06,UPI,Home Office,13268.93
ORD104517,2025-10-21 11:13:46.005201,Jacket,Clothing,North,Delhi,3030.59,4,0.12,Credit Card,Consumer,757.42
ORD104518,2025-10-21 14:44:02.928585,Sofa,Furniture,West,Hyderabad,35947.92,3,0.23,Net Banking,Home Office,5156.5
ORD104519,2025-10-21 18:14:19.851970,Coffee Maker,Home & Kitchen,North,Chennai,29134.61,8,0.33,Credit Card,Corporate,3201.11
ORD104520,2025-10-21 21:44:36.775355,T-Shirt,Clothing,North,Kolkata,25126.88,9,0.15,Credit Card,Corporate,5383.04
ORD104521,2025-10-22 01:14:53.698739,Smartphone,Electronics,South,Kolkata,48548.2,8,0.14,Cash on Delivery,Home Office,9195.02
ORD104522,2025-10-22 04:45:10.622124,Business Book,Books,East,Ahmedabad,6656.59,9,0.19,Net Banking,Home Office,1457.9
ORD104523,2025-10-22 08:15:27.545509,Data Science Book,Books,East,Delhi,44820.75,1,0.26,Credit Card,Consumer,7716.48
ORD104524,2025-10-22 11:45:44.468893,Smartwatch,Electronics,South,Pune,34623.77,5,0.3,Debit Card,Consumer,6982.24
ORD104525,2025-10-22 15:16:01.392278,Tablet,Electronics,East,Mumbai,13098.0,7,0.13,UPI,Home Office,3094.51
ORD104526,2025-10-22 18:46:18.315663,Data Science Book,Books,North,Hyderabad,45103.12,8,0.23,Cash on Delivery,Consumer,9162.04
ORD104527,2025-10-22 22:16:35.239047,Jacket,Clothing,West,Chennai,21578.89,2,0.16,Net Banking,Corporate,2680.64
ORD104528,2025-10-23 01:46:52.162432,Business Book,Books,North,Lucknow,40748.52,4,0.29,Net Banking,Corporate,4239.99
ORD104529,2025-10-23 05:17:09.085817,Laptop,Electronics,North,Mumbai,19564.06,7,0.07,Cash on Delivery,Corporate,4281.2
ORD104530,2025-10-23 08:47:26.009201,Air Fryer,Home & Kitchen,West,Bengaluru,42576.36,5,0.1,Credit Card,Consumer,2718.22
ORD104531,2025-10-23 12:17:42.932586,Table,Furniture,South,Jaipur,31904.13,1,0.17,Cash on Delivery,Consumer,3457.12
ORD104532,2025-10-23 15:47:59.855971,Mixer,Home & Kitchen,North,Hyderabad,7224.12,2,0.36,Net Banking,Consumer,1308.69
ORD104533,2025-10-23 19:18:16.779355,Mixer,Home & Kitchen,North,Pune,32553.23,5,0.23,Debit Card,Consumer,4073.86
ORD104534,2025-10-23 22:48:33.702740,Laptop,Electronics,South,Mumbai,9728.97,6,0.39,Credit Card,Home Office,697.17
ORD104535,2025-10-24 02:18:50.626125,Data Science Book,Books,North,Pune,20713.75,1,0.04,Cash on Delivery,Home Office,3362.85
ORD104536,2025-10-24 05:49:07.549509,T-Shirt,Clothing,North,Ahmedabad,8680.72,3,0.18,Net Banking,Home Office,869.47
ORD104537,2025-10-24 09:19:24.472894,Coffee Maker,Home & Kitchen,East,Hyderabad,1296.4,6,0.17,Net Banking,Home Office,260.47
ORD104538,2025-10-24 12:49:41.396279,Programming Book,Books,South,Delhi,10751.95,6,0.24,Net Banking,Corporate,2146.25
ORD104539,2025-10-24 16:19:58.319663,Dress,Clothing,North,Chennai,26911.33,7,0.32,Debit Card,Consumer,4495.59
ORD104540,2025-10-24 19:50:15.243048,Cookware Set,Home & Kitchen,North,Pune,24181.74,3,0.34,Credit Card,Corporate,1392.69
ORD104541,2025-10-24 23:20:32.166433,Dress,Clothing,West,Kolkata,25174.56,1,0.27,Cash on Delivery,Consumer,2462.84
ORD104542,2025-10-25 02:50:49.089817,Data Science Book,Books,West,Mumbai,12534.81,7,0.26,Credit Card,Home Office,959.97
ORD104543,2025-10-25 06:21:06.013202,Office Chair,Furniture,West,Kolkata,34321.03,3,0.38,Net Banking,Corporate,1291.63
ORD104544,2025-10-25 09:51:22.936587,Programming Book,Books,North,Pune,35272.31,5,0.15,Debit Card,Consumer,7039.46
ORD104545,2025-10-25 13:21:39.859971,Smartwatch,Electronics,North,Mumbai,18026.8,4,0.33,Debit Card,Home Office,1897.32
ORD104546,2025-10-25 16:51:56.783356,T-Shirt,Clothing,West,Delhi,44082.27,1,0.37,Net Banking,Consumer,3309.17
ORD104547,2025-10-25 20:22:13.706741,Table,Furniture,East,Jaipur,32272.36,7,0.2,Credit Card,Consumer,3275.82
ORD104548,2025-10-25 23:52:30.630126,Jacket,Clothing,East,Jaipur,35709.36,4,0.29,Credit Card,Home Office,2123.47
ORD104549,2025-10-26 03:22:47.553510,Jeans,Clothing,East,Ahmedabad,14011.53,1,0.15,Debit Card,Corporate,3057.13
ORD104550,2025-10-26 06:53:04.476895,Mixer,Home & Kitchen,East,Bengaluru,230.46,6,0.06,UPI,Consumer,18.63
ORD104551,2025-10-26 10:23:21.400280,Smartphone,Electronics,South,Jaipur,43295.71,4,0.23,Debit Card,Home Office,4486.56
ORD104552,2025-10-26 13:53:38.323664,T-Shirt,Clothing,West,Bengaluru,41156.73,4,0.08,Debit Card,Consumer,1963.14
ORD104553,2025-10-26 17:23:55.247049,Data Science Book,Books,North,Mumbai,6334.96,2,0.18,Cash on Delivery,Consumer,826.49
ORD104554,2025-10-26 20:54:12.170434,Exam Guide,Books,West,Jaipur,18830.44,1,0.35,Debit Card,Consumer,1697.66
ORD104555,2025-10-27 00:24:29.093818,Air Fryer,Home & Kitchen,East,Pune,33134.7,3,0.03,UPI,Corporate,7385.14
ORD104556,2025-10-27 03:54:46.017203,Smartphone,Electronics,North,Delhi,32675.12,5,0.01,Debit Card,Corporate,7402.23
ORD104557,2025-10-27 07:25:02.940588,Laptop,Electronics,South,Pune,43045.45,9,0.24,Credit Card,Corporate,1951.68
ORD104558,2025-10-27 10:55:19.863972,Novel,Books,West,Pune,7185.35,7,0.13,Cash on Delivery,Corporate,493.64
ORD104559,2025-10-27 14:25:36.787357,Table,Furniture,North,Bengaluru,21611.0,4,0.17,Cash on Delivery,Home Office,4953.46
ORD104560,2025-10-27 17:55:53.710742,Air Fryer,Home & Kitchen,North,Lucknow,5041.78,8,0.16,Debit Card,Corporate,1050.09
ORD104561,2025-10-27 21:26:10.634126,Cookware Set,Home & Kitchen,East,Lucknow,19601.84,4,0.03,Cash on Delivery,Consumer,2802.08
ORD104562,2025-10-28 00:56:27.557511,Novel,Books,East,Chennai,952.35,6,0.0,Cash on Delivery,Home Office,87.23
ORD104563,2025-10-28 04:26:44.480896,Exam Guide,Books,West,Jaipur,44934.0,1,0.36,Debit Card,Consumer,3312.76
ORD104564,2025-10-28 07:57:01.404280,Office Chair,Furniture,South,Delhi,26446.79,6,0.09,UPI,Corporate,5162.44
ORD104565,2025-10-28 11:27:18.327665,Desk,Furniture,North,Delhi,42520.15,5,0.17,Debit Card,Consumer,10106.61
ORD104566,2025-10-28 14:57:35.251050,Tablet,Electronics,East,Kolkata,3183.25,2,0.39,Credit Card,Consumer,396.0
ORD104567,2025-10-28 18:27:52.174434,Mixer,Home & Kitchen,West,Pune,11527.41,1,0.33,Net Banking,Consumer,437.23
ORD104568,2025-10-28 21:58:09.097819,Mixer,Home & Kitchen,East,Delhi,13117.12,6,0.04,UPI,Consumer,2678.15
ORD104569,2025-10-29 01:28:26.021204,Data Science Book,Books,West,Mumbai,19457.24,2,0.2,Debit Card,Corporate,4454.74
ORD104570,2025-10-29 04:58:42.944588,Tablet,Electronics,East,Hyderabad,40182.75,9,0.29,UPI,Consumer,3984.47
ORD104571,2025-10-29 08:28:59.867973,Mixer,Home & Kitchen,South,Pune,19450.58,9,0.28,Net Banking,Consumer,3968.7
ORD104572,2025-10-29 11:59:16.791358,Headphones,Electronics,North,Bengaluru,10391.75,1,0.3,Cash on Delivery,Consumer,1583.27
ORD104573,2025-10-29 15:29:33.714742,Smartwatch,Electronics,East,Pune,3436.51,5,0.18,Cash on Delivery,Consumer,274.63
ORD104574,2025-10-29 18:59:50.638127,Exam Guide,Books,North,Delhi,4158.69,8,0.07,Net Banking,Corporate,333.87
ORD104575,2025-10-29 22:30:07.561512,Smartwatch,Electronics,West,Ahmedabad,38050.35,4,0.19,Cash on Delivery,Consumer,2899.46
ORD104576,2025-10-30 02:00:24.484896,Office Chair,Furniture,South,Mumbai,22351.19,3,0.26,UPI,Home Office,3718.27
ORD104577,2025-10-30 05:30:41.408281,Table,Furniture,North,Mumbai,36363.82,5,0.24,Cash on Delivery,Home Office,5454.9
ORD104578,2025-10-30 09:00:58.331666,Jacket,Clothing,East,Jaipur,34177.9,5,0.03,Net Banking,Consumer,5433.24
ORD104579,2025-10-30 12:31:15.255051,Programming Book,Books,North,Lucknow,6941.05,8,0.03,Net Banking,Consumer,779.92
ORD104580,2025-10-30 16:01:32.178435,Dress,Clothing,North,Bengaluru,7315.82,6,0.39,Net Banking,Corporate,1235.3
ORD104581,2025-10-30 19:31:49.101820,Table,Furniture,West,Jaipur,37816.03,2,0.06,Credit Card,Home Office,3676.84
ORD104582,2025-10-30 23:02:06.025205,Shoes,Clothing,South,Chennai,36119.16,1,0.12,UPI,Corporate,3842.84
ORD104583,2025-10-31 02:32:22.948589,Programming Book,Books,South,Hyderabad,19025.93,3,0.31,Net Banking,Consumer,836.63
ORD104584,2025-10-31 06:02:39.871974,Data Science Book,Books,North,Kolkata,4055.63,2,0.16,UPI,Home Office,404.83
ORD104585,2025-10-31 09:32:56.795359,Headphones,Electronics,North,Mumbai,802.48,4,0.07,Credit Card,Home Office,209.51
ORD104586,2025-10-31 13:03:13.718743,Mixer,Home & Kitchen,West,Bengaluru,14550.22,3,0.19,UPI,Corporate,1142.04
ORD104587,2025-10-31 16:33:30.642128,Laptop,Electronics,North,Lucknow,659.27,9,0.23,Debit Card,Consumer,51.27
ORD104588,2025-10-31 20:03:47.565513,Novel,Books,West,Bengaluru,11657.62,5,0.18,Credit Card,Home Office,1911.8
ORD104589,2025-10-31 23:34:04.488897,Sofa,Furniture,South,Kolkata,21091.14,4,0.37,Credit Card,Corporate,2547.71
ORD104590,2025-11-01 03:04:21.412282,Office Chair,Furniture,South,Kolkata,6246.51,9,0.11,Cash on Delivery,Home Office,522.53
ORD104591,2025-11-01 06:34:38.335667,Laptop,Electronics,West,Jaipur,5393.03,4,0.26,Net Banking,Consumer,353.45
ORD104592,2025-11-01 10:04:55.259051,Novel,Books,North,Pune,44842.58,6,0.04,Credit Card,Consumer,3411.38
ORD104593,2025-11-01 13:35:12.182436,Desk,Furniture,South,Chennai,29356.41,1,0.16,UPI,Consumer,6541.43
ORD104594,2025-11-01 17:05:29.105821,Exam Guide,Books,East,Chennai,46735.89,2,0.3,Debit Card,Corporate,6988.24
ORD104595,2025-11-01 20:35:46.029205,Bookshelf,Furniture,West,Delhi,17422.14,4,0.09,UPI,Consumer,4571.72
ORD104596,2025-11-02 00:06:02.952590,Business Book,Books,South,Chennai,33921.82,9,0.24,UPI,Corporate,2357.85
ORD104597,2025-11-02 03:36:19.875975,Dress,Clothing,South,Bengaluru,10393.65,6,0.06,Debit Card,Home Office,1613.53
ORD104598,2025-11-02 07:06:36.799359,Programming Book,Books,South,Chennai,30993.35,6,0.04,Cash on Delivery,Consumer,7014.76
ORD104599,2025-11-02 10:36:53.722744,Novel,Books,East,Lucknow,6653.37,9,0.21,Net Banking,Corporate,543.42
ORD104600,2025-11-02 14:07:10.646129,Headphones,Electronics,East,Chennai,303.62,4,0.27,Credit Card,Corporate,49.02
ORD104601,2025-11-02 17:37:27.569513,Dress,Clothing,East,Mumbai,46590.28,3,0.05,Net Banking,Corporate,7455.76
ORD104602,2025-11-02 21:07:44.492898,Air Fryer,Home & Kitchen,North,Delhi,27833.74,7,0.37,Cash on Delivery,Consumer,2765.44
ORD104603,2025-11-03 00:38:01.416283,Smartphone,Electronics,West,Bengaluru,46361.65,7,0.09,Debit Card,Corporate,8912.42
ORD104604,2025-11-03 04:08:18.339667,Dinner Set,Home & Kitchen,North,Kolkata,16824.81,9,0.05,Net Banking,Consumer,2668.04
ORD104605,2025-11-03 07:38:35.263052,Table,Furniture,East,Jaipur,16523.75,6,0.08,UPI,Consumer,3876.52
ORD104606,2025-11-03 11:08:52.186437,Air Fryer,Home & Kitchen,West,Hyderabad,20152.62,2,0.07,Credit Card,Home Office,5297.04
ORD104607,2025-11-03 14:39:09.109821,Novel,Books,North,Jaipur,35360.84,6,0.04,Credit Card,Home Office,6694.73
ORD104608,2025-11-03 18:09:26.033206,Mixer,Home & Kitchen,North,Pune,28377.27,8,0.32,Cash on Delivery,Consumer,2414.94
ORD104609,2025-11-03 21:39:42.956591,Tablet,Electronics,North,Hyderabad,46282.67,6,0.2,Cash on Delivery,Home Office,9045.69
ORD104610,2025-11-04 01:09:59.879975,Laptop,Electronics,East,Lucknow,1466.96,9,0.16,Debit Card,Corporate,114.13
ORD104611,2025-11-04 04:40:16.803360,Cookware Set,Home & Kitchen,South,Ahmedabad,35468.16,4,0.38,Cash on Delivery,Consumer,1621.73
ORD104612,2025-11-04 08:10:33.726745,Tablet,Electronics,West,Delhi,16650.32,3,0.15,Net Banking,Home Office,2543.01
ORD104613,2025-11-04 11:40:50.650130,Tablet,Electronics,East,Kolkata,9175.64,5,0.07,Credit Card,Corporate,1806.37
ORD104614,2025-11-04 15:11:07.573514,Mixer,Home & Kitchen,West,Jaipur,25617.7,3,0.11,Debit Card,Consumer,5899.42
ORD104615,2025-11-04 18:41:24.496899,Shoes,Clothing,East,Chennai,25352.18,2,0.1,Cash on Delivery,Corporate,6589.61
ORD104616,2025-11-04 22:11:41.420284,T-Shirt,Clothing,North,Delhi,7023.15,2,0.2,UPI,Consumer,1507.64
ORD104617,2025-11-05 01:41:58.343668,Office Chair,Furniture,North,Chennai,10254.42,4,0.12,Credit Card,Home Office,2681.67
ORD104618,2025-11-05 05:12:15.267053,Smartwatch,Electronics,South,Delhi,20526.6,3,0.21,Debit Card,Corporate,2739.29
ORD104619,2025-11-05 08:42:32.190438,Cookware Set,Home & Kitchen,South,Delhi,20558.81,9,0.27,Credit Card,Home Office,1938.04
ORD104620,2025-11-05 12:12:49.113822,Smartphone,Electronics,West,Pune,16014.4,7,0.31,Net Banking,Corporate,1822.43
ORD104621,2025-11-05 15:43:06.037207,Exam Guide,Books,South,Mumbai,7597.55,6,0.28,Cash on Delivery,Corporate,1154.4
ORD104622,2025-11-05 19:13:22.960592,Headphones,Electronics,South,Lucknow,417.81,8,0.08,Cash on Delivery,Corporate,67.96
ORD104623,2025-11-05 22:43:39.883976,Headphones,Electronics,West,Chennai,48517.71,9,0.05,Cash on Delivery,Corporate,9611.53
ORD104624,2025-11-06 02:13:56.807361,Dress,Clothing,East,Chennai,47186.26,3,0.22,UPI,Home Office,9999.28
ORD104625,2025-11-06 05:44:13.730746,Air Fryer,Home & Kitchen,South,Chennai,24285.79,7,0.08,Net Banking,Corporate,2043.33
ORD104626,2025-11-06 09:14:30.654130,Laptop,Electronics,East,Pune,49753.58,9,0.03,UPI,Home Office,3864.06
ORD104627,2025-11-06 12:44:47.577515,T-Shirt,Clothing,North,Jaipur,33747.99,1,0.21,Net Banking,Corporate,4655.79
ORD104628,2025-11-06 16:15:04.500900,Sofa,Furniture,South,Bengaluru,3629.11,9,0.13,Net Banking,Consumer,932.81
ORD104629,2025-11-06 19:45:21.424284,Shoes,Clothing,North,Chennai,6062.37,7,0.3,Net Banking,Consumer,274.82
ORD104630,2025-11-06 23:15:38.347669,Dress,Clothing,North,Jaipur,45822.32,4,0.13,Cash on Delivery,Corporate,11825.65
ORD104631,2025-11-07 02:45:55.271054,Dress,Clothing,East,Mumbai,31576.6,6,0.39,Cash on Delivery,Consumer,5623.01
ORD104632,2025-11-07 06:16:12.194438,Tablet,Electronics,West,Chennai,42190.54,6,0.3,Cash on Delivery,Corporate,3637.03
ORD104633,2025-11-07 09:46:29.117823,Laptop,Electronics,South,Lucknow,44933.83,6,0.02,UPI,Home Office,12010.63
ORD104634,2025-11-07 13:16:46.041208,Bookshelf,Furniture,East,Kolkata,22507.51,2,0.2,Debit Card,Consumer,935.23
ORD104635,2025-11-07 16:47:02.964592,Exam Guide,Books,West,Ahmedabad,2616.59,5,0.23,Net Banking,Corporate,329.45
ORD104636,2025-11-07 20:17:19.887977,Exam Guide,Books,North,Chennai,9576.36,7,0.28,UPI,Corporate,1037.91
ORD104637,2025-11-07 23:47:36.811362,Programming Book,Books,South,Bengaluru,3515.28,6,0.2,Cash on Delivery,Home Office,775.23
ORD104638,2025-11-08 03:17:53.734746,Office Chair,Furniture,North,Kolkata,9599.24,3,0.19,Cash on Delivery,Home Office,1306.84
ORD104639,2025-11-08 06:48:10.658131,Programming Book,Books,North,Lucknow,20644.54,5,0.15,Debit Card,Corporate,2710.88
ORD104640,2025-11-08 10:18:27.581516,Data Science Book,Books,South,Pune,6086.2,8,0.11,Cash on Delivery,Corporate,1136.96
ORD104641,2025-11-08 13:48:44.504900,Dress,Clothing,West,Ahmedabad,8503.32,5,0.38,Net Banking,Corporate,758.91
ORD104642,2025-11-08 17:19:01.428285,Smartphone,Electronics,West,Pune,22401.92,3,0.13,Credit Card,Corporate,3588.83
ORD104643,2025-11-08 20:49:18.351670,Smartphone,Electronics,South,Bengaluru,17140.51,9,0.03,Cash on Delivery,Corporate,4803.2
ORD104644,2025-11-09 00:19:35.275055,Dress,Clothing,South,Ahmedabad,23489.37,3,0.07,Debit Card,Corporate,2198.81
ORD104645,2025-11-09 03:49:52.198439,Dress,Clothing,East,Bengaluru,21572.77,2,0.34,Credit Card,Home Office,2345.4
ORD104646,2025-11-09 07:20:09.121824,Dress,Clothing,East,Pune,32295.01,6,0.23,Net Banking,Consumer,1338.96
ORD104647,2025-11-09 10:50:26.045209,Tablet,Electronics,North,Lucknow,46872.04,8,0.31,Net Banking,Corporate,8426.93
ORD104648,2025-11-09 14:20:42.968593,Data Science Book,Books,South,Ahmedabad,5571.64,6,0.32,Net Banking,Corporate,276.59
ORD104649,2025-11-09 17:50:59.891978,Jeans,Clothing,West,Hyderabad,5143.16,1,0.33,Debit Card,Home Office,253.93
ORD104650,2025-11-09 21:21:16.815363,Sofa,Furniture,North,Jaipur,42669.74,8,0.22,Credit Card,Consumer,9009.87
ORD104651,2025-11-10 00:51:33.738747,Jeans,Clothing,North,Lucknow,25418.56,1,0.07,Net Banking,Home Office,3600.83
ORD104652,2025-11-10 04:21:50.662132,Cookware Set,Home & Kitchen,North,Ahmedabad,38366.97,9,0.06,Cash on Delivery,Home Office,8000.07
ORD104653,2025-11-10 07:52:07.585517,T-Shirt,Clothing,North,Bengaluru,10928.01,8,0.23,Credit Card,Corporate,2225.33
ORD104654,2025-11-10 11:22:24.508901,Tablet,Electronics,West,Bengaluru,41477.36,6,0.15,Net Banking,Corporate,5063.41
ORD104655,2025-11-10 14:52:41.432286,Dress,Clothing,North,Mumbai,46207.56,2,0.22,Credit Card,Home Office,4158.76
ORD104656,2025-11-10 18:22:58.355671,Dinner Set,Home & Kitchen,South,Lucknow,31847.05,9,0.2,Cash on Delivery,Corporate,2353.61
ORD104657,2025-11-10 21:53:15.279055,Office Chair,Furniture,East,Bengaluru,5472.78,8,0.24,UPI,Corporate,839.27
ORD104658,2025-11-11 01:23:32.202440,Data Science Book,Books,West,Delhi,44785.68,4,0.01,Net Banking,Corporate,5013.19
ORD104659,2025-11-11 04:53:49.125825,Jacket,Clothing,South,Jaipur,39665.89,2,0.01,Cash on Delivery,Consumer,8190.46
ORD104660,2025-11-11 08:24:06.049209,Coffee Maker,Home & Kitchen,South,Pune,37593.71,6,0.29,Debit Card,Consumer,3450.83
ORD104661,2025-11-11 11:54:22.972594,Air Fryer,Home & Kitchen,South,Kolkata,2029.06,1,0.08,Net Banking,Corporate,255.64
ORD104662,2025-11-11 15:24:39.895979,Bookshelf,Furniture,East,Mumbai,39988.33,7,0.26,UPI,Home Office,3322.48
ORD104663,2025-11-11 18:54:56.819363,Tablet,Electronics,East,Bengaluru,7069.96,1,0.22,Cash on Delivery,Consumer,852.65
ORD104664,2025-11-11 22:25:13.742748,Jeans,Clothing,East,Delhi,11274.83,6,0.39,Cash on Delivery,Home Office,622.65
ORD104665,2025-11-12 01:55:30.666133,Air Fryer,Home & Kitchen,South,Mumbai,28941.31,5,0.33,Credit Card,Corporate,2519.37
ORD104666,2025-11-12 05:25:47.589517,Bookshelf,Furniture,East,Delhi,13396.04,3,0.17,Net Banking,Home Office,2718.19
ORD104667,2025-11-12 08:56:04.512902,Programming Book,Books,North,Mumbai,33135.14,6,0.25,UPI,Home Office,2582.17
ORD104668,2025-11-12 12:26:21.436287,Coffee Maker,Home & Kitchen,East,Bengaluru,30481.91,4,0.05,Debit Card,Consumer,8304.47
ORD104669,2025-11-12 15:56:38.359671,Office Chair,Furniture,West,Delhi,5585.85,6,0.15,Credit Card,Home Office,822.49
ORD104670,2025-11-12 19:26:55.283056,Tablet,Electronics,South,Ahmedabad,32869.53,4,0.29,Net Banking,Home Office,1790.68
ORD104671,2025-11-12 22:57:12.206441,Smartphone,Electronics,South,Lucknow,46212.95,1,0.25,UPI,Consumer,9904.54
ORD104672,2025-11-13 02:27:29.129825,Coffee Maker,Home & Kitchen,North,Kolkata,8223.27,5,0.19,Credit Card,Corporate,1093.51
ORD104673,2025-11-13 05:57:46.053210,Mixer,Home & Kitchen,East,Pune,29933.69,8,0.07,UPI,Home Office,5268.16
ORD104674,2025-11-13 09:28:02.976595,Jacket,Clothing,East,Kolkata,17224.9,6,0.32,UPI,Corporate,1127.94
ORD104675,2025-11-13 12:58:19.899979,Bookshelf,Furniture,West,Pune,23088.66,9,0.11,Credit Card,Corporate,2739.73
ORD104676,2025-11-13 16:28:36.823364,Coffee Maker,Home & Kitchen,North,Hyderabad,14492.61,4,0.33,Credit Card,Corporate,2193.59
ORD104677,2025-11-13 19:58:53.746749,Jacket,Clothing,West,Jaipur,17835.71,9,0.24,Net Banking,Consumer,1097.86
ORD104678,2025-11-13 23:29:10.670134,T-Shirt,Clothing,West,Hyderabad,1639.81,8,0.15,Credit Card,Corporate,268.47
ORD104679,2025-11-14 02:59:27.593518,Mixer,Home & Kitchen,South,Chennai,49081.28,3,0.02,Net Banking,Home Office,10744.53
ORD104680,2025-11-14 06:29:44.516903,Headphones,Electronics,South,Bengaluru,31315.04,6,0.09,UPI,Corporate,1437.92
ORD104681,2025-11-14 10:00:01.440288,Bookshelf,Furniture,East,Ahmedabad,25135.14,4,0.36,Credit Card,Corporate,4172.74
ORD104682,2025-11-14 13:30:18.363672,Table,Furniture,East,Lucknow,19309.02,1,0.33,Net Banking,Corporate,829.05
ORD104683,2025-11-14 17:00:35.287057,Smartphone,Electronics,West,Ahmedabad,27060.85,9,0.23,Net Banking,Home Office,2328.1
ORD104684,2025-11-14 20:30:52.210442,Coffee Maker,Home & Kitchen,East,Kolkata,19129.28,4,0.19,Debit Card,Corporate,4507.2
ORD104685,2025-11-15 00:01:09.133826,Office Chair,Furniture,West,Pune,18123.41,5,0.26,Net Banking,Corporate,942.28
ORD104686,2025-11-15 03:31:26.057211,Coffee Maker,Home & Kitchen,East,Hyderabad,23304.54,3,0.19,Net Banking,Corporate,4841.59
ORD104687,2025-11-15 07:01:42.980596,Dinner Set,Home & Kitchen,East,Ahmedabad,13943.96,4,0.26,Debit Card,Consumer,2197.84
ORD104688,2025-11-15 10:31:59.903980,T-Shirt,Clothing,South,Hyderabad,9166.49,9,0.12,Cash on Delivery,Home Office,1610.03
ORD104689,2025-11-15 14:02:16.827365,Tablet,Electronics,South,Jaipur,27918.97,7,0.34,Credit Card,Consumer,3600.92
ORD104690,2025-11-15 17:32:33.750750,Dinner Set,Home & Kitchen,South,Jaipur,42169.72,8,0.28,Debit Card,Home Office,2781.62
ORD104691,2025-11-15 21:02:50.674134,Data Science Book,Books,South,Pune,7810.84,3,0.13,Net Banking,Corporate,1476.0
ORD104692,2025-11-16 00:33:07.597519,Smartwatch,Electronics,North,Chennai,1830.17,3,0.33,Net Banking,Home Office,353.04
ORD104693,2025-11-16 04:03:24.520904,Sofa,Furniture,South,Ahmedabad,12491.22,7,0.19,Credit Card,Home Office,700.75
ORD104694,2025-11-16 07:33:41.444288,Jacket,Clothing,North,Lucknow,48990.09,8,0.07,UPI,Home Office,6064.28
ORD104695,2025-11-16 11:03:58.367673,Sofa,Furniture,South,Hyderabad,41472.15,5,0.03,Debit Card,Home Office,6760.83
ORD104696,2025-11-16 14:34:15.291058,Bookshelf,Furniture,East,Hyderabad,29874.13,1,0.28,Cash on Delivery,Consumer,2324.58
ORD104697,2025-11-16 18:04:32.214442,Laptop,Electronics,West,Jaipur,46476.6,3,0.35,Credit Card,Home Office,7106.03
ORD104698,2025-11-16 21:34:49.137827,Table,Furniture,East,Bengaluru,22374.9,5,0.32,Credit Card,Consumer,3380.08
ORD104699,2025-11-17 01:05:06.061212,Dinner Set,Home & Kitchen,East,Pune,49167.37,3,0.26,Debit Card,Consumer,2890.49
ORD104700,2025-11-17 04:35:22.984596,Sofa,Furniture,North,Hyderabad,14955.84,1,0.06,Net Banking,Corporate,2704.37
ORD104701,2025-11-17 08:05:39.907981,Jeans,Clothing,South,Jaipur,12167.23,7,0.04,Net Banking,Home Office,1661.19
ORD104702,2025-11-17 11:35:56.831366,Dress,Clothing,West,Jaipur,31974.8,1,0.14,Cash on Delivery,Corporate,2944.95
ORD104703,2025-11-17 15:06:13.754750,Data Science Book,Books,West,Delhi,19032.07,6,0.34,Debit Card,Home Office,3291.95
ORD104704,2025-11-17 18:36:30.678135,Jeans,Clothing,South,Hyderabad,31393.0,6,0.38,Credit Card,Consumer,1239.22
ORD104705,2025-11-17 22:06:47.601520,Desk,Furniture,North,Delhi,15388.78,7,0.1,Debit Card,Consumer,2310.82
ORD104706,2025-11-18 01:37:04.524904,Dress,Clothing,North,Lucknow,30972.33,1,0.3,UPI,Consumer,3660.3
ORD104707,2025-11-18 05:07:21.448289,Tablet,Electronics,North,Lucknow,13932.16,3,0.23,Credit Card,Home Office,2065.42
ORD104708,2025-11-18 08:37:38.371674,Dress,Clothing,West,Jaipur,2738.41,9,0.01,Cash on Delivery,Home Office,269.47
ORD104709,2025-11-18 12:07:55.295059,Air Fryer,Home & Kitchen,North,Bengaluru,45624.37,2,0.22,Cash on Delivery,Home Office,9530.21
ORD104710,2025-11-18 15:38:12.218443,Smartphone,Electronics,North,Bengaluru,44183.62,5,0.32,Credit Card,Home Office,8752.84
ORD104711,2025-11-18 19:08:29.141828,Business Book,Books,West,Delhi,48545.75,3,0.11,Net Banking,Home Office,8089.78
ORD104712,2025-11-18 22:38:46.065213,Air Fryer,Home & Kitchen,West,Jaipur,35883.05,5,0.36,Credit Card,Corporate,2618.75
ORD104713,2025-11-19 02:09:02.988597,Office Chair,Furniture,East,Delhi,34199.51,7,0.09,Credit Card,Home Office,8378.13
ORD104714,2025-11-19 05:39:19.911982,Table,Furniture,West,Pune,28038.35,1,0.03,UPI,Corporate,8078.74
ORD104715,2025-11-19 09:09:36.835367,Desk,Furniture,South,Delhi,6471.93,3,0.06,Credit Card,Home Office,1432.51
ORD104716,2025-11-19 12:39:53.758751,Air Fryer,Home & Kitchen,West,Chennai,9623.92,6,0.33,Debit Card,Home Office,860.34
ORD104717,2025-11-19 16:10:10.682136,Mixer,Home & Kitchen,West,Hyderabad,14615.59,7,0.17,Debit Card,Home Office,1322.33
ORD104718,2025-11-19 19:40:27.605521,Air Fryer,Home & Kitchen,North,Lucknow,44529.79,3,0.32,Cash on Delivery,Home Office,2699.63
ORD104719,2025-11-19 23:10:44.528905,Headphones,Electronics,East,Mumbai,8813.88,4,0.21,Net Banking,Consumer,757.12
ORD104720,2025-11-20 02:41:01.452290,Smartwatch,Electronics,North,Jaipur,46159.08,6,0.19,Cash on Delivery,Consumer,3994.53
ORD104721,2025-11-20 06:11:18.375675,Sofa,Furniture,East,Bengaluru,26234.73,5,0.32,UPI,Corporate,5206.58
ORD104722,2025-11-20 09:41:35.299059,Jacket,Clothing,North,Ahmedabad,35835.37,9,0.17,Credit Card,Corporate,6270.19
ORD104723,2025-11-20 13:11:52.222444,Office Chair,Furniture,South,Hyderabad,5690.18,1,0.32,Cash on Delivery,Home Office,354.99
ORD104724,2025-11-20 16:42:09.145829,Novel,Books,North,Mumbai,13597.87,5,0.04,Credit Card,Home Office,2245.41
ORD104725,2025-11-20 20:12:26.069213,Smartphone,Electronics,North,Chennai,47934.23,1,0.25,Cash on Delivery,Home Office,3456.98
ORD104726,2025-11-20 23:42:42.992598,Dinner Set,Home & Kitchen,South,Ahmedabad,13454.27,8,0.28,Credit Card,Home Office,1951.99
ORD104727,2025-11-21 03:12:59.915983,Tablet,Electronics,South,Bengaluru,14966.78,7,0.36,Cash on Delivery,Consumer,1296.5
ORD104728,2025-11-21 06:43:16.839367,Cookware Set,Home & Kitchen,West,Chennai,10040.35,5,0.09,Debit Card,Corporate,903.6
ORD104729,2025-11-21 10:13:33.762752,Data Science Book,Books,North,Bengaluru,6627.87,6,0.24,UPI,Corporate,557.6
ORD104730,2025-11-21 13:43:50.686137,Data Science Book,Books,South,Bengaluru,11816.23,4,0.17,Cash on Delivery,Corporate,2145.63
ORD104731,2025-11-21 17:14:07.609521,Smartwatch,Electronics,South,Jaipur,32187.88,9,0.15,Debit Card,Consumer,4158.92
ORD104732,2025-11-21 20:44:24.532906,Coffee Maker,Home & Kitchen,West,Ahmedabad,22877.31,3,0.04,Net Banking,Home Office,3915.64
ORD104733,2025-11-22 00:14:41.456291,Exam Guide,Books,East,Pune,27777.04,2,0.05,Cash on Delivery,Consumer,6737.82
ORD104734,2025-11-22 03:44:58.379675,Desk,Furniture,South,Delhi,6293.77,7,0.33,Credit Card,Consumer,901.79
ORD104735,2025-11-22 07:15:15.303060,Bookshelf,Furniture,South,Delhi,40145.4,2,0.3,UPI,Corporate,4653.75
ORD104736,2025-11-22 10:45:32.226445,Cookware Set,Home & Kitchen,North,Hyderabad,39247.92,6,0.15,Debit Card,Consumer,9625.04
ORD104737,2025-11-22 14:15:49.149829,Laptop,Electronics,West,Bengaluru,1275.18,8,0.33,Debit Card,Corporate,88.54
ORD104738,2025-11-22 17:46:06.073214,Novel,Books,North,Hyderabad,19299.05,3,0.03,UPI,Consumer,2288.49
ORD104739,2025-11-22 21:16:22.996599,Laptop,Electronics,East,Ahmedabad,3624.78,3,0.25,Cash on Delivery,Corporate,755.38
ORD104740,2025-11-23 00:46:39.919983,Sofa,Furniture,West,Bengaluru,39646.87,3,0.35,Credit Card,Corporate,6785.53
ORD104741,2025-11-23 04:16:56.843368,Business Book,Books,North,Bengaluru,36916.03,1,0.34,Net Banking,Home Office,2010.43
ORD104742,2025-11-23 07:47:13.766753,Tablet,Electronics,South,Mumbai,45119.01,9,0.15,Cash on Delivery,Corporate,10833.7
ORD104743,2025-11-23 11:17:30.690138,Jeans,Clothing,South,Lucknow,11972.92,5,0.3,UPI,Consumer,440.36
ORD104744,2025-11-23 14:47:47.613522,Cookware Set,Home & Kitchen,West,Delhi,22923.53,9,0.17,Cash on Delivery,Corporate,4863.28
ORD104745,2025-11-23 18:18:04.536907,Mixer,Home & Kitchen,South,Ahmedabad,9387.5,5,0.34,Cash on Delivery,Consumer,741.64
ORD104746,2025-11-23 21:48:21.460292,Shoes,Clothing,North,Chennai,18687.5,7,0.21,UPI,Corporate,1434.45
ORD104747,2025-11-24 01:18:38.383676,Office Chair,Furniture,West,Chennai,26207.71,1,0.31,UPI,Home Office,2932.71
ORD104748,2025-11-24 04:48:55.307061,Business Book,Books,South,Pune,2855.87,9,0.03,Net Banking,Home Office,759.78
ORD104749,2025-11-24 08:19:12.230446,Mixer,Home & Kitchen,South,Kolkata,35800.55,1,0.24,UPI,Consumer,6706.18
ORD104750,2025-11-24 11:49:29.153830,Shoes,Clothing,East,Ahmedabad,27256.01,4,0.22,UPI,Corporate,6202.88
ORD104751,2025-11-24 15:19:46.077215,T-Shirt,Clothing,East,Kolkata,41482.16,7,0.24,UPI,Consumer,5840.26
ORD104752,2025-11-24 18:50:03.000600,Sofa,Furniture,West,Mumbai,13734.67,9,0.28,Debit Card,Home Office,1756.68
ORD104753,2025-11-24 22:20:19.923984,Office Chair,Furniture,East,Chennai,45185.39,1,0.37,UPI,Consumer,1516.08
ORD104754,2025-11-25 01:50:36.847369,Smartphone,Electronics,North,Ahmedabad,49934.97,6,0.31,UPI,Consumer,3278.47
ORD104755,2025-11-25 05:20:53.770754,Dinner Set,Home & Kitchen,South,Bengaluru,45981.06,5,0.09,UPI,Corporate,7297.59
ORD104756,2025-11-25 08:51:10.694138,Laptop,Electronics,South,Lucknow,38939.05,3,0.33,Net Banking,Home Office,6212.92
ORD104757,2025-11-25 12:21:27.617523,Dress,Clothing,South,Jaipur,40655.97,2,0.05,Cash on Delivery,Home Office,9874.04
ORD104758,2025-11-25 15:51:44.540908,Novel,Books,West,Lucknow,28772.46,1,0.25,UPI,Corporate,2607.14
ORD104759,2025-11-25 19:22:01.464292,Novel,Books,West,Pune,9669.66,2,0.35,UPI,Corporate,1433.76
ORD104760,2025-11-25 22:52:18.387677,Sofa,Furniture,East,Chennai,33916.63,4,0.04,Net Banking,Corporate,8372.22
ORD104761,2025-11-26 02:22:35.311062,Exam Guide,Books,South,Hyderabad,35695.1,6,0.34,Cash on Delivery,Home Office,3385.42
ORD104762,2025-11-26 05:52:52.234446,Data Science Book,Books,South,Hyderabad,49272.18,5,0.32,Net Banking,Home Office,7501.42
ORD104763,2025-11-26 09:23:09.157831,Business Book,Books,South,Jaipur,27156.81,4,0.2,Credit Card,Corporate,3461.3
ORD104764,2025-11-26 12:53:26.081216,Dress,Clothing,South,Chennai,13714.18,8,0.12,Credit Card,Consumer,3577.25
ORD104765,2025-11-26 16:23:43.004600,Programming Book,Books,South,Ahmedabad,34246.89,7,0.16,Credit Card,Home Office,1486.32
ORD104766,2025-11-26 19:53:59.927985,Programming Book,Books,North,Bengaluru,48972.92,4,0.39,UPI,Corporate,4588.16
ORD104767,2025-11-26 23:24:16.851370,Novel,Books,South,Pune,9025.25,5,0.08,Net Banking,Corporate,962.59
ORD104768,2025-11-27 02:54:33.774754,Headphones,Electronics,North,Hyderabad,16434.7,5,0.23,UPI,Consumer,3321.03
ORD104769,2025-11-27 06:24:50.698139,T-Shirt,Clothing,South,Jaipur,27185.67,3,0.03,Credit Card,Corporate,3211.39
ORD104770,2025-11-27 09:55:07.621524,Table,Furniture,West,Lucknow,8676.69,9,0.09,Cash on Delivery,Consumer,1468.31
ORD104771,2025-11-27 13:25:24.544908,Tablet,Electronics,West,Bengaluru,1306.59,5,0.31,Cash on Delivery,Consumer,211.92
ORD104772,2025-11-27 16:55:41.468293,Mixer,Home & Kitchen,North,Hyderabad,16981.76,2,0.12,Net Banking,Home Office,2604.84
ORD104773,2025-11-27 20:25:58.391678,Dress,Clothing,South,Lucknow,43295.47,4,0.39,Cash on Delivery,Corporate,4030.22
ORD104774,2025-11-27 23:56:15.315063,Dress,Clothing,West,Ahmedabad,2364.73,4,0.2,Credit Card,Home Office,114.7
ORD104775,2025-11-28 03:26:32.238447,Cookware Set,Home & Kitchen,West,Lucknow,21560.67,5,0.21,Net Banking,Home Office,949.3
ORD104776,2025-11-28 06:56:49.161832,Air Fryer,Home & Kitchen,South,Bengaluru,38157.6,8,0.01,Net Banking,Home Office,10929.76
ORD104777,2025-11-28 10:27:06.085217,Cookware Set,Home & Kitchen,South,Lucknow,47668.49,5,0.38,Credit Card,Corporate,6230.41
ORD104778,2025-11-28 13:57:23.008601,Bookshelf,Furniture,West,Ahmedabad,49276.67,1,0.07,Credit Card,Corporate,11746.15
ORD104779,2025-11-28 17:27:39.931986,Exam Guide,Books,South,Pune,21214.08,2,0.22,Credit Card,Corporate,2814.8
ORD104780,2025-11-28 20:57:56.855371,Jacket,Clothing,East,Bengaluru,47529.14,3,0.16,Credit Card,Home Office,4607.1
ORD104781,2025-11-29 00:28:13.778755,Exam Guide,Books,South,Pune,1963.86,3,0.17,Net Banking,Consumer,201.52
ORD104782,2025-11-29 03:58:30.702140,Exam Guide,Books,West,Jaipur,37346.66,6,0.26,Cash on Delivery,Home Office,1682.32
ORD104783,2025-11-29 07:28:47.625525,Cookware Set,Home & Kitchen,West,Chennai,32208.75,9,0.26,Credit Card,Consumer,5904.3
ORD104784,2025-11-29 10:59:04.548909,Desk,Furniture,North,Lucknow,12626.19,1,0.06,Debit Card,Corporate,2319.04
ORD104785,2025-11-29 14:29:21.472294,Smartwatch,Electronics,East,Mumbai,25464.46,6,0.2,Net Banking,Corporate,3467.25
ORD104786,2025-11-29 17:59:38.395679,Office Chair,Furniture,West,Pune,6651.78,9,0.32,UPI,Home Office,1189.94
ORD104787,2025-11-29 21:29:55.319063,Business Book,Books,East,Ahmedabad,43605.54,4,0.18,Cash on Delivery,Consumer,5764.36
ORD104788,2025-11-30 01:00:12.242448,Sofa,Furniture,South,Hyderabad,18023.32,3,0.07,Net Banking,Corporate,4810.31
ORD104789,2025-11-30 04:30:29.165833,Air Fryer,Home & Kitchen,West,Pune,31377.01,6,0.13,Credit Card,Corporate,1455.23
ORD104790,2025-11-30 08:00:46.089217,Tablet,Electronics,North,Hyderabad,8107.06,6,0.08,Debit Card,Home Office,2208.86
ORD104791,2025-11-30 11:31:03.012602,Dinner Set,Home & Kitchen,West,Lucknow,10467.01,2,0.05,UPI,Home Office,2525.4
ORD104792,2025-11-30 15:01:19.935987,Tablet,Electronics,North,Jaipur,49599.43,5,0.15,Cash on Delivery,Home Office,5848.99
ORD104793,2025-11-30 18:31:36.859371,Programming Book,Books,East,Delhi,37703.7,1,0.22,Credit Card,Consumer,5847.69
ORD104794,2025-11-30 22:01:53.782756,Headphones,Electronics,North,Bengaluru,48106.2,9,0.03,Net Banking,Consumer,12419.42
ORD104795,2025-12-01 01:32:10.706141,Headphones,Electronics,South,Hyderabad,14933.39,9,0.24,Net Banking,Corporate,1933.93
ORD104796,2025-12-01 05:02:27.629525,Tablet,Electronics,South,Hyderabad,8395.23,3,0.4,Cash on Delivery,Home Office,316.14
ORD104797,2025-12-01 08:32:44.552910,Sofa,Furniture,South,Bengaluru,25252.81,5,0.39,Debit Card,Corporate,4250.39
ORD104798,2025-12-01 12:03:01.476295,Office Chair,Furniture,West,Delhi,24834.48,3,0.33,Credit Card,Consumer,2982.63
ORD104799,2025-12-01 15:33:18.399679,Business Book,Books,South,Lucknow,8912.34,7,0.11,Cash on Delivery,Corporate,1477.64
ORD104800,2025-12-01 19:03:35.323064,Smartphone,Electronics,South,Ahmedabad,36714.33,1,0.01,Cash on Delivery,Corporate,1942.01
ORD104801,2025-12-01 22:33:52.246449,Jacket,Clothing,West,Chennai,18216.52,5,0.33,Net Banking,Home Office,915.58
ORD104802,2025-12-02 02:04:09.169833,Data Science Book,Books,East,Hyderabad,9480.99,6,0.02,Cash on Delivery,Corporate,2270.34
ORD104803,2025-12-02 05:34:26.093218,Smartwatch,Electronics,South,Delhi,16732.77,7,0.08,UPI,Home Office,2443.63
ORD104804,2025-12-02 09:04:43.016603,Laptop,Electronics,South,Delhi,28270.2,3,0.22,UPI,Corporate,6604.52
ORD104805,2025-12-02 12:34:59.939988,Bookshelf,Furniture,West,Jaipur,36378.25,7,0.07,Credit Card,Corporate,7575.59
ORD104806,2025-12-02 16:05:16.863372,Business Book,Books,East,Hyderabad,24198.17,4,0.33,Cash on Delivery,Consumer,4659.56
ORD104807,2025-12-02 19:35:33.786757,Laptop,Electronics,East,Pune,26374.63,6,0.31,Net Banking,Consumer,2180.87
ORD104808,2025-12-02 23:05:50.710142,Smartwatch,Electronics,East,Lucknow,7119.51,5,0.3,Credit Card,Corporate,468.66
ORD104809,2025-12-03 02:36:07.633526,Programming Book,Books,West,Ahmedabad,45751.61,4,0.33,Debit Card,Corporate,4418.63
ORD104810,2025-12-03 06:06:24.556911,Dress,Clothing,North,Delhi,46450.47,6,0.09,Net Banking,Home Office,4911.43
ORD104811,2025-12-03 09:36:41.480296,Programming Book,Books,North,Jaipur,34234.64,3,0.29,Debit Card,Consumer,4942.54
ORD104812,2025-12-03 13:06:58.403680,Novel,Books,South,Jaipur,1078.04,3,0.14,Credit Card,Consumer,218.9
ORD104813,2025-12-03 16:37:15.327065,Dress,Clothing,South,Bengaluru,26946.3,5,0.27,UPI,Corporate,2960.93
ORD104814,2025-12-03 20:07:32.250450,Business Book,Books,South,Hyderabad,31535.1,5,0.05,Net Banking,Home Office,2170.83
ORD104815,2025-12-03 23:37:49.173834,Tablet,Electronics,North,Delhi,49733.78,9,0.28,Net Banking,Consumer,2026.14
ORD104816,2025-12-04 03:08:06.097219,Exam Guide,Books,West,Ahmedabad,49804.13,4,0.39,Credit Card,Corporate,3174.97
ORD104817,2025-12-04 06:38:23.020604,Shoes,Clothing,South,Pune,42909.04,5,0.02,Net Banking,Corporate,9802.97
ORD104818,2025-12-04 10:08:39.943988,Coffee Maker,Home & Kitchen,West,Mumbai,3378.78,9,0.04,Net Banking,Corporate,341.84
ORD104819,2025-12-04 13:38:56.867373,Novel,Books,South,Mumbai,47673.16,4,0.05,Credit Card,Corporate,12578.87
ORD104820,2025-12-04 17:09:13.790758,Sofa,Furniture,West,Pune,30710.53,3,0.17,Cash on Delivery,Corporate,5427.04
ORD104821,2025-12-04 20:39:30.714142,Headphones,Electronics,West,Delhi,40084.16,7,0.12,Credit Card,Consumer,9366.05
ORD104822,2025-12-05 00:09:47.637527,Headphones,Electronics,North,Hyderabad,20478.2,7,0.32,Net Banking,Consumer,2039.39
ORD104823,2025-12-05 03:40:04.560912,Desk,Furniture,West,Ahmedabad,16119.54,8,0.19,Credit Card,Home Office,3863.35
ORD104824,2025-12-05 07:10:21.484296,Office Chair,Furniture,East,Bengaluru,23269.56,4,0.19,Net Banking,Corporate,4144.27
ORD104825,2025-12-05 10:40:38.407681,Programming Book,Books,North,Hyderabad,7514.35,4,0.29,Debit Card,Home Office,742.87
ORD104826,2025-12-05 14:10:55.331066,Bookshelf,Furniture,South,Chennai,17981.89,9,0.14,Debit Card,Corporate,1594.92
ORD104827,2025-12-05 17:41:12.254450,Coffee Maker,Home & Kitchen,North,Hyderabad,42909.35,7,0.14,UPI,Corporate,9839.3
ORD104828,2025-12-05 21:11:29.177835,Jeans,Clothing,East,Hyderabad,2089.93,3,0.3,Credit Card,Corporate,189.49
ORD104829,2025-12-06 00:41:46.101220,Office Chair,Furniture,East,Lucknow,7713.73,9,0.31,Credit Card,Home Office,325.16
ORD104830,2025-12-06 04:12:03.024604,Office Chair,Furniture,West,Delhi,6430.78,5,0.01,Debit Card,Corporate,761.84
ORD104831,2025-12-06 07:42:19.947989,Dinner Set,Home & Kitchen,East,Bengaluru,20273.16,4,0.06,Debit Card,Home Office,1807.78
ORD104832,2025-12-06 11:12:36.871374,Headphones,Electronics,East,Lucknow,49849.95,1,0.09,Debit Card,Consumer,5894.2
ORD104833,2025-12-06 14:42:53.794758,Smartwatch,Electronics,East,Delhi,8833.22,9,0.14,UPI,Corporate,1544.51
ORD104834,2025-12-06 18:13:10.718143,Novel,Books,East,Kolkata,7445.04,6,0.12,UPI,Home Office,1147.24
ORD104835,2025-12-06 21:43:27.641528,Mixer,Home & Kitchen,South,Bengaluru,45769.78,2,0.27,Cash on Delivery,Consumer,7608.32
ORD104836,2025-12-07 01:13:44.564912,Dress,Clothing,South,Delhi,44126.12,7,0.33,Credit Card,Corporate,3945.62
ORD104837,2025-12-07 04:44:01.488297,Jacket,Clothing,North,Mumbai,1805.57,3,0.08,UPI,Consumer,132.81
ORD104838,2025-12-07 08:14:18.411682,Air Fryer,Home & Kitchen,West,Lucknow,37634.96,6,0.23,Net Banking,Corporate,2610.04
ORD104839,2025-12-07 11:44:35.335067,Jeans,Clothing,South,Kolkata,32842.19,8,0.15,Credit Card,Home Office,6960.0
ORD104840,2025-12-07 15:14:52.258451,Laptop,Electronics,East,Bengaluru,38433.49,3,0.2,Cash on Delivery,Corporate,2290.56
ORD104841,2025-12-07 18:45:09.181836,Jeans,Clothing,West,Chennai,24826.22,5,0.25,Debit Card,Corporate,4646.19
ORD104842,2025-12-07 22:15:26.105221,Jeans,Clothing,South,Ahmedabad,49570.69,6,0.36,Cash on Delivery,Home Office,3272.69
ORD104843,2025-12-08 01:45:43.028605,Dinner Set,Home & Kitchen,North,Chennai,2383.58,1,0.08,Credit Card,Home Office,481.56
ORD104844,2025-12-08 05:15:59.951990,Air Fryer,Home & Kitchen,East,Mumbai,11871.71,7,0.03,Debit Card,Home Office,2369.6
ORD104845,2025-12-08 08:46:16.875375,Shoes,Clothing,West,Mumbai,19947.99,4,0.25,Cash on Delivery,Corporate,1115.57
ORD104846,2025-12-08 12:16:33.798759,Bookshelf,Furniture,South,Pune,22598.94,7,0.16,Cash on Delivery,Consumer,4109.2
ORD104847,2025-12-08 15:46:50.722144,Air Fryer,Home & Kitchen,West,Pune,46084.1,7,0.07,Credit Card,Home Office,6937.75
ORD104848,2025-12-08 19:17:07.645529,Exam Guide,Books,South,Chennai,28088.22,5,0.05,UPI,Consumer,6051.63
ORD104849,2025-12-08 22:47:24.568913,Business Book,Books,North,Lucknow,2446.53,8,0.22,Net Banking,Home Office,494.0
ORD104850,2025-12-09 02:17:41.492298,Laptop,Electronics,East,Hyderabad,20511.58,8,0.12,Cash on Delivery,Home Office,1080.75
ORD104851,2025-12-09 05:47:58.415683,Shoes,Clothing,North,Delhi,20941.22,5,0.4,Net Banking,Corporate,2663.61
ORD104852,2025-12-09 09:18:15.339067,Office Chair,Furniture,East,Ahmedabad,48281.45,5,0.16,Credit Card,Home Office,3092.0
ORD104853,2025-12-09 12:48:32.262452,Smartwatch,Electronics,East,Kolkata,30040.02,7,0.08,Credit Card,Consumer,3999.57
ORD104854,2025-12-09 16:18:49.185837,Jeans,Clothing,West,Ahmedabad,31855.42,6,0.25,UPI,Corporate,1270.31
ORD104855,2025-12-09 19:49:06.109221,Coffee Maker,Home & Kitchen,South,Mumbai,35720.0,4,0.1,Debit Card,Home Office,4248.71
ORD104856,2025-12-09 23:19:23.032606,Exam Guide,Books,North,Pune,38547.96,2,0.2,Net Banking,Consumer,2847.58
ORD104857,2025-12-10 02:49:39.955991,Office Chair,Furniture,North,Hyderabad,31825.54,8,0.19,Cash on Delivery,Corporate,4873.88
ORD104858,2025-12-10 06:19:56.879375,Data Science Book,Books,North,Jaipur,12012.28,3,0.18,Debit Card,Consumer,1753.98
ORD104859,2025-12-10 09:50:13.802760,Dinner Set,Home & Kitchen,West,Bengaluru,43727.49,2,0.32,Net Banking,Corporate,7383.68
ORD104860,2025-12-10 13:20:30.726145,T-Shirt,Clothing,West,Jaipur,36659.57,7,0.09,Net Banking,Corporate,7005.32
ORD104861,2025-12-10 16:50:47.649529,Mixer,Home & Kitchen,West,Jaipur,37145.15,6,0.36,Debit Card,Corporate,5435.83
ORD104862,2025-12-10 20:21:04.572914,Air Fryer,Home & Kitchen,East,Lucknow,49828.53,8,0.32,Debit Card,Home Office,2477.55
ORD104863,2025-12-10 23:51:21.496299,Novel,Books,North,Lucknow,40165.82,6,0.13,UPI,Corporate,1989.77
ORD104864,2025-12-11 03:21:38.419683,Table,Furniture,East,Pune,41491.74,7,0.07,Cash on Delivery,Home Office,11282.37
ORD104865,2025-12-11 06:51:55.343068,Air Fryer,Home & Kitchen,North,Jaipur,47579.99,2,0.11,Cash on Delivery,Home Office,6638.11
ORD104866,2025-12-11 10:22:12.266453,Data Science Book,Books,North,Kolkata,7726.47,2,0.13,Cash on Delivery,Home Office,999.86
ORD104867,2025-12-11 13:52:29.189837,Desk,Furniture,South,Mumbai,24986.82,6,0.22,Debit Card,Home Office,1145.08
ORD104868,2025-12-11 17:22:46.113222,Dress,Clothing,North,Jaipur,29112.24,9,0.02,UPI,Corporate,2274.63
ORD104869,2025-12-11 20:53:03.036607,Jacket,Clothing,West,Hyderabad,16597.93,3,0.37,Credit Card,Home Office,2981.4
ORD104870,2025-12-12 00:23:19.959992,Smartphone,Electronics,West,Bengaluru,42002.29,8,0.04,UPI,Consumer,9020.53
ORD104871,2025-12-12 03:53:36.883376,Exam Guide,Books,West,Delhi,38168.5,5,0.11,Debit Card,Consumer,5173.73
ORD104872,2025-12-12 07:23:53.806761,Sofa,Furniture,South,Pune,36099.98,6,0.04,UPI,Corporate,9569.25
ORD104873,2025-12-12 10:54:10.730146,Mixer,Home & Kitchen,South,Pune,49858.04,6,0.1,Debit Card,Home Office,8861.06
ORD104874,2025-12-12 14:24:27.653530,Jeans,Clothing,East,Chennai,13117.19,3,0.34,Net Banking,Consumer,2048.48
ORD104875,2025-12-12 17:54:44.576915,Office Chair,Furniture,North,Hyderabad,36825.77,5,0.25,Net Banking,Consumer,4361.09
ORD104876,2025-12-12 21:25:01.500300,Business Book,Books,North,Lucknow,27659.94,1,0.09,Credit Card,Home Office,3973.98
ORD104877,2025-12-13 00:55:18.423684,Headphones,Electronics,West,Mumbai,15786.86,2,0.35,Net Banking,Home Office,688.42
ORD104878,2025-12-13 04:25:35.347069,Jacket,Clothing,West,Kolkata,8197.23,3,0.32,Credit Card,Corporate,1301.52
ORD104879,2025-12-13 07:55:52.270454,Table,Furniture,West,Hyderabad,44815.02,4,0.3,Cash on Delivery,Consumer,2345.87
ORD104880,2025-12-13 11:26:09.193838,Desk,Furniture,West,Ahmedabad,29853.68,9,0.34,Debit Card,Corporate,4749.84
ORD104881,2025-12-13 14:56:26.117223,Desk,Furniture,West,Delhi,41281.71,1,0.25,Cash on Delivery,Consumer,3025.37
ORD104882,2025-12-13 18:26:43.040608,Exam Guide,Books,West,Bengaluru,27358.18,3,0.2,Cash on Delivery,Home Office,2447.83
ORD104883,2025-12-13 21:56:59.963992,Programming Book,Books,North,Chennai,11154.86,3,0.15,Credit Card,Consumer,2649.85
ORD104884,2025-12-14 01:27:16.887377,Data Science Book,Books,South,Hyderabad,17009.93,6,0.09,Debit Card,Consumer,2598.81
ORD104885,2025-12-14 04:57:33.810762,Air Fryer,Home & Kitchen,West,Chennai,19200.63,5,0.22,Credit Card,Consumer,1217.75
ORD104886,2025-12-14 08:27:50.734146,Desk,Furniture,North,Delhi,48652.15,3,0.36,UPI,Home Office,8602.33
ORD104887,2025-12-14 11:58:07.657531,Jeans,Clothing,West,Jaipur,480.54,4,0.24,Cash on Delivery,Home Office,59.57
ORD104888,2025-12-14 15:28:24.580916,Exam Guide,Books,East,Chennai,49286.17,7,0.37,Debit Card,Consumer,2565.93
ORD104889,2025-12-14 18:58:41.504300,Business Book,Books,East,Pune,49026.99,3,0.14,Cash on Delivery,Consumer,6227.75
ORD104890,2025-12-14 22:28:58.427685,Office Chair,Furniture,North,Lucknow,49808.31,9,0.28,UPI,Home Office,7076.73
ORD104891,2025-12-15 01:59:15.351070,Business Book,Books,South,Jaipur,23934.09,8,0.26,UPI,Home Office,2489.94
ORD104892,2025-12-15 05:29:32.274454,Coffee Maker,Home & Kitchen,East,Hyderabad,48197.69,2,0.27,Debit Card,Home Office,9889.66
ORD104893,2025-12-15 08:59:49.197839,Cookware Set,Home & Kitchen,East,Bengaluru,19900.84,5,0.26,Debit Card,Consumer,1729.21
ORD104894,2025-12-15 12:30:06.121224,Novel,Books,South,Pune,1509.46,4,0.09,UPI,Corporate,129.06
ORD104895,2025-12-15 16:00:23.044608,Desk,Furniture,East,Delhi,11372.49,5,0.06,Cash on Delivery,Corporate,1125.01
ORD104896,2025-12-15 19:30:39.967993,Sofa,Furniture,West,Jaipur,47275.75,3,0.39,Net Banking,Home Office,2045.71
ORD104897,2025-12-15 23:00:56.891378,Office Chair,Furniture,South,Pune,885.48,1,0.02,Cash on Delivery,Corporate,141.51
ORD104898,2025-12-16 02:31:13.814762,Smartphone,Electronics,East,Lucknow,27390.51,8,0.19,Net Banking,Consumer,5981.06
ORD104899,2025-12-16 06:01:30.738147,Data Science Book,Books,South,Jaipur,3964.96,9,0.17,Credit Card,Corporate,415.76
ORD104900,2025-12-16 09:31:47.661532,Office Chair,Furniture,West,Mumbai,14462.55,8,0.14,Debit Card,Corporate,1425.18
ORD104901,2025-12-16 13:02:04.584916,Air Fryer,Home & Kitchen,East,Mumbai,4587.02,4,0.31,UPI,Corporate,820.84
ORD104902,2025-12-16 16:32:21.508301,T-Shirt,Clothing,North,Jaipur,43004.53,2,0.3,Credit Card,Home Office,3808.01
ORD104903,2025-12-16 20:02:38.431686,Jeans,Clothing,East,Jaipur,29635.32,4,0.36,Cash on Delivery,Consumer,3209.59
ORD104904,2025-12-16 23:32:55.355071,Table,Furniture,East,Mumbai,45124.9,9,0.16,Net Banking,Home Office,2191.27
ORD104905,2025-12-17 03:03:12.278455,Jeans,Clothing,West,Hyderabad,34479.99,9,0.23,Debit Card,Corporate,3232.89
ORD104906,2025-12-17 06:33:29.201840,Shoes,Clothing,North,Chennai,48557.25,5,0.36,Net Banking,Home Office,2568.17
ORD104907,2025-12-17 10:03:46.125225,Smartwatch,Electronics,North,Bengaluru,25591.91,5,0.4,Cash on Delivery,Consumer,1174.08
ORD104908,2025-12-17 13:34:03.048609,Mixer,Home & Kitchen,North,Pune,32007.79,3,0.39,Cash on Delivery,Consumer,3082.07
ORD104909,2025-12-17 17:04:19.971994,Coffee Maker,Home & Kitchen,West,Pune,28900.18,6,0.29,UPI,Consumer,2448.61
ORD104910,2025-12-17 20:34:36.895379,Smartphone,Electronics,West,Delhi,24316.17,7,0.06,Credit Card,Consumer,2093.99
ORD104911,2025-12-18 00:04:53.818763,Headphones,Electronics,West,Bengaluru,42328.78,9,0.01,Debit Card,Corporate,7453.79
ORD104912,2025-12-18 03:35:10.742148,Jeans,Clothing,West,Kolkata,32297.35,7,0.33,UPI,Corporate,5323.49
ORD104913,2025-12-18 07:05:27.665533,Programming Book,Books,West,Mumbai,40105.35,3,0.34,Net Banking,Corporate,6186.32
ORD104914,2025-12-18 10:35:44.588917,Shoes,Clothing,North,Kolkata,39360.92,7,0.3,Credit Card,Corporate,3104.93
ORD104915,2025-12-18 14:06:01.512302,Headphones,Electronics,South,Lucknow,9714.05,1,0.11,Debit Card,Corporate,1001.01
ORD104916,2025-12-18 17:36:18.435687,Dinner Set,Home & Kitchen,West,Bengaluru,32578.14,2,0.26,Net Banking,Home Office,5616.53
ORD104917,2025-12-18 21:06:35.359071,Jacket,Clothing,South,Ahmedabad,10142.47,4,0.13,Debit Card,Consumer,1670.3
ORD104918,2025-12-19 00:36:52.282456,Data Science Book,Books,East,Delhi,29249.36,7,0.18,Debit Card,Corporate,5650.84
ORD104919,2025-12-19 04:07:09.205841,Jeans,Clothing,East,Jaipur,33936.25,9,0.15,Credit Card,Consumer,1452.14
ORD104920,2025-12-19 07:37:26.129225,Table,Furniture,West,Lucknow,49862.31,5,0.37,Net Banking,Consumer,2254.99
ORD104921,2025-12-19 11:07:43.052610,T-Shirt,Clothing,East,Chennai,1720.99,8,0.09,UPI,Corporate,392.3
ORD104922,2025-12-19 14:37:59.975995,Laptop,Electronics,South,Ahmedabad,4743.87,7,0.23,UPI,Corporate,959.88
ORD104923,2025-12-19 18:08:16.899379,Air Fryer,Home & Kitchen,East,Bengaluru,4035.93,5,0.14,UPI,Consumer,471.56
ORD104924,2025-12-19 21:38:33.822764,Air Fryer,Home & Kitchen,East,Bengaluru,20038.39,3,0.27,Debit Card,Consumer,4236.04
ORD104925,2025-12-20 01:08:50.746149,Smartwatch,Electronics,South,Kolkata,41115.1,3,0.23,Cash on Delivery,Consumer,3969.75
ORD104926,2025-12-20 04:39:07.669533,Table,Furniture,East,Hyderabad,42234.01,6,0.37,Credit Card,Home Office,7252.41
ORD104927,2025-12-20 08:09:24.592918,Headphones,Electronics,West,Kolkata,36901.58,4,0.04,UPI,Home Office,5506.09
ORD104928,2025-12-20 11:39:41.516303,Shoes,Clothing,South,Pune,44864.54,3,0.09,Credit Card,Consumer,7775.54
ORD104929,2025-12-20 15:09:58.439687,Tablet,Electronics,South,Kolkata,16278.43,4,0.31,Debit Card,Home Office,2367.93
ORD104930,2025-12-20 18:40:15.363072,Laptop,Electronics,North,Hyderabad,4590.1,3,0.15,Credit Card,Consumer,324.91
ORD104931,2025-12-20 22:10:32.286457,Sofa,Furniture,North,Chennai,3096.02,6,0.07,UPI,Consumer,170.68
ORD104932,2025-12-21 01:40:49.209841,Dress,Clothing,South,Lucknow,42636.21,7,0.2,UPI,Corporate,5344.88
ORD104933,2025-12-21 05:11:06.133226,Business Book,Books,South,Mumbai,36575.73,4,0.26,Debit Card,Consumer,2438.36
ORD104934,2025-12-21 08:41:23.056611,Data Science Book,Books,North,Bengaluru,34991.04,3,0.02,Debit Card,Corporate,6420.46
ORD104935,2025-12-21 12:11:39.979996,Cookware Set,Home & Kitchen,West,Jaipur,17115.88,3,0.12,Net Banking,Corporate,2461.28
ORD104936,2025-12-21 15:41:56.903380,Laptop,Electronics,East,Kolkata,19119.28,3,0.32,Debit Card,Consumer,1046.91
ORD104937,2025-12-21 19:12:13.826765,Air Fryer,Home & Kitchen,East,Ahmedabad,47914.05,9,0.21,Cash on Delivery,Home Office,8192.95
ORD104938,2025-12-21 22:42:30.750150,Bookshelf,Furniture,East,Chennai,3377.48,3,0.01,Cash on Delivery,Consumer,184.32
ORD104939,2025-12-22 02:12:47.673534,Exam Guide,Books,South,Delhi,38731.84,3,0.11,UPI,Consumer,2812.72
ORD104940,2025-12-22 05:43:04.596919,Smartwatch,Electronics,West,Bengaluru,15619.74,8,0.26,Debit Card,Home Office,2601.16
ORD104941,2025-12-22 09:13:21.520304,Office Chair,Furniture,North,Hyderabad,2144.92,4,0.08,Cash on Delivery,Corporate,359.07
ORD104942,2025-12-22 12:43:38.443688,Bookshelf,Furniture,West,Pune,37179.99,7,0.33,Cash on Delivery,Home Office,3001.31
ORD104943,2025-12-22 16:13:55.367073,Tablet,Electronics,West,Hyderabad,16679.41,3,0.27,Net Banking,Consumer,1157.47
ORD104944,2025-12-22 19:44:12.290458,Office Chair,Furniture,East,Kolkata,36162.95,8,0.19,Debit Card,Consumer,6168.04
ORD104945,2025-12-22 23:14:29.213842,Smartwatch,Electronics,North,Lucknow,35441.19,3,0.37,Net Banking,Home Office,2264.04
ORD104946,2025-12-23 02:44:46.137227,Headphones,Electronics,West,Pune,26832.39,5,0.16,Credit Card,Home Office,6675.05
ORD104947,2025-12-23 06:15:03.060612,Jacket,Clothing,North,Ahmedabad,38913.18,1,0.09,Net Banking,Home Office,9466.34
ORD104948,2025-12-23 09:45:19.983996,Air Fryer,Home & Kitchen,South,Hyderabad,29135.71,5,0.26,Credit Card,Corporate,1790.37
ORD104949,2025-12-23 13:15:36.907381,Office Chair,Furniture,East,Ahmedabad,14474.52,6,0.23,Credit Card,Home Office,2951.16
ORD104950,2025-12-23 16:45:53.830766,Office Chair,Furniture,North,Delhi,36758.94,7,0.13,Debit Card,Consumer,4357.65
ORD104951,2025-12-23 20:16:10.754150,T-Shirt,Clothing,South,Ahmedabad,29539.16,2,0.14,Credit Card,Home Office,4382.02
ORD104952,2025-12-23 23:46:27.677535,T-Shirt,Clothing,South,Bengaluru,833.82,2,0.16,Credit Card,Consumer,60.03
ORD104953,2025-12-24 03:16:44.600920,Dress,Clothing,South,Chennai,45101.88,9,0.12,Net Banking,Corporate,3161.01
ORD104954,2025-12-24 06:47:01.524304,Novel,Books,West,Pune,27373.05,1,0.28,Debit Card,Corporate,5249.84
ORD104955,2025-12-24 10:17:18.447689,Exam Guide,Books,West,Bengaluru,43457.64,2,0.26,Debit Card,Home Office,6672.13
ORD104956,2025-12-24 13:47:35.371074,Data Science Book,Books,East,Jaipur,44160.29,2,0.18,Credit Card,Consumer,5979.06
ORD104957,2025-12-24 17:17:52.294458,Tablet,Electronics,East,Hyderabad,22359.34,7,0.16,Net Banking,Corporate,1108.9
ORD104958,2025-12-24 20:48:09.217843,Sofa,Furniture,South,Hyderabad,25481.47,6,0.15,Net Banking,Home Office,6075.21
ORD104959,2025-12-25 00:18:26.141228,Mixer,Home & Kitchen,East,Jaipur,20904.57,9,0.11,Net Banking,Corporate,2679.54
ORD104960,2025-12-25 03:48:43.064612,Smartwatch,Electronics,West,Ahmedabad,22581.95,7,0.03,Net Banking,Home Office,3376.85
ORD104961,2025-12-25 07:18:59.987997,Sofa,Furniture,East,Bengaluru,44778.33,3,0.11,UPI,Consumer,4880.06
ORD104962,2025-12-25 10:49:16.911382,Bookshelf,Furniture,North,Pune,39449.57,3,0.13,Credit Card,Home Office,9363.58
ORD104963,2025-12-25 14:19:33.834766,T-Shirt,Clothing,West,Pune,6500.98,1,0.22,Credit Card,Consumer,690.37
ORD104964,2025-12-25 17:49:50.758151,Shoes,Clothing,South,Jaipur,30593.33,8,0.31,Credit Card,Corporate,1975.04
ORD104965,2025-12-25 21:20:07.681536,Headphones,Electronics,South,Hyderabad,49796.15,1,0.16,Debit Card,Consumer,7325.86
ORD104966,2025-12-26 00:50:24.604920,T-Shirt,Clothing,East,Jaipur,29858.42,2,0.38,Debit Card,Consumer,4542.4
ORD104967,2025-12-26 04:20:41.528305,Desk,Furniture,West,Delhi,39336.41,7,0.33,Net Banking,Corporate,3764.46
ORD104968,2025-12-26 07:50:58.451690,Jacket,Clothing,South,Delhi,38499.26,1,0.39,Debit Card,Consumer,5002.48
ORD104969,2025-12-26 11:21:15.375075,Exam Guide,Books,South,Delhi,17645.81,4,0.35,Cash on Delivery,Consumer,1445.84
ORD104970,2025-12-26 14:51:32.298459,T-Shirt,Clothing,West,Mumbai,18718.1,9,0.25,Credit Card,Home Office,3228.04
ORD104971,2025-12-26 18:21:49.221844,Sofa,Furniture,West,Chennai,36259.01,8,0.24,Credit Card,Consumer,5984.82
ORD104972,2025-12-26 21:52:06.145229,Smartwatch,Electronics,South,Lucknow,25099.18,8,0.05,UPI,Home Office,5250.23
ORD104973,2025-12-27 01:22:23.068613,Dinner Set,Home & Kitchen,East,Kolkata,28614.42,3,0.29,UPI,Consumer,4296.42
ORD104974,2025-12-27 04:52:39.991998,Dress,Clothing,East,Mumbai,35702.71,5,0.24,Cash on Delivery,Corporate,2417.05
ORD104975,2025-12-27 08:22:56.915383,Sofa,Furniture,East,Pune,38923.24,4,0.2,UPI,Consumer,8469.63
ORD104976,2025-12-27 11:53:13.838767,Mixer,Home & Kitchen,North,Ahmedabad,13721.53,8,0.28,Net Banking,Consumer,1940.71
ORD104977,2025-12-27 15:23:30.762152,Air Fryer,Home & Kitchen,West,Hyderabad,7510.33,7,0.18,Net Banking,Consumer,896.65
ORD104978,2025-12-27 18:53:47.685537,Exam Guide,Books,South,Ahmedabad,14731.37,7,0.21,Credit Card,Home Office,1083.29
ORD104979,2025-12-27 22:24:04.608921,Dinner Set,Home & Kitchen,North,Jaipur,25475.41,7,0.16,Net Banking,Corporate,5262.0
ORD104980,2025-12-28 01:54:21.532306,Table,Furniture,East,Hyderabad,17238.64,1,0.29,UPI,Corporate,2169.59
ORD104981,2025-12-28 05:24:38.455691,Desk,Furniture,North,Kolkata,28504.47,7,0.35,Cash on Delivery,Consumer,1608.65
ORD104982,2025-12-28 08:54:55.379075,T-Shirt,Clothing,South,Kolkata,2862.59,4,0.34,Net Banking,Consumer,529.68
ORD104983,2025-12-28 12:25:12.302460,T-Shirt,Clothing,South,Bengaluru,25585.57,3,0.31,Credit Card,Home Office,1350.9
ORD104984,2025-12-28 15:55:29.225845,T-Shirt,Clothing,West,Ahmedabad,18525.65,5,0.01,Credit Card,Corporate,3320.63
ORD104985,2025-12-28 19:25:46.149229,Mixer,Home & Kitchen,East,Lucknow,26826.4,2,0.36,UPI,Consumer,3479.2
ORD104986,2025-12-28 22:56:03.072614,Mixer,Home & Kitchen,East,Kolkata,21242.16,8,0.11,Net Banking,Consumer,5666.86
ORD104987,2025-12-29 02:26:19.995999,Business Book,Books,North,Chennai,14354.45,9,0.36,UPI,Corporate,782.99
ORD104988,2025-12-29 05:56:36.919383,Dress,Clothing,East,Bengaluru,45224.57,5,0.08,Credit Card,Consumer,8462.37
ORD104989,2025-12-29 09:26:53.842768,Smartwatch,Electronics,North,Lucknow,9401.3,3,0.18,Cash on Delivery,Consumer,1304.21
ORD104990,2025-12-29 12:57:10.766153,Novel,Books,South,Hyderabad,34132.01,7,0.3,Net Banking,Corporate,2730.39
ORD104991,2025-12-29 16:27:27.689537,Headphones,Electronics,South,Ahmedabad,46247.31,1,0.26,Cash on Delivery,Home Office,9772.47
ORD104992,2025-12-29 19:57:44.612922,Dinner Set,Home & Kitchen,South,Ahmedabad,27025.76,3,0.17,Net Banking,Consumer,5556.5
ORD104993,2025-12-29 23:28:01.536307,Novel,Books,South,Lucknow,43845.14,9,0.27,Credit Card,Consumer,7818.16
ORD104994,2025-12-30 02:58:18.459691,Business Book,Books,South,Lucknow,6417.6,2,0.22,Net Banking,Corporate,1375.56
ORD104995,2025-12-30 06:28:35.383076,Bookshelf,Furniture,North,Kolkata,24790.68,9,0.11,Credit Card,Corporate,5102.47
ORD104996,2025-12-30 09:58:52.306461,Cookware Set,Home & Kitchen,South,Hyderabad,22959.86,1,0.26,Debit Card,Home Office,3001.93
ORD104997,2025-12-30 13:29:09.229845,Air Fryer,Home & Kitchen,North,Bengaluru,604.32,4,0.08,Credit Card,Home Office,82.22
ORD104998,2025-12-30 16:59:26.153230,Novel,Books,South,Chennai,22274.22,6,0.28,Credit Card,Consumer,3625.0
ORD104999,2025-12-30 20:29:43.076615,Coffee Maker,Home & Kitchen,North,Pune,18577.68,7,0.0,Net Banking,Home Office,3728.6
ORD105000,2025-12-31 00:00:00.000000,Data Science Book,Books,North,Pune,33555.98,3,0.22,Cash on Delivery,Home Office,4860.95
